funding_time,current_funding_rate
2023-10-16 05:00:00-03:00,0.00000028
2023-10-16 13:00:00-03:00,0.00009644
2023-10-16 21:00:00-03:00,0.00000204
2023-10-17 05:00:00-03:00,0.00001493
2023-10-17 13:00:00-03:00,-0.00002311
2023-10-17 21:00:00-03:00,-0.00003343
2023-10-18 05:00:00-03:00,-0.00001216
2023-10-18 13:00:00-03:00,0.00001644
2023-10-18 21:00:00-03:00,-0.00001028
2023-10-19 05:00:00.001000-03:00,-0.00000624
2023-10-19 13:00:00-03:00,-0.00011006
2023-10-19 21:00:00-03:00,-0.00009272
2023-10-20 05:00:00.005000-03:00,0.00001938
2023-10-20 13:00:00-03:00,0.00002687
2023-10-20 21:00:00-03:00,-0.00001585
2023-10-21 05:00:00-03:00,0.00004374
2023-10-21 13:00:00-03:00,0.00005827
2023-10-21 21:00:00-03:00,0.00002567
2023-10-22 05:00:00-03:00,0.00002579
2023-10-22 13:00:00-03:00,0.00003115
2023-10-22 21:00:00-03:00,0.00008250
2023-10-23 05:00:00.001000-03:00,0.00009590
2023-10-23 13:00:00.001000-03:00,0.00000648
2023-10-23 21:00:00-03:00,0.00010000
2023-10-24 05:00:00-03:00,0.00010000
2023-10-24 13:00:00-03:00,0.00010000
2023-10-24 21:00:00-03:00,0.00010000
2023-10-25 05:00:00-03:00,0.00010000
2023-10-25 13:00:00.001000-03:00,0.00010000
2023-10-25 21:00:00.001000-03:00,0.00010000
2023-10-26 05:00:00-03:00,0.00010000
2023-10-26 13:00:00-03:00,0.00010000
2023-10-26 21:00:00-03:00,0.00010000
2023-10-27 05:00:00-03:00,0.00010000
2023-10-27 13:00:00-03:00,0.00010000
2023-10-27 21:00:00-03:00,0.00010000
2023-10-28 05:00:00.001000-03:00,0.00010000
2023-10-28 13:00:00-03:00,0.00010000
2023-10-28 21:00:00-03:00,0.00010000
2023-10-29 05:00:00-03:00,0.00010000
2023-10-29 13:00:00-03:00,0.00010000
2023-10-29 21:00:00-03:00,0.00010000
2023-10-30 05:00:00-03:00,0.00010000
2023-10-30 13:00:00-03:00,0.00010000
2023-10-30 21:00:00.001000-03:00,0.00010000
2023-10-31 05:00:00-03:00,0.00010000
2023-10-31 13:00:00-03:00,0.00010000
2023-10-31 21:00:00-03:00,0.00010000
2023-11-01 05:00:00-03:00,0.00010000
2023-11-01 13:00:00-03:00,0.00010000
2023-11-01 21:00:00.001000-03:00,0.00010000
2023-11-02 05:00:00-03:00,0.00010000
2023-11-02 13:00:00-03:00,0.00010000
2023-11-02 21:00:00-03:00,0.00010000
2023-11-03 05:00:00-03:00,0.00010000
2023-11-03 13:00:00-03:00,0.00010000
2023-11-03 21:00:00-03:00,0.00010000
2023-11-04 05:00:00-03:00,0.00010000
2023-11-04 13:00:00-03:00,0.00010000
2023-11-04 21:00:00-03:00,0.00010000
2023-11-05 05:00:00-03:00,0.00010000
2023-11-05 13:00:00-03:00,0.00010000
2023-11-05 21:00:00-03:00,0.00010000
2023-11-06 05:00:00.001000-03:00,0.00010000
2023-11-06 13:00:00-03:00,0.00010000
2023-11-06 21:00:00.001000-03:00,0.00010000
2023-11-07 05:00:00-03:00,0.00010000
2023-11-07 13:00:00-03:00,0.00010000
2023-11-07 21:00:00-03:00,0.00010000
2023-11-08 05:00:00-03:00,0.00010000
2023-11-08 13:00:00-03:00,0.00010000
2023-11-08 21:00:00-03:00,0.00010000
2023-11-09 05:00:00-03:00,0.00010000
2023-11-09 13:00:00-03:00,0.00020027
2023-11-09 21:00:00-03:00,0.00010000
2023-11-10 05:00:00-03:00,0.00011682
2023-11-10 13:00:00-03:00,0.00010000
2023-11-10 21:00:00-03:00,0.00010000
2023-11-11 05:00:00-03:00,0.00016607
2023-11-11 13:00:00-03:00,0.00014648
2023-11-11 21:00:00-03:00,0.00015430
2023-11-12 05:00:00-03:00,0.00023487
2023-11-12 13:00:00.001000-03:00,0.00027221
2023-11-12 21:00:00-03:00,0.00032467
2023-11-13 05:00:00-03:00,0.00010893
2023-11-13 13:00:00-03:00,0.00020492
2023-11-13 21:00:00-03:00,0.00017382
2023-11-14 05:00:00-03:00,0.00016369
2023-11-14 13:00:00.001000-03:00,0.00014477
2023-11-14 21:00:00-03:00,0.00010000
2023-11-15 05:00:00-03:00,0.00010000
2023-11-15 13:00:00-03:00,0.00010000
2023-11-15 21:00:00-03:00,0.00010000
2023-11-16 05:00:00-03:00,0.00015199
2023-11-16 13:00:00.001000-03:00,0.00012014
2023-11-16 21:00:00-03:00,0.00010000
2023-11-17 05:00:00.001000-03:00,0.00010000
2023-11-17 13:00:00.001000-03:00,0.00010000
2023-11-17 21:00:00-03:00,0.00010000
2023-11-18 05:00:00-03:00,0.00010000
2023-11-18 13:00:00-03:00,0.00010000
2023-11-18 21:00:00-03:00,0.00010000
2023-11-19 05:00:00-03:00,0.00010000
2023-11-19 13:00:00-03:00,0.00010000
2023-11-19 21:00:00-03:00,0.00010000
2023-11-20 05:00:00-03:00,0.00010000
2023-11-20 13:00:00-03:00,0.00010000
2023-11-20 21:00:00-03:00,0.00010000
2023-11-21 05:00:00-03:00,0.00010000
2023-11-21 13:00:00-03:00,0.00010000
2023-11-21 21:00:00-03:00,0.00010000
2023-11-22 05:00:00-03:00,0.00010000
2023-11-22 13:00:00-03:00,0.00010000
2023-11-22 21:00:00-03:00,0.00010000
2023-11-23 05:00:00-03:00,0.00010000
2023-11-23 13:00:00.001000-03:00,0.00010000
2023-11-23 21:00:00-03:00,0.00010000
2023-11-24 05:00:00-03:00,0.00010000
2023-11-24 13:00:00-03:00,0.00010000
2023-11-24 21:00:00-03:00,0.00010000
2023-11-25 05:00:00-03:00,0.00010000
2023-11-25 13:00:00-03:00,0.00010000
2023-11-25 21:00:00-03:00,0.00010000
2023-11-26 05:00:00-03:00,0.00010000
2023-11-26 13:00:00-03:00,0.00010000
2023-11-26 21:00:00-03:00,0.00010000
2023-11-27 05:00:00.001000-03:00,0.00010000
2023-11-27 13:00:00-03:00,0.00010000
2023-11-27 21:00:00-03:00,0.00010000
2023-11-28 05:00:00-03:00,0.00010000
2023-11-28 13:00:00-03:00,0.00010000
2023-11-28 21:00:00.001000-03:00,0.00010000
2023-11-29 05:00:00-03:00,0.00010000
2023-11-29 13:00:00-03:00,0.00010000
2023-11-29 21:00:00-03:00,0.00010000
2023-11-30 05:00:00-03:00,0.00010000
2023-11-30 13:00:00-03:00,0.00010000
2023-11-30 21:00:00-03:00,0.00010000
2023-12-01 05:00:00-03:00,0.00010000
2023-12-01 13:00:00-03:00,0.00010000
2023-12-01 21:00:00-03:00,0.00009950
2023-12-02 05:00:00-03:00,0.00006973
2023-12-02 13:00:00-03:00,0.00008541
2023-12-02 21:00:00-03:00,0.00010000
2023-12-03 05:00:00-03:00,0.00010000
2023-12-03 13:00:00-03:00,0.00010000
2023-12-03 21:00:00-03:00,0.00010000
2023-12-04 05:00:00-03:00,0.00010000
2023-12-04 13:00:00-03:00,0.00010000
2023-12-04 21:00:00-03:00,0.00010000
2023-12-05 05:00:00-03:00,0.00010000
2023-12-05 13:00:00-03:00,0.00010000
2023-12-05 21:00:00-03:00,0.00010000
2023-12-06 05:00:00-03:00,0.00010000
2023-12-06 13:00:00-03:00,0.00010000
2023-12-06 21:00:00-03:00,0.00010000
2023-12-07 05:00:00-03:00,0.00010000
2023-12-07 13:00:00-03:00,0.00010000
2023-12-07 21:00:00-03:00,0.00010000
2023-12-08 05:00:00-03:00,0.00023288
2023-12-08 13:00:00-03:00,0.00020242
2023-12-08 21:00:00-03:00,0.00011504
2023-12-09 05:00:00-03:00,0.00030159
2023-12-09 13:00:00-03:00,0.00017192
2023-12-09 21:00:00-03:00,0.00020724
2023-12-10 05:00:00-03:00,0.00020383
2023-12-10 13:00:00-03:00,0.00023923
2023-12-10 21:00:00-03:00,0.00014730
2023-12-11 05:00:00-03:00,0.00010000
2023-12-11 13:00:00-03:00,0.00010000
2023-12-11 21:00:00-03:00,0.00010000
2023-12-12 05:00:00-03:00,0.00010000
2023-12-12 13:00:00-03:00,0.00010000
2023-12-12 21:00:00-03:00,0.00011909
2023-12-13 05:00:00-03:00,0.00010162
2023-12-13 13:00:00.001000-03:00,0.00012601
2023-12-13 21:00:00-03:00,0.00010000
2023-12-14 05:00:00-03:00,0.00010000
2023-12-14 13:00:00-03:00,0.00010000
2023-12-14 21:00:00-03:00,0.00010000
2023-12-15 05:00:00-03:00,0.00010000
2023-12-15 13:00:00-03:00,0.00010000
2023-12-15 21:00:00-03:00,0.00010000
2023-12-16 05:00:00-03:00,0.00010000
2023-12-16 13:00:00.001000-03:00,0.00010000
2023-12-16 21:00:00-03:00,0.00010000
2023-12-17 05:00:00-03:00,0.00010000
2023-12-17 13:00:00-03:00,0.00010000
2023-12-17 21:00:00-03:00,0.00013355
2023-12-18 05:00:00.001000-03:00,0.00010000
2023-12-18 13:00:00-03:00,0.00015611
2023-12-18 21:00:00-03:00,0.00010000
2023-12-19 05:00:00-03:00,0.00010000
2023-12-19 13:00:00-03:00,0.00010000
2023-12-19 21:00:00-03:00,0.00010506
2023-12-20 05:00:00-03:00,0.00010000
2023-12-20 13:00:00-03:00,0.00023637
2023-12-20 21:00:00-03:00,0.00027143
2023-12-21 05:00:00-03:00,0.00029216
2023-12-21 13:00:00-03:00,0.00028948
2023-12-21 21:00:00-03:00,0.00030806
2023-12-22 05:00:00-03:00,0.00029610
2023-12-22 13:00:00-03:00,0.00018011
2023-12-22 21:00:00-03:00,0.00016285
2023-12-23 05:00:00.001000-03:00,0.00010000
2023-12-23 13:00:00-03:00,0.00015066
2023-12-23 21:00:00-03:00,0.00010000
2023-12-24 05:00:00-03:00,0.00020790
2023-12-24 13:00:00-03:00,0.00019729
2023-12-24 21:00:00-03:00,0.00010000
2023-12-25 05:00:00-03:00,0.00010000
2023-12-25 13:00:00-03:00,0.00037908
2023-12-25 21:00:00-03:00,0.00043391
2023-12-26 05:00:00-03:00,0.00023757
2023-12-26 13:00:00-03:00,0.00029559
2023-12-26 21:00:00-03:00,0.00027621
2023-12-27 05:00:00-03:00,0.00037942
2023-12-27 13:00:00-03:00,0.00032304
2023-12-27 21:00:00-03:00,0.00013021
2023-12-28 05:00:00-03:00,0.00037879
2023-12-28 13:00:00-03:00,0.00050152
2023-12-28 21:00:00.001000-03:00,0.00055170
2023-12-29 05:00:00-03:00,0.00049912
2023-12-29 13:00:00-03:00,0.00047082
2023-12-29 21:00:00.001000-03:00,0.00033033
2023-12-30 05:00:00-03:00,0.00043580
2023-12-30 13:00:00-03:00,0.00037842
2023-12-30 21:00:00-03:00,0.00027855
2023-12-31 05:00:00.001000-03:00,0.00034573
2023-12-31 13:00:00-03:00,0.00033597
2023-12-31 21:00:00-03:00,0.00037409
2024-01-01 05:00:00-03:00,0.00027213
2024-01-01 13:00:00-03:00,0.00033601
2024-01-01 21:00:00-03:00,0.00065846
2024-01-02 05:00:00-03:00,0.00035179
2024-01-02 13:00:00-03:00,0.00053730
2024-01-02 21:00:00-03:00,0.00021159
2024-01-03 05:00:00-03:00,0.00017123
2024-01-03 13:00:00-03:00,0.00010000
2024-01-03 21:00:00-03:00,0.00010000
2024-01-04 05:00:00-03:00,0.00010000
2024-01-04 13:00:00-03:00,0.00010000
2024-01-04 21:00:00.001000-03:00,0.00010000
2024-01-05 05:00:00-03:00,0.00010000
2024-01-05 13:00:00-03:00,0.00010000
2024-01-05 21:00:00-03:00,0.00010000
2024-01-06 05:00:00-03:00,0.00010000
2024-01-06 13:00:00-03:00,0.00010000
2024-01-06 21:00:00-03:00,0.00010000
2024-01-07 05:00:00.001000-03:00,0.00010000
2024-01-07 13:00:00.001000-03:00,0.00010000
2024-01-07 21:00:00-03:00,0.00010000
2024-01-08 05:00:00-03:00,0.00010000
2024-01-08 13:00:00-03:00,0.00010000
2024-01-08 21:00:00.001000-03:00,0.00010000
2024-01-09 05:00:00-03:00,0.00010000
2024-01-09 13:00:00-03:00,0.00010000
2024-01-09 21:00:00-03:00,0.00010000
2024-01-10 05:00:00-03:00,0.00010000
2024-01-10 13:00:00-03:00,0.00010000
2024-01-10 21:00:00-03:00,0.00010000
2024-01-11 05:00:00-03:00,0.00010000
2024-01-11 13:00:00-03:00,0.00010000
2024-01-11 21:00:00.001000-03:00,0.00010000
2024-01-12 05:00:00-03:00,0.00010000
2024-01-12 13:00:00-03:00,0.00010000
2024-01-12 21:00:00-03:00,0.00010000
2024-01-13 05:00:00-03:00,0.00010000
2024-01-13 13:00:00.001000-03:00,0.00010000
2024-01-13 21:00:00-03:00,0.00010000
2024-01-14 05:00:00-03:00,0.00010000
2024-01-14 13:00:00.001000-03:00,0.00010000
2024-01-14 21:00:00-03:00,0.00010000
2024-01-15 05:00:00-03:00,0.00010000
2024-01-15 13:00:00-03:00,0.00010000
2024-01-15 21:00:00-03:00,0.00010000
2024-01-16 05:00:00-03:00,0.00010000
2024-01-16 13:00:00.001000-03:00,0.00010000
2024-01-16 21:00:00-03:00,0.00010000
2024-01-17 05:00:00-03:00,0.00010000
2024-01-17 13:00:00-03:00,0.00010000
2024-01-17 21:00:00.001000-03:00,0.00010000
2024-01-18 05:00:00-03:00,0.00010000
2024-01-18 13:00:00-03:00,0.00010000
2024-01-18 21:00:00-03:00,0.00010000
2024-01-19 05:00:00-03:00,0.00010000
2024-01-19 13:00:00.002000-03:00,0.00010000
2024-01-19 21:00:00-03:00,0.00010000
2024-01-20 05:00:00.003000-03:00,0.00010000
2024-01-20 13:00:00-03:00,0.00010000
2024-01-20 21:00:00-03:00,0.00010000
2024-01-21 05:00:00-03:00,0.00010000
2024-01-21 13:00:00-03:00,0.00010000
2024-01-21 21:00:00-03:00,0.00010000
2024-01-22 05:00:00-03:00,0.00010000
2024-01-22 13:00:00-03:00,0.00010000
2024-01-22 21:00:00-03:00,0.00010000
2024-01-23 05:00:00-03:00,0.00010000
2024-01-23 13:00:00-03:00,0.00010000
2024-01-23 21:00:00-03:00,0.00010000
2024-01-24 05:00:00-03:00,0.00010000
2024-01-24 13:00:00-03:00,0.00010000
2024-01-24 21:00:00-03:00,0.00010000
2024-01-25 05:00:00.001000-03:00,0.00010000
2024-01-25 13:00:00-03:00,0.00010000
2024-01-25 21:00:00.001000-03:00,0.00010000
2024-01-26 05:00:00-03:00,0.00010000
2024-01-26 13:00:00-03:00,0.00010000
2024-01-26 21:00:00-03:00,0.00008966
2024-01-27 05:00:00-03:00,0.00010000
2024-01-27 13:00:00-03:00,0.00008300
2024-01-27 21:00:00-03:00,0.00010000
2024-01-28 05:00:00-03:00,0.00004725
2024-01-28 13:00:00-03:00,0.00010000
2024-01-28 21:00:00-03:00,0.00010000
2024-01-29 05:00:00.001000-03:00,0.00009142
2024-01-29 13:00:00-03:00,0.00010000
2024-01-29 21:00:00-03:00,0.00010000
2024-01-30 05:00:00-03:00,0.00009492
2024-01-30 13:00:00.001000-03:00,0.00005149
2024-01-30 21:00:00-03:00,0.00002154
2024-01-31 05:00:00-03:00,0.00010000
2024-01-31 13:00:00-03:00,0.00010000
2024-01-31 21:00:00-03:00,0.00010000
2024-02-01 05:00:00-03:00,0.00010000
2024-02-01 13:00:00.002000-03:00,0.00010000
2024-02-01 21:00:00-03:00,0.00010000
2024-02-02 05:00:00-03:00,0.00010000
2024-02-02 13:00:00-03:00,0.00010000
2024-02-02 21:00:00-03:00,0.00007627
2024-02-03 05:00:00-03:00,0.00009042
2024-02-03 13:00:00.001000-03:00,0.00008028
2024-02-03 21:00:00-03:00,0.00008307
2024-02-04 05:00:00.004000-03:00,0.00008846
2024-02-04 13:00:00-03:00,0.00010000
2024-02-04 21:00:00-03:00,0.00010000
2024-02-05 05:00:00-03:00,0.00010000
2024-02-05 13:00:00-03:00,0.00010000
2024-02-05 21:00:00-03:00,0.00010000
2024-02-06 05:00:00.001000-03:00,0.00006723
2024-02-06 13:00:00-03:00,0.00010000
2024-02-06 21:00:00-03:00,0.00007527
2024-02-07 05:00:00-03:00,0.00005373
2024-02-07 13:00:00-03:00,0.00008306
2024-02-07 21:00:00-03:00,0.00010000
2024-02-08 05:00:00-03:00,0.00006535
2024-02-08 13:00:00-03:00,0.00002590
2024-02-08 21:00:00-03:00,0.00003160
2024-02-09 05:00:00-03:00,0.00010000
2024-02-09 13:00:00.001000-03:00,0.00009801
2024-02-09 21:00:00.001000-03:00,0.00008041
2024-02-10 05:00:00-03:00,0.00010000
2024-02-10 13:00:00-03:00,0.00010000
2024-02-10 21:00:00-03:00,0.00010000
2024-02-11 05:00:00.001000-03:00,0.00010000
2024-02-11 13:00:00-03:00,0.00010000
2024-02-11 21:00:00-03:00,0.00010000
2024-02-12 05:00:00-03:00,0.00010000
2024-02-12 13:00:00-03:00,0.00010000
2024-02-12 21:00:00-03:00,0.00010000
2024-02-13 05:00:00-03:00,0.00010000
2024-02-13 13:00:00-03:00,0.00010000
2024-02-13 21:00:00-03:00,0.00010000
2024-02-14 05:00:00-03:00,0.00010000
2024-02-14 13:00:00-03:00,0.00012283
2024-02-14 21:00:00-03:00,0.00010000
2024-02-15 05:00:00-03:00,0.00010000
2024-02-15 13:00:00-03:00,0.00010000
2024-02-15 21:00:00-03:00,0.00010000
2024-02-16 05:00:00-03:00,0.00010000
2024-02-16 13:00:00-03:00,0.00010000
2024-02-16 21:00:00-03:00,0.00010000
2024-02-17 05:00:00-03:00,0.00010000
2024-02-17 13:00:00-03:00,0.00016041
2024-02-17 21:00:00-03:00,0.00017240
2024-02-18 05:00:00-03:00,0.00015305
2024-02-18 13:00:00-03:00,0.00017095
2024-02-18 21:00:00-03:00,0.00023064
2024-02-19 05:00:00-03:00,0.00019594
2024-02-19 13:00:00-03:00,0.00013327
2024-02-19 21:00:00-03:00,0.00010461
2024-02-20 05:00:00-03:00,0.00010912
2024-02-20 13:00:00-03:00,0.00020259
2024-02-20 21:00:00-03:00,0.00010000
2024-02-21 05:00:00-03:00,0.00011242
2024-02-21 13:00:00-03:00,0.00010000
2024-02-21 21:00:00.001000-03:00,0.00010000
2024-02-22 05:00:00.001000-03:00,0.00013480
2024-02-22 13:00:00-03:00,0.00012557
2024-02-22 21:00:00-03:00,0.00010000
2024-02-23 05:00:00-03:00,0.00010000
2024-02-23 13:00:00-03:00,0.00012991
2024-02-23 21:00:00-03:00,0.00010000
2024-02-24 05:00:00.001000-03:00,0.00010000
2024-02-24 13:00:00-03:00,0.00010000
2024-02-24 21:00:00.001000-03:00,0.00011438
2024-02-25 05:00:00-03:00,0.00015012
2024-02-25 13:00:00-03:00,0.00015062
2024-02-25 21:00:00-03:00,0.00026761
2024-02-26 05:00:00-03:00,0.00021567
2024-02-26 13:00:00-03:00,0.00027227
2024-02-26 21:00:00-03:00,0.00032262
2024-02-27 05:00:00-03:00,0.00073521
2024-02-27 13:00:00-03:00,0.00022965
2024-02-27 21:00:00-03:00,0.00026729
2024-02-28 05:00:00-03:00,0.00023682
2024-02-28 13:00:00-03:00,0.00053538
2024-02-28 21:00:00-03:00,0.00069091
2024-02-29 05:00:00-03:00,0.00076337
2024-02-29 13:00:00-03:00,0.00057031
2024-02-29 21:00:00-03:00,0.00053322
2024-03-01 05:00:00-03:00,0.00064824
2024-03-01 13:00:00-03:00,0.00046010
2024-03-01 21:00:00-03:00,0.00033426
2024-03-02 05:00:00.001000-03:00,0.00057174
2024-03-02 13:00:00-03:00,0.00056396
2024-03-02 21:00:00-03:00,0.00046267
2024-03-03 05:00:00-03:00,0.00042989
2024-03-03 13:00:00-03:00,0.00044598
2024-03-03 21:00:00-03:00,0.00055071
2024-03-04 05:00:00-03:00,0.00046833
2024-03-04 13:00:00-03:00,0.00063620
2024-03-04 21:00:00-03:00,0.00048960
2024-03-05 05:00:00-03:00,0.00082969
2024-03-05 13:00:00-03:00,0.00088148
2024-03-05 21:00:00-03:00,0.00036280
2024-03-06 05:00:00.001000-03:00,0.00033876
2024-03-06 13:00:00-03:00,0.00049354
2024-03-06 21:00:00-03:00,0.00030311
2024-03-07 05:00:00-03:00,0.00040984
2024-03-07 13:00:00-03:00,0.00054217
2024-03-07 21:00:00-03:00,0.00034819
2024-03-08 05:00:00-03:00,0.00043497
2024-03-08 13:00:00-03:00,0.00062913
2024-03-08 21:00:00-03:00,0.00019134
2024-03-09 05:00:00.001000-03:00,0.00031281
2024-03-09 13:00:00-03:00,0.00026407
2024-03-09 21:00:00-03:00,0.00031010
2024-03-10 05:00:00-03:00,0.00063451
2024-03-10 13:00:00-03:00,0.00054479
2024-03-10 21:00:00-03:00,0.00035489
2024-03-11 05:00:00-03:00,0.00078428
2024-03-11 13:00:00-03:00,0.00066396
2024-03-11 21:00:00-03:00,0.00044470
2024-03-12 05:00:00-03:00,0.00045300
2024-03-12 13:00:00-03:00,0.00047935
2024-03-12 21:00:00-03:00,0.00033224
2024-03-13 05:00:00.001000-03:00,0.00064420
2024-03-13 13:00:00-03:00,0.00045402
2024-03-13 21:00:00.001000-03:00,0.00024393
2024-03-14 05:00:00-03:00,0.00038753
2024-03-14 13:00:00-03:00,0.00038258
2024-03-14 21:00:00-03:00,0.00038515
2024-03-15 05:00:00-03:00,0.00014328
2024-03-15 13:00:00-03:00,0.00015306
2024-03-15 21:00:00-03:00,0.00010000
2024-03-16 05:00:00-03:00,0.00023202
2024-03-16 13:00:00-03:00,0.00020813
2024-03-16 21:00:00-03:00,0.00013089
2024-03-17 05:00:00-03:00,0.00017773
2024-03-17 13:00:00-03:00,0.00024827
2024-03-17 21:00:00-03:00,0.00020181
2024-03-18 05:00:00-03:00,0.00030597
2024-03-18 13:00:00.001000-03:00,0.00027195
2024-03-18 21:00:00-03:00,0.00026923
2024-03-19 05:00:00-03:00,0.00029065
2024-03-19 13:00:00.001000-03:00,0.00024018
2024-03-19 21:00:00-03:00,0.00015847
2024-03-20 05:00:00.004000-03:00,0.00018388
2024-03-20 13:00:00-03:00,0.00010000
2024-03-20 21:00:00-03:00,0.00010403
2024-03-21 05:00:00-03:00,0.00019304
2024-03-21 13:00:00-03:00,0.00019510
2024-03-21 21:00:00-03:00,0.00016271
2024-03-22 05:00:00-03:00,0.00010000
2024-03-22 13:00:00-03:00,0.00011993
2024-03-22 21:00:00-03:00,0.00010000
2024-03-23 05:00:00-03:00,0.00010000
2024-03-23 13:00:00-03:00,0.00010806
2024-03-23 21:00:00-03:00,0.00010351
2024-03-24 05:00:00-03:00,0.00014616
2024-03-24 13:00:00-03:00,0.00015884
2024-03-24 21:00:00-03:00,0.00025549
2024-03-25 05:00:00.001000-03:00,0.00016324
2024-03-25 13:00:00-03:00,0.00028815
2024-03-25 21:00:00-03:00,0.00021963
2024-03-26 05:00:00-03:00,0.00018348
2024-03-26 13:00:00-03:00,0.00026764
2024-03-26 21:00:00-03:00,0.00028757
2024-03-27 05:00:00.001000-03:00,0.00029551
2024-03-27 13:00:00-03:00,0.00043631
2024-03-27 21:00:00-03:00,0.00024195
2024-03-28 05:00:00-03:00,0.00029899
2024-03-28 13:00:00-03:00,0.00029430
2024-03-28 21:00:00-03:00,0.00018250
2024-03-29 05:00:00-03:00,0.00025456
2024-03-29 13:00:00-03:00,0.00030170
2024-03-29 21:00:00-03:00,0.00019624
2024-03-30 05:00:00-03:00,0.00032267
2024-03-30 13:00:00-03:00,0.00034360
2024-03-30 21:00:00-03:00,0.00032351
2024-03-31 05:00:00-03:00,0.00039889
2024-03-31 13:00:00.001000-03:00,0.00040301
2024-03-31 21:00:00-03:00,0.00070161
2024-04-01 05:00:00-03:00,0.00033491
2024-04-01 13:00:00-03:00,0.00027469
2024-04-01 21:00:00.007000-03:00,0.00010926
2024-04-02 05:00:00.015000-03:00,0.00010000
2024-04-02 13:00:00-03:00,0.00016456
2024-04-02 21:00:00-03:00,0.00010000
2024-04-03 05:00:00-03:00,0.00010000
2024-04-03 13:00:00-03:00,0.00010000
2024-04-03 21:00:00-03:00,0.00010000
2024-04-04 05:00:00-03:00,0.00010000
2024-04-04 13:00:00-03:00,0.00010000
2024-04-04 21:00:00-03:00,0.00010000
2024-04-05 05:00:00-03:00,0.00010000
2024-04-05 13:00:00-03:00,0.00010000
2024-04-05 21:00:00-03:00,0.00010000
2024-04-06 05:00:00-03:00,0.00010000
2024-04-06 13:00:00-03:00,0.00010000
2024-04-06 21:00:00-03:00,0.00010000
2024-04-07 05:00:00-03:00,0.00010000
2024-04-07 13:00:00-03:00,0.00010000
2024-04-07 21:00:00.001000-03:00,0.00010000
2024-04-08 05:00:00-03:00,0.00010000
2024-04-08 13:00:00.006000-03:00,0.00035189
2024-04-08 21:00:00-03:00,0.00020915
2024-04-09 05:00:00.001000-03:00,0.00020603
2024-04-09 13:00:00.001000-03:00,0.00019061
2024-04-09 21:00:00-03:00,0.00011929
2024-04-10 05:00:00.001000-03:00,0.00012457
2024-04-10 13:00:00-03:00,0.00010000
2024-04-10 21:00:00-03:00,0.00013979
2024-04-11 05:00:00-03:00,0.00020153
2024-04-11 13:00:00-03:00,0.00019763
2024-04-11 21:00:00-03:00,0.00011258
2024-04-12 05:00:00.001000-03:00,0.00025630
2024-04-12 13:00:00-03:00,0.00012214
2024-04-12 21:00:00-03:00,0.00010000
2024-04-13 05:00:00-03:00,0.00010000
2024-04-13 13:00:00.001000-03:00,0.00010000
2024-04-13 21:00:00-03:00,0.00010000
2024-04-14 05:00:00-03:00,0.00010000
2024-04-14 13:00:00-03:00,0.00010000
2024-04-14 21:00:00-03:00,0.00010000
2024-04-15 05:00:00.001000-03:00,0.00001759
2024-04-15 13:00:00-03:00,0.00010000
2024-04-15 21:00:00.001000-03:00,0.00005953
2024-04-16 05:00:00-03:00,0.00009525
2024-04-16 13:00:00-03:00,0.00003513
2024-04-16 21:00:00-03:00,0.00006375
2024-04-17 05:00:00-03:00,0.00003574
2024-04-17 13:00:00-03:00,0.00006534
2024-04-17 21:00:00-03:00,0.00006937
2024-04-18 05:00:00-03:00,0.00005982
2024-04-18 13:00:00-03:00,-0.00003334
2024-04-18 21:00:00.001000-03:00,-0.00003120
2024-04-19 05:00:00-03:00,0.00006641
2024-04-19 13:00:00-03:00,0.00005880
2024-04-19 21:00:00-03:00,0.00010000
2024-04-20 05:00:00-03:00,-0.00000766
2024-04-20 13:00:00-03:00,0.00004204
2024-04-20 21:00:00-03:00,0.00003186
2024-04-21 05:00:00-03:00,-0.00002093
2024-04-21 13:00:00-03:00,0.00008271
2024-04-21 21:00:00-03:00,0.00004409
2024-04-22 05:00:00-03:00,0.00002497
2024-04-22 13:00:00-03:00,0.00000898
2024-04-22 21:00:00-03:00,-0.00001236
2024-04-23 05:00:00-03:00,0.00005240
2024-04-23 13:00:00.001000-03:00,-0.00001083
2024-04-23 21:00:00-03:00,0.00001413
2024-04-24 05:00:00-03:00,0.00005302
2024-04-24 13:00:00-03:00,0.00007047
2024-04-24 21:00:00-03:00,0.00007020
2024-04-25 05:00:00-03:00,0.00004069
2024-04-25 13:00:00.010000-03:00,0.00001140
2024-04-25 21:00:00.001000-03:00,0.00001709
2024-04-26 05:00:00-03:00,0.00000685
2024-04-26 13:00:00-03:00,0.00005562
2024-04-26 21:00:00-03:00,0.00010000
2024-04-27 05:00:00.001000-03:00,0.00007470
2024-04-27 13:00:00-03:00,0.00002834
2024-04-27 21:00:00-03:00,0.00001006
2024-04-28 05:00:00-03:00,-0.00002081
2024-04-28 13:00:00-03:00,0.00002782
2024-04-28 21:00:00-03:00,0.00002472
2024-04-29 05:00:00-03:00,0.00005544
2024-04-29 13:00:00-03:00,0.00006828
2024-04-29 21:00:00-03:00,0.00009740
2024-04-30 05:00:00-03:00,0.00009154
2024-04-30 13:00:00-03:00,0.00010000
2024-04-30 21:00:00-03:00,0.00010000
2024-05-01 05:00:00-03:00,0.00008946
2024-05-01 13:00:00-03:00,0.00009902
2024-05-01 21:00:00-03:00,0.00006634
2024-05-02 05:00:00-03:00,0.00006169
2024-05-02 13:00:00.002000-03:00,-0.00000123
2024-05-02 21:00:00-03:00,-0.00001549
2024-05-03 05:00:00-03:00,-0.00003764
2024-05-03 13:00:00-03:00,0.00008091
2024-05-03 21:00:00-03:00,0.00002703
2024-05-04 05:00:00-03:00,0.00007455
2024-05-04 13:00:00-03:00,0.00006265
2024-05-04 21:00:00-03:00,0.00006906
2024-05-05 05:00:00-03:00,0.00000647
2024-05-05 13:00:00-03:00,0.00003893
2024-05-05 21:00:00-03:00,0.00000602
2024-05-06 05:00:00-03:00,-0.00001031
2024-05-06 13:00:00-03:00,0.00007746
2024-05-06 21:00:00-03:00,0.00006064
2024-05-07 05:00:00-03:00,0.00001581
2024-05-07 13:00:00-03:00,0.00009028
2024-05-07 21:00:00-03:00,0.00004891
2024-05-08 05:00:00-03:00,0.00005553
2024-05-08 13:00:00-03:00,0.00009292
2024-05-08 21:00:00-03:00,0.00005648
2024-05-09 05:00:00-03:00,0.00003315
2024-05-09 13:00:00-03:00,0.00007253
2024-05-09 21:00:00-03:00,0.00001026
2024-05-10 05:00:00-03:00,0.00005934
2024-05-10 13:00:00-03:00,0.00007653
2024-05-10 21:00:00-03:00,0.00008881
2024-05-11 05:00:00-03:00,0.00003771
2024-05-11 13:00:00-03:00,0.00005067
2024-05-11 21:00:00-03:00,0.00002604
2024-05-12 05:00:00-03:00,0.00002830
2024-05-12 13:00:00-03:00,0.00010000
2024-05-12 21:00:00.001000-03:00,0.00010000
2024-05-13 05:00:00.001000-03:00,0.00008469
2024-05-13 13:00:00-03:00,0.00009151
2024-05-13 21:00:00-03:00,0.00009866
2024-05-14 05:00:00-03:00,0.00010000
2024-05-14 13:00:00-03:00,0.00004392
2024-05-14 21:00:00-03:00,0.00010000
2024-05-15 05:00:00-03:00,-0.00000385
2024-05-15 13:00:00-03:00,0.00002373
2024-05-15 21:00:00.004000-03:00,0.00002103
2024-05-16 05:00:00-03:00,0.00005148
2024-05-16 13:00:00-03:00,0.00003543
2024-05-16 21:00:00-03:00,0.00004647
2024-05-17 05:00:00-03:00,0.00000815
2024-05-17 13:00:00-03:00,-0.00000298
2024-05-17 21:00:00-03:00,0.00000628
2024-05-18 05:00:00-03:00,0.00008012
2024-05-18 13:00:00-03:00,-0.00000792
2024-05-18 21:00:00-03:00,0.00003339
2024-05-19 05:00:00-03:00,0.00005210
2024-05-19 13:00:00-03:00,0.00004779
2024-05-19 21:00:00-03:00,0.00005607
2024-05-20 05:00:00-03:00,0.00002479
2024-05-20 13:00:00.003000-03:00,0.00002552
2024-05-20 21:00:00-03:00,0.00010000
2024-05-21 05:00:00.001000-03:00,0.00010517
2024-05-21 13:00:00-03:00,0.00010000
2024-05-21 21:00:00-03:00,0.00010000
2024-05-22 05:00:00-03:00,0.00015759
2024-05-22 13:00:00-03:00,0.00010000
2024-05-22 21:00:00-03:00,0.00010000
2024-05-23 05:00:00-03:00,0.00010000
2024-05-23 13:00:00-03:00,0.00010000
2024-05-23 21:00:00-03:00,0.00010000
2024-05-24 05:00:00-03:00,0.00010000
2024-05-24 13:00:00-03:00,0.00010000
2024-05-24 21:00:00-03:00,0.00010000
2024-05-25 05:00:00-03:00,0.00010000
2024-05-25 13:00:00-03:00,0.00010000
2024-05-25 21:00:00-03:00,0.00010000
2024-05-26 05:00:00-03:00,0.00010000
2024-05-26 13:00:00-03:00,0.00010000
2024-05-26 21:00:00-03:00,0.00010000
2024-05-27 05:00:00-03:00,0.00010000
2024-05-27 13:00:00-03:00,0.00010000
2024-05-27 21:00:00-03:00,0.00010000
2024-05-28 05:00:00-03:00,0.00010000
2024-05-28 13:00:00-03:00,0.00010000
2024-05-28 21:00:00.001000-03:00,0.00010000
2024-05-29 05:00:00-03:00,0.00010000
2024-05-29 13:00:00-03:00,0.00012558
2024-05-29 21:00:00-03:00,0.00010000
2024-05-30 05:00:00-03:00,0.00010000
2024-05-30 13:00:00-03:00,0.00010000
2024-05-30 21:00:00-03:00,0.00014599
2024-05-31 05:00:00-03:00,0.00012268
2024-05-31 13:00:00-03:00,0.00010000
2024-05-31 21:00:00-03:00,0.00010000
2024-06-01 05:00:00-03:00,0.00010000
2024-06-01 13:00:00.001000-03:00,0.00010250
2024-06-01 21:00:00-03:00,0.00010000
2024-06-02 05:00:00-03:00,0.00010000
2024-06-02 13:00:00-03:00,0.00010000
2024-06-02 21:00:00-03:00,0.00010000
2024-06-03 05:00:00-03:00,0.00014135
2024-06-03 13:00:00-03:00,0.00010000
2024-06-03 21:00:00-03:00,0.00012008
2024-06-04 05:00:00-03:00,0.00010000
2024-06-04 13:00:00-03:00,0.00010000
2024-06-04 21:00:00-03:00,0.00010000
2024-06-05 05:00:00-03:00,0.00016387
2024-06-05 13:00:00-03:00,0.00013226
2024-06-05 21:00:00-03:00,0.00010000
2024-06-06 05:00:00.008000-03:00,0.00010438
2024-06-06 13:00:00-03:00,0.00011770
2024-06-06 21:00:00-03:00,0.00010000
2024-06-07 05:00:00-03:00,0.00010000
2024-06-07 13:00:00-03:00,0.00010166
2024-06-07 21:00:00-03:00,0.00010000
2024-06-08 05:00:00-03:00,0.00010000
2024-06-08 13:00:00-03:00,0.00010000
2024-06-08 21:00:00-03:00,0.00010000
2024-06-09 05:00:00-03:00,0.00010000
2024-06-09 13:00:00.001000-03:00,0.00010000
2024-06-09 21:00:00-03:00,0.00010000
2024-06-10 05:00:00-03:00,0.00010000
2024-06-10 13:00:00.001000-03:00,0.00010000
2024-06-10 21:00:00.001000-03:00,0.00010000
2024-06-11 05:00:00-03:00,0.00010000
2024-06-11 13:00:00-03:00,0.00010000
2024-06-11 21:00:00-03:00,0.00010000
2024-06-12 05:00:00-03:00,0.00010000
2024-06-12 13:00:00-03:00,0.00010000
2024-06-12 21:00:00-03:00,0.00010000
2024-06-13 05:00:00.001000-03:00,0.00010000
2024-06-13 13:00:00-03:00,0.00010000
2024-06-13 21:00:00-03:00,0.00010000
2024-06-14 05:00:00-03:00,0.00010000
2024-06-14 13:00:00-03:00,0.00010000
2024-06-14 21:00:00-03:00,0.00010000
2024-06-15 05:00:00-03:00,0.00010000
2024-06-15 13:00:00-03:00,0.00010000
2024-06-15 21:00:00.001000-03:00,0.00010000
2024-06-16 05:00:00-03:00,0.00010000
2024-06-16 13:00:00-03:00,0.00010000
2024-06-16 21:00:00-03:00,0.00010000
2024-06-17 05:00:00-03:00,0.00010000
2024-06-17 13:00:00-03:00,0.00010000
2024-06-17 21:00:00-03:00,0.00010000
2024-06-18 05:00:00-03:00,0.00008236
2024-06-18 13:00:00-03:00,0.00010000
2024-06-18 21:00:00.001000-03:00,0.00010000
2024-06-19 05:00:00.001000-03:00,0.00004127
2024-06-19 13:00:00-03:00,0.00002967
2024-06-19 21:00:00-03:00,0.00003934
2024-06-20 05:00:00-03:00,0.00005953
2024-06-20 13:00:00-03:00,0.00006879
2024-06-20 21:00:00-03:00,0.00003344
2024-06-21 05:00:00-03:00,0.00007328
2024-06-21 13:00:00-03:00,0.00010000
2024-06-21 21:00:00-03:00,0.00010000
2024-06-22 05:00:00-03:00,0.00004146
2024-06-22 13:00:00-03:00,0.00010000
2024-06-22 21:00:00-03:00,0.00010000
2024-06-23 05:00:00-03:00,0.00002307
2024-06-23 13:00:00-03:00,0.00004676
2024-06-23 21:00:00.002000-03:00,0.00009534
2024-06-24 05:00:00-03:00,0.00010000
2024-06-24 13:00:00-03:00,0.00007488
2024-06-24 21:00:00-03:00,0.00007447
2024-06-25 05:00:00-03:00,0.00005949
2024-06-25 13:00:00-03:00,0.00007752
2024-06-25 21:00:00.002000-03:00,0.00010000
2024-06-26 05:00:00-03:00,0.00010000
2024-06-26 13:00:00-03:00,0.00010000
2024-06-26 21:00:00-03:00,0.00010000
2024-06-27 05:00:00.001000-03:00,0.00010000
2024-06-27 13:00:00-03:00,0.00010000
2024-06-27 21:00:00-03:00,0.00010000
2024-06-28 05:00:00-03:00,0.00010000
2024-06-28 13:00:00-03:00,0.00010000
2024-06-28 21:00:00.001000-03:00,0.00010000
2024-06-29 05:00:00-03:00,0.00010000
2024-06-29 13:00:00-03:00,0.00010000
2024-06-29 21:00:00-03:00,0.00010000
2024-06-30 05:00:00-03:00,0.00010000
2024-06-30 13:00:00-03:00,0.00010000
2024-06-30 21:00:00-03:00,0.00010000
2024-07-01 05:00:00-03:00,0.00010000
2024-07-01 13:00:00.001000-03:00,0.00010000
2024-07-01 21:00:00-03:00,0.00010000
2024-07-02 05:00:00-03:00,0.00010000
2024-07-02 13:00:00-03:00,0.00010000
2024-07-02 21:00:00-03:00,0.00010000
2024-07-03 05:00:00.001000-03:00,0.00010000
2024-07-03 13:00:00-03:00,0.00010000
2024-07-03 21:00:00-03:00,0.00010000
2024-07-04 05:00:00-03:00,0.00010000
2024-07-04 13:00:00-03:00,0.00010000
2024-07-04 21:00:00-03:00,0.00010000
2024-07-05 05:00:00-03:00,0.00010000
2024-07-05 13:00:00-03:00,0.00001762
2024-07-05 21:00:00-03:00,0.00005729
2024-07-06 05:00:00-03:00,0.00007512
2024-07-06 13:00:00-03:00,0.00003250
2024-07-06 21:00:00.001000-03:00,0.00008164
2024-07-07 05:00:00-03:00,0.00010000
2024-07-07 13:00:00-03:00,0.00010000
2024-07-07 21:00:00-03:00,0.00007905
2024-07-08 05:00:00-03:00,0.00008222
2024-07-08 13:00:00-03:00,0.00010000
2024-07-08 21:00:00-03:00,0.00010000
2024-07-09 05:00:00.001000-03:00,0.00000861
2024-07-09 13:00:00-03:00,0.00010000
2024-07-09 21:00:00-03:00,0.00010000
2024-07-10 05:00:00-03:00,0.00009225
2024-07-10 13:00:00-03:00,0.00005485
2024-07-10 21:00:00.002000-03:00,0.00010000
2024-07-11 05:00:00.002000-03:00,0.00010000
2024-07-11 13:00:00.004000-03:00,0.00010000
2024-07-11 21:00:00-03:00,0.00006378
2024-07-12 05:00:00-03:00,0.00003026
2024-07-12 13:00:00-03:00,0.00004037
2024-07-12 21:00:00-03:00,0.00008319
2024-07-13 05:00:00-03:00,0.00006865
2024-07-13 13:00:00-03:00,0.00010000
2024-07-13 21:00:00-03:00,0.00008737
2024-07-14 05:00:00-03:00,0.00003710
2024-07-14 13:00:00-03:00,0.00008342
2024-07-14 21:00:00-03:00,0.00004590
2024-07-15 05:00:00-03:00,0.00003202
2024-07-15 13:00:00-03:00,-0.00000514
2024-07-15 21:00:00-03:00,-0.00005062
2024-07-16 05:00:00-03:00,0.00008814
2024-07-16 13:00:00-03:00,0.00002717
2024-07-16 21:00:00-03:00,-0.00003419
2024-07-17 05:00:00.001000-03:00,0.00001775
2024-07-17 13:00:00-03:00,0.00002143
2024-07-17 21:00:00-03:00,0.00000689
2024-07-18 05:00:00-03:00,0.00001546
2024-07-18 13:00:00-03:00,0.00003127
2024-07-18 21:00:00-03:00,0.00004029
2024-07-19 05:00:00-03:00,0.00004855
2024-07-19 13:00:00-03:00,0.00004606
2024-07-19 21:00:00.001000-03:00,-0.00003077
2024-07-20 05:00:00-03:00,0.00001944
2024-07-20 13:00:00-03:00,0.00001622
2024-07-20 21:00:00-03:00,-0.00005313
2024-07-21 05:00:00-03:00,0.00002194
2024-07-21 13:00:00-03:00,0.00000646
2024-07-21 21:00:00-03:00,0.00009136
2024-07-22 05:00:00-03:00,0.00005953
2024-07-22 13:00:00-03:00,0.00002769
2024-07-22 21:00:00-03:00,0.00004709
2024-07-23 05:00:00-03:00,0.00004310
2024-07-23 13:00:00-03:00,0.00004642
2024-07-23 21:00:00-03:00,0.00010000
2024-07-24 05:00:00-03:00,0.00010000
2024-07-24 13:00:00-03:00,0.00010000
2024-07-24 21:00:00-03:00,0.00010000
2024-07-25 05:00:00-03:00,0.00010000
2024-07-25 13:00:00-03:00,0.00010000
2024-07-25 21:00:00-03:00,0.00010000
2024-07-26 05:00:00-03:00,0.00010000
2024-07-26 13:00:00-03:00,0.00003340
2024-07-26 21:00:00-03:00,0.00006547
2024-07-27 05:00:00-03:00,0.00008022
2024-07-27 13:00:00-03:00,0.00009109
2024-07-27 21:00:00-03:00,0.00008180
2024-07-28 05:00:00-03:00,0.00009177
2024-07-28 13:00:00.001000-03:00,0.00002804
2024-07-28 21:00:00.001000-03:00,0.00008361
2024-07-29 05:00:00-03:00,0.00005623
2024-07-29 13:00:00.001000-03:00,0.00010000
2024-07-29 21:00:00-03:00,0.00003396
2024-07-30 05:00:00.001000-03:00,0.00003562
2024-07-30 13:00:00-03:00,0.00007691
2024-07-30 21:00:00-03:00,0.00003063
2024-07-31 05:00:00-03:00,0.00007178
2024-07-31 13:00:00-03:00,0.00003826
2024-07-31 21:00:00-03:00,0.00008208
2024-08-01 05:00:00-03:00,0.00010000
2024-08-01 13:00:00-03:00,0.00010000
2024-08-01 21:00:00-03:00,0.00010000
2024-08-02 05:00:00.001000-03:00,0.00010000
2024-08-02 13:00:00-03:00,0.00010000
2024-08-02 21:00:00-03:00,0.00010000
2024-08-03 05:00:00-03:00,0.00009788
2024-08-03 13:00:00.001000-03:00,0.00004247
2024-08-03 21:00:00-03:00,0.00010000
2024-08-04 05:00:00-03:00,0.00005343
2024-08-04 13:00:00-03:00,0.00010000
2024-08-04 21:00:00-03:00,0.00010000
2024-08-05 05:00:00-03:00,0.00004429
2024-08-05 13:00:00-03:00,0.00005967
2024-08-05 21:00:00-03:00,0.00003566
2024-08-06 05:00:00-03:00,-0.00002845
2024-08-06 13:00:00-03:00,0.00004485
2024-08-06 21:00:00-03:00,-0.00000730
2024-08-07 05:00:00.001000-03:00,-0.00006859
2024-08-07 13:00:00-03:00,0.00003241
2024-08-07 21:00:00.001000-03:00,0.00002637
2024-08-08 05:00:00-03:00,0.00003086
2024-08-08 13:00:00-03:00,0.00001147
2024-08-08 21:00:00-03:00,0.00004994
2024-08-09 05:00:00-03:00,0.00002184
2024-08-09 13:00:00-03:00,0.00004846
2024-08-09 21:00:00-03:00,-0.00003942
2024-08-10 05:00:00-03:00,-0.00001379
2024-08-10 13:00:00-03:00,-0.00001949
2024-08-10 21:00:00-03:00,0.00004049
2024-08-11 05:00:00-03:00,-0.00001839
2024-08-11 13:00:00.001000-03:00,0.00001185
2024-08-11 21:00:00-03:00,0.00001113
2024-08-12 05:00:00-03:00,0.00008783
2024-08-12 13:00:00-03:00,-0.00002238
2024-08-12 21:00:00-03:00,0.00006140
2024-08-13 05:00:00-03:00,0.00000521
2024-08-13 13:00:00-03:00,-0.00003902
2024-08-13 21:00:00-03:00,0.00001152
2024-08-14 05:00:00-03:00,-0.00001330
2024-08-14 13:00:00-03:00,-0.00007811
2024-08-14 21:00:00-03:00,-0.00008488
2024-08-15 05:00:00-03:00,0.00006339
2024-08-15 13:00:00-03:00,-0.00006181
2024-08-15 21:00:00-03:00,-0.00011235
2024-08-16 05:00:00-03:00,-0.00007387
2024-08-16 13:00:00-03:00,-0.00000557
2024-08-16 21:00:00-03:00,0.00001912
2024-08-17 05:00:00-03:00,0.00004177
2024-08-17 13:00:00-03:00,-0.00000152
2024-08-17 21:00:00-03:00,0.00003966
2024-08-18 05:00:00-03:00,-0.00001323
2024-08-18 13:00:00-03:00,-0.00003149
2024-08-18 21:00:00-03:00,-0.00003616
2024-08-19 05:00:00-03:00,-0.00006750
2024-08-19 13:00:00.002000-03:00,-0.00001957
2024-08-19 21:00:00-03:00,-0.00002656
2024-08-20 05:00:00-03:00,0.00001349
2024-08-20 13:00:00.001000-03:00,0.00001419
2024-08-20 21:00:00.001000-03:00,-0.00006756
2024-08-21 05:00:00-03:00,-0.00000591
2024-08-21 13:00:00.001000-03:00,0.00000396
2024-08-21 21:00:00-03:00,-0.00002229
2024-08-22 05:00:00-03:00,0.00001338
2024-08-22 13:00:00.008000-03:00,-0.00007261
2024-08-22 21:00:00-03:00,-0.00003329
2024-08-23 05:00:00-03:00,0.00002391
2024-08-23 13:00:00-03:00,-0.00004317
2024-08-23 21:00:00-03:00,-0.00000772
2024-08-24 05:00:00.005000-03:00,-0.00000723
2024-08-24 13:00:00-03:00,0.00006395
2024-08-24 21:00:00-03:00,-0.00004806
2024-08-25 05:00:00-03:00,-0.00001531
2024-08-25 13:00:00-03:00,0.00003108
2024-08-25 21:00:00-03:00,0.00002439
2024-08-26 05:00:00.001000-03:00,0.00003448
2024-08-26 13:00:00-03:00,0.00003789
2024-08-26 21:00:00.001000-03:00,0.00002795
2024-08-27 05:00:00-03:00,0.00001751
2024-08-27 13:00:00-03:00,0.00007753
2024-08-27 21:00:00-03:00,-0.00006803
2024-08-28 05:00:00-03:00,0.00002433
2024-08-28 13:00:00.001000-03:00,0.00001143
2024-08-28 21:00:00-03:00,-0.00000976
2024-08-29 05:00:00.001000-03:00,-0.00001644
2024-08-29 13:00:00-03:00,0.00000559
2024-08-29 21:00:00-03:00,0.00000936
2024-08-30 05:00:00-03:00,0.00003578
2024-08-30 13:00:00-03:00,0.00002927
2024-08-30 21:00:00-03:00,-0.00001749
2024-08-31 05:00:00-03:00,0.00003578
2024-08-31 13:00:00-03:00,0.00003800
2024-08-31 21:00:00-03:00,0.00004113
2024-09-01 05:00:00.001000-03:00,-0.00003432
2024-09-01 13:00:00-03:00,-0.00000382
2024-09-01 21:00:00.001000-03:00,-0.00003386
2024-09-02 05:00:00.001000-03:00,0.00000248
2024-09-02 13:00:00-03:00,-0.00000363
2024-09-02 21:00:00-03:00,0.00006245
2024-09-03 05:00:00.001000-03:00,0.00005123
2024-09-03 13:00:00-03:00,0.00004598
2024-09-03 21:00:00-03:00,0.00002209
2024-09-04 05:00:00-03:00,0.00001050
2024-09-04 13:00:00-03:00,-0.00001470
2024-09-04 21:00:00-03:00,0.00009016
2024-09-05 05:00:00-03:00,0.00002025
2024-09-05 13:00:00.005000-03:00,0.00002490
2024-09-05 21:00:00-03:00,0.00002280
2024-09-06 05:00:00.001000-03:00,-0.00000001
2024-09-06 13:00:00-03:00,0.00001428
2024-09-06 21:00:00-03:00,-0.00000557
2024-09-07 05:00:00-03:00,-0.00007634
2024-09-07 13:00:00-03:00,-0.00007236
2024-09-07 21:00:00-03:00,0.00003745
2024-09-08 05:00:00-03:00,-0.00005999
2024-09-08 13:00:00-03:00,-0.00005245
2024-09-08 21:00:00-03:00,-0.00007585
2024-09-09 05:00:00-03:00,-0.00007108
2024-09-09 13:00:00.001000-03:00,-0.00003875
2024-09-09 21:00:00-03:00,-0.00006028
2024-09-10 05:00:00-03:00,-0.00002930
2024-09-10 13:00:00-03:00,-0.00001126
2024-09-10 21:00:00-03:00,-0.00008953
2024-09-11 05:00:00-03:00,-0.00002247
2024-09-11 13:00:00-03:00,-0.00005212
2024-09-11 21:00:00-03:00,-0.00001951
2024-09-12 05:00:00-03:00,-0.00000546
2024-09-12 13:00:00-03:00,-0.00002950
2024-09-12 21:00:00-03:00,-0.00000069
2024-09-13 05:00:00.001000-03:00,-0.00000869
