,Data/Hora (SÃ£o Paulo),Long Account (%),Short Account (%),Long/Short Ratio
0,2024-08-23 21:00:00,47.45,52.55,0.903
1,2024-08-23 21:30:00,47.35,52.65,0.899
2,2024-08-23 22:00:00,47.57,52.43,0.907
3,2024-08-23 22:30:00,46.95,53.05,0.885
4,2024-08-23 23:00:00,47.01,52.99,0.887
5,2024-08-23 23:30:00,47.3,52.7,0.898
6,2024-08-24 00:00:00,47.4,52.6,0.901
7,2024-08-24 00:30:00,47.47,52.53,0.904
8,2024-08-24 01:00:00,47.26,52.74,0.896
9,2024-08-24 01:30:00,47.35,52.65,0.899
10,2024-08-24 02:00:00,47.28,52.72,0.897
11,2024-08-24 02:30:00,47.5,52.5,0.905
12,2024-08-24 03:00:00,47.63,52.37,0.909
13,2024-08-24 03:30:00,47.72,52.28,0.913
14,2024-08-24 04:00:00,48.47,51.53,0.941
15,2024-08-24 04:30:00,48.68,51.32,0.949
16,2024-08-24 05:00:00,48.89,51.11,0.957
17,2024-08-24 05:30:00,48.54,51.46,0.943
18,2024-08-24 06:00:00,48.67,51.33,0.948
19,2024-08-24 06:30:00,48.39,51.61,0.938
20,2024-08-24 07:00:00,48.27,51.73,0.933
21,2024-08-24 07:30:00,48.18,51.82,0.93
22,2024-08-24 08:00:00,47.54,52.46,0.906
23,2024-08-24 08:30:00,47.37,52.63,0.9
24,2024-08-24 09:00:00,47.0,53.0,0.887
25,2024-08-24 09:30:00,47.53,52.47,0.906
26,2024-08-24 10:00:00,47.55,52.45,0.907
27,2024-08-24 10:30:00,47.81,52.19,0.916
28,2024-08-24 11:00:00,47.87,52.13,0.918
29,2024-08-24 11:30:00,47.99,52.01,0.923
30,2024-08-24 12:00:00,48.08,51.92,0.926
31,2024-08-24 12:30:00,48.0,52.0,0.923
32,2024-08-24 13:00:00,47.79,52.21,0.915
33,2024-08-24 13:30:00,48.8,51.2,0.953
34,2024-08-24 14:00:00,48.99,51.01,0.96
35,2024-08-24 14:30:00,49.09,50.91,0.964
36,2024-08-24 15:00:00,49.19,50.81,0.968
37,2024-08-24 15:30:00,48.83,51.17,0.954
38,2024-08-24 16:00:00,48.97,51.03,0.96
39,2024-08-24 16:30:00,49.06,50.94,0.963
40,2024-08-24 17:00:00,48.87,51.13,0.956
41,2024-08-24 17:30:00,48.96,51.04,0.959
42,2024-08-24 18:00:00,48.95,51.05,0.959
43,2024-08-24 18:30:00,49.0,51.0,0.961
44,2024-08-24 19:00:00,48.21,51.79,0.931
45,2024-08-24 19:30:00,48.63,51.37,0.947
46,2024-08-24 20:00:00,48.74,51.26,0.951
47,2024-08-24 20:30:00,48.87,51.13,0.956
48,2024-08-24 21:00:00,49.05,50.95,0.963
49,2024-08-24 21:30:00,48.64,51.36,0.947
50,2024-08-24 22:00:00,48.16,51.84,0.929
51,2024-08-24 22:30:00,48.12,51.88,0.928
52,2024-08-24 23:00:00,48.0,52.0,0.923
53,2024-08-24 23:30:00,48.19,51.81,0.93
54,2024-08-25 00:00:00,48.07,51.93,0.926
55,2024-08-25 00:30:00,48.02,51.98,0.924
56,2024-08-25 01:00:00,47.89,52.11,0.919
57,2024-08-25 01:30:00,47.84,52.16,0.917
58,2024-08-25 02:00:00,48.12,51.88,0.928
59,2024-08-25 02:30:00,48.37,51.63,0.937
60,2024-08-25 03:00:00,48.25,51.75,0.932
61,2024-08-25 03:30:00,48.13,51.87,0.928
62,2024-08-25 04:00:00,48.02,51.98,0.924
63,2024-08-25 04:30:00,47.66,52.34,0.911
64,2024-08-25 05:00:00,47.65,52.35,0.91
65,2024-08-25 05:30:00,48.02,51.98,0.924
66,2024-08-25 06:00:00,47.96,52.04,0.922
67,2024-08-25 06:30:00,47.9,52.1,0.919
68,2024-08-25 07:00:00,48.2,51.8,0.931
69,2024-08-25 07:30:00,48.38,51.62,0.937
70,2024-08-25 08:00:00,48.29,51.71,0.934
71,2024-08-25 08:30:00,48.65,51.35,0.947
72,2024-08-25 09:00:00,48.78,51.22,0.952
73,2024-08-25 09:30:00,48.9,51.1,0.957
74,2024-08-25 10:00:00,49.02,50.98,0.962
75,2024-08-25 10:30:00,49.35,50.65,0.974
76,2024-08-25 11:00:00,49.43,50.57,0.977
77,2024-08-25 11:30:00,49.15,50.85,0.967
78,2024-08-25 12:00:00,49.12,50.88,0.965
79,2024-08-25 12:30:00,49.11,50.89,0.965
80,2024-08-25 13:00:00,48.8,51.2,0.953
81,2024-08-25 13:30:00,48.65,51.35,0.947
82,2024-08-25 14:00:00,48.53,51.47,0.943
83,2024-08-25 14:30:00,48.63,51.37,0.947
84,2024-08-25 15:00:00,48.78,51.22,0.952
85,2024-08-25 15:30:00,48.81,51.19,0.954
86,2024-08-25 16:00:00,48.86,51.14,0.955
87,2024-08-25 16:30:00,48.79,51.21,0.953
88,2024-08-25 17:00:00,48.77,51.23,0.952
89,2024-08-25 17:30:00,48.71,51.29,0.95
90,2024-08-25 18:00:00,48.61,51.39,0.946
91,2024-08-25 18:30:00,48.76,51.24,0.952
92,2024-08-25 19:00:00,48.72,51.28,0.95
93,2024-08-25 19:30:00,48.68,51.32,0.949
94,2024-08-25 20:00:00,48.6,51.4,0.946
95,2024-08-25 20:30:00,48.28,51.72,0.933
96,2024-08-25 21:00:00,48.42,51.58,0.939
97,2024-08-25 21:30:00,48.29,51.71,0.934
98,2024-08-25 22:00:00,48.28,51.72,0.933
99,2024-08-25 22:30:00,48.38,51.62,0.937
100,2024-08-25 23:00:00,48.33,51.67,0.935
101,2024-08-25 23:30:00,48.61,51.39,0.946
102,2024-08-26 00:00:00,48.83,51.17,0.954
103,2024-08-26 00:30:00,49.09,50.91,0.964
104,2024-08-26 01:00:00,49.12,50.88,0.965
105,2024-08-26 01:30:00,49.32,50.68,0.973
106,2024-08-26 02:00:00,49.23,50.77,0.97
107,2024-08-26 02:30:00,49.21,50.79,0.969
108,2024-08-26 03:00:00,49.36,50.64,0.975
109,2024-08-26 03:30:00,49.21,50.79,0.969
110,2024-08-26 04:00:00,49.29,50.71,0.972
111,2024-08-26 04:30:00,49.59,50.41,0.984
112,2024-08-26 05:00:00,49.56,50.44,0.983
113,2024-08-26 05:30:00,49.86,50.14,0.994
114,2024-08-26 06:00:00,50.01,49.99,1.0
115,2024-08-26 06:30:00,50.24,49.76,1.01
116,2024-08-26 07:00:00,50.43,49.57,1.017
117,2024-08-26 07:30:00,50.74,49.26,1.03
118,2024-08-26 08:00:00,50.77,49.23,1.031
119,2024-08-26 08:30:00,50.94,49.06,1.038
120,2024-08-26 09:00:00,51.01,48.99,1.041
121,2024-08-26 09:30:00,50.95,49.05,1.039
122,2024-08-26 10:00:00,50.86,49.14,1.035
123,2024-08-26 10:30:00,51.29,48.71,1.053
124,2024-08-26 11:00:00,51.31,48.69,1.054
125,2024-08-26 11:30:00,51.61,48.39,1.067
126,2024-08-26 12:00:00,52.04,47.96,1.085
127,2024-08-26 12:30:00,52.09,47.91,1.087
128,2024-08-26 13:00:00,51.87,48.13,1.078
129,2024-08-26 13:30:00,51.65,48.35,1.068
130,2024-08-26 14:00:00,51.7,48.3,1.07
131,2024-08-26 14:30:00,51.42,48.58,1.058
132,2024-08-26 15:00:00,51.72,48.28,1.071
133,2024-08-26 15:30:00,51.77,48.23,1.073
134,2024-08-26 16:00:00,51.25,48.75,1.051
135,2024-08-26 16:30:00,51.11,48.89,1.045
136,2024-08-26 17:00:00,51.34,48.66,1.055
137,2024-08-26 17:30:00,51.68,48.32,1.07
138,2024-08-26 18:00:00,51.79,48.21,1.074
139,2024-08-26 18:30:00,52.28,47.72,1.096
140,2024-08-26 19:00:00,52.56,47.44,1.108
141,2024-08-26 19:30:00,52.42,47.58,1.102
142,2024-08-26 20:00:00,52.62,47.38,1.111
143,2024-08-26 20:30:00,52.87,47.13,1.122
144,2024-08-26 21:00:00,53.07,46.93,1.131
145,2024-08-26 21:30:00,53.47,46.53,1.149
146,2024-08-26 22:00:00,53.78,46.22,1.164
147,2024-08-26 22:30:00,53.77,46.23,1.163
148,2024-08-26 23:00:00,53.93,46.07,1.171
149,2024-08-26 23:30:00,53.89,46.11,1.169
150,2024-08-27 00:00:00,54.17,45.83,1.182
151,2024-08-27 00:30:00,54.65,45.35,1.205
152,2024-08-27 01:00:00,54.88,45.12,1.216
153,2024-08-27 01:30:00,54.92,45.08,1.218
154,2024-08-27 02:00:00,55.14,44.86,1.229
155,2024-08-27 02:30:00,55.47,44.53,1.246
156,2024-08-27 03:00:00,55.77,44.23,1.261
157,2024-08-27 03:30:00,55.67,44.33,1.256
158,2024-08-27 04:00:00,56.76,43.24,1.313
159,2024-08-27 04:30:00,57.28,42.72,1.341
160,2024-08-27 05:00:00,57.19,42.81,1.336
161,2024-08-27 05:30:00,57.11,42.89,1.332
162,2024-08-27 06:00:00,57.26,42.74,1.34
163,2024-08-27 06:30:00,57.04,42.96,1.328
164,2024-08-27 07:00:00,57.0,43.0,1.326
165,2024-08-27 07:30:00,57.45,42.55,1.35
166,2024-08-27 08:00:00,57.95,42.05,1.378
167,2024-08-27 08:30:00,58.69,41.31,1.421
168,2024-08-27 09:00:00,58.43,41.57,1.406
169,2024-08-27 09:30:00,58.87,41.13,1.431
170,2024-08-27 10:00:00,59.12,40.88,1.446
171,2024-08-27 10:30:00,59.41,40.59,1.464
172,2024-08-27 11:00:00,59.7,40.3,1.481
173,2024-08-27 11:30:00,61.59,38.41,1.603
174,2024-08-27 12:00:00,62.16,37.84,1.643
175,2024-08-27 12:30:00,63.01,36.99,1.703
176,2024-08-27 13:00:00,63.73,36.27,1.757
177,2024-08-27 13:30:00,64.45,35.55,1.813
178,2024-08-27 14:00:00,64.42,35.58,1.811
179,2024-08-27 14:30:00,64.96,35.04,1.854
180,2024-08-27 15:00:00,64.87,35.13,1.847
181,2024-08-27 15:30:00,65.28,34.72,1.88
182,2024-08-27 16:00:00,65.39,34.61,1.889
183,2024-08-27 16:30:00,65.59,34.41,1.906
184,2024-08-27 17:00:00,65.35,34.65,1.886
185,2024-08-27 17:30:00,65.34,34.66,1.885
186,2024-08-27 18:00:00,65.29,34.71,1.881
187,2024-08-27 18:30:00,65.15,34.85,1.869
188,2024-08-27 19:00:00,66.1,33.9,1.95
189,2024-08-27 19:30:00,66.66,33.34,1.999
190,2024-08-27 20:00:00,67.51,32.49,2.078
191,2024-08-27 20:30:00,67.79,32.21,2.105
192,2024-08-27 21:00:00,67.6,32.4,2.086
193,2024-08-27 21:30:00,67.02,32.98,2.032
194,2024-08-27 22:00:00,67.53,32.47,2.08
195,2024-08-27 22:30:00,67.53,32.47,2.08
196,2024-08-27 23:00:00,67.78,32.22,2.104
197,2024-08-27 23:30:00,67.65,32.35,2.091
198,2024-08-28 00:00:00,67.78,32.22,2.104
199,2024-08-28 00:30:00,68.25,31.75,2.15
200,2024-08-28 01:00:00,68.77,31.23,2.202
201,2024-08-28 01:30:00,68.58,31.42,2.183
202,2024-08-28 02:00:00,68.13,31.87,2.138
203,2024-08-28 02:30:00,68.69,31.31,2.194
204,2024-08-28 03:00:00,68.74,31.26,2.199
205,2024-08-28 03:30:00,68.48,31.52,2.173
206,2024-08-28 04:00:00,68.38,31.62,2.163
207,2024-08-28 04:30:00,68.3,31.7,2.155
208,2024-08-28 05:00:00,67.46,32.54,2.073
209,2024-08-28 05:30:00,68.82,31.18,2.207
210,2024-08-28 06:00:00,68.79,31.21,2.204
211,2024-08-28 06:30:00,68.91,31.09,2.216
212,2024-08-28 07:00:00,69.75,30.25,2.306
213,2024-08-28 07:30:00,68.71,31.29,2.196
214,2024-08-28 08:00:00,68.17,31.83,2.142
215,2024-08-28 08:30:00,68.52,31.48,2.177
216,2024-08-28 09:00:00,68.14,31.86,2.139
217,2024-08-28 09:30:00,68.37,31.63,2.162
218,2024-08-28 10:00:00,68.1,31.9,2.135
219,2024-08-28 10:30:00,67.58,32.42,2.085
220,2024-08-28 11:00:00,66.71,33.29,2.004
221,2024-08-28 11:30:00,67.51,32.49,2.078
222,2024-08-28 12:00:00,68.23,31.77,2.148
223,2024-08-28 12:30:00,69.16,30.84,2.243
224,2024-08-28 13:00:00,70.47,29.53,2.386
225,2024-08-28 13:30:00,70.51,29.49,2.391
226,2024-08-28 14:00:00,70.85,29.15,2.431
227,2024-08-28 14:30:00,69.9,30.1,2.322
228,2024-08-28 15:00:00,69.79,30.21,2.31
229,2024-08-28 15:30:00,70.07,29.93,2.341
230,2024-08-28 16:00:00,70.63,29.37,2.405
231,2024-08-28 16:30:00,70.41,29.59,2.38
232,2024-08-28 17:00:00,70.34,29.66,2.372
233,2024-08-28 17:30:00,70.68,29.32,2.411
234,2024-08-28 18:00:00,70.48,29.52,2.388
235,2024-08-28 18:30:00,70.48,29.52,2.388
236,2024-08-28 19:00:00,70.37,29.63,2.375
237,2024-08-28 19:30:00,70.19,29.81,2.355
238,2024-08-28 20:00:00,70.52,29.48,2.392
239,2024-08-28 20:30:00,70.33,29.67,2.37
240,2024-08-28 21:00:00,70.45,29.55,2.384
241,2024-08-28 21:30:00,70.62,29.38,2.404
242,2024-08-28 22:00:00,70.48,29.52,2.388
243,2024-08-28 22:30:00,70.79,29.21,2.423
244,2024-08-28 23:00:00,70.69,29.31,2.412
245,2024-08-28 23:30:00,70.65,29.35,2.407
246,2024-08-29 00:00:00,70.43,29.57,2.382
247,2024-08-29 00:30:00,70.51,29.49,2.391
248,2024-08-29 01:00:00,70.53,29.47,2.393
249,2024-08-29 01:30:00,70.51,29.49,2.391
250,2024-08-29 02:00:00,70.58,29.42,2.399
251,2024-08-29 02:30:00,70.67,29.33,2.409
252,2024-08-29 03:00:00,70.97,29.03,2.445
253,2024-08-29 03:30:00,70.42,29.58,2.381
254,2024-08-29 04:00:00,70.25,29.75,2.361
255,2024-08-29 04:30:00,69.95,30.05,2.328
256,2024-08-29 05:00:00,70.0,30.0,2.333
257,2024-08-29 05:30:00,69.62,30.38,2.292
258,2024-08-29 06:00:00,69.51,30.49,2.28
259,2024-08-29 06:30:00,69.44,30.56,2.272
260,2024-08-29 07:00:00,69.22,30.78,2.249
261,2024-08-29 07:30:00,69.2,30.8,2.247
262,2024-08-29 08:00:00,68.97,31.03,2.223
263,2024-08-29 08:30:00,68.65,31.35,2.19
264,2024-08-29 09:00:00,67.68,32.32,2.094
265,2024-08-29 09:30:00,67.74,32.26,2.1
266,2024-08-29 10:00:00,67.15,32.85,2.044
267,2024-08-29 10:30:00,66.61,33.39,1.995
268,2024-08-29 11:00:00,66.34,33.66,1.971
269,2024-08-29 11:30:00,65.92,34.08,1.934
270,2024-08-29 12:00:00,65.12,34.88,1.867
271,2024-08-29 12:30:00,64.33,35.67,1.803
272,2024-08-29 13:00:00,63.31,36.69,1.726
273,2024-08-29 13:30:00,62.14,37.86,1.641
274,2024-08-29 14:00:00,61.74,38.26,1.614
275,2024-08-29 14:30:00,62.65,37.35,1.677
276,2024-08-29 15:00:00,62.98,37.02,1.701
277,2024-08-29 15:30:00,63.38,36.62,1.731
278,2024-08-29 16:00:00,64.34,35.66,1.804
279,2024-08-29 16:30:00,65.33,34.67,1.884
280,2024-08-29 17:00:00,65.24,34.76,1.877
281,2024-08-29 17:30:00,65.36,34.64,1.887
282,2024-08-29 18:00:00,65.58,34.42,1.905
283,2024-08-29 18:30:00,65.65,34.35,1.911
284,2024-08-29 19:00:00,65.71,34.29,1.916
285,2024-08-29 19:30:00,65.7,34.3,1.915
286,2024-08-29 20:00:00,65.97,34.03,1.939
287,2024-08-29 20:30:00,66.41,33.59,1.977
288,2024-08-29 21:00:00,66.8,33.2,2.012
289,2024-08-29 21:30:00,66.89,33.11,2.02
290,2024-08-29 22:00:00,67.37,32.63,2.065
291,2024-08-29 22:30:00,67.22,32.78,2.051
292,2024-08-29 23:00:00,67.32,32.68,2.06
293,2024-08-29 23:30:00,67.48,32.52,2.075
294,2024-08-30 00:00:00,67.57,32.43,2.084
295,2024-08-30 00:30:00,67.26,32.74,2.054
296,2024-08-30 01:00:00,67.34,32.66,2.062
297,2024-08-30 01:30:00,67.5,32.5,2.077
298,2024-08-30 02:00:00,67.57,32.43,2.084
299,2024-08-30 02:30:00,67.32,32.68,2.06
300,2024-08-30 03:00:00,67.62,32.38,2.088
301,2024-08-30 03:30:00,67.86,32.14,2.111
302,2024-08-30 04:00:00,68.53,31.47,2.178
303,2024-08-30 04:30:00,68.83,31.17,2.208
304,2024-08-30 05:00:00,68.12,31.88,2.137
305,2024-08-30 05:30:00,68.51,31.49,2.176
306,2024-08-30 06:00:00,68.25,31.75,2.15
307,2024-08-30 06:30:00,68.55,31.45,2.18
308,2024-08-30 07:00:00,68.58,31.42,2.183
309,2024-08-30 07:30:00,68.46,31.54,2.171
310,2024-08-30 08:00:00,68.05,31.95,2.13
311,2024-08-30 08:30:00,67.66,32.34,2.092
312,2024-08-30 09:00:00,66.98,33.02,2.028
313,2024-08-30 09:30:00,67.33,32.67,2.061
314,2024-08-30 10:00:00,68.16,31.84,2.141
315,2024-08-30 10:30:00,67.89,32.11,2.114
316,2024-08-30 11:00:00,67.47,32.53,2.074
317,2024-08-30 11:30:00,68.03,31.97,2.128
318,2024-08-30 12:00:00,68.23,31.77,2.148
319,2024-08-30 12:30:00,69.9,30.1,2.322
320,2024-08-30 13:00:00,70.68,29.32,2.411
321,2024-08-30 13:30:00,70.94,29.06,2.441
322,2024-08-30 14:00:00,71.23,28.77,2.476
323,2024-08-30 14:30:00,70.74,29.26,2.418
324,2024-08-30 15:00:00,71.08,28.92,2.458
325,2024-08-30 15:30:00,71.58,28.42,2.519
326,2024-08-30 16:00:00,70.8,29.2,2.425
327,2024-08-30 16:30:00,70.34,29.66,2.372
328,2024-08-30 17:00:00,70.09,29.91,2.343
329,2024-08-30 17:30:00,70.3,29.7,2.367
330,2024-08-30 18:00:00,70.42,29.58,2.381
331,2024-08-30 18:30:00,70.59,29.41,2.4
332,2024-08-30 19:00:00,70.42,29.58,2.381
333,2024-08-30 19:30:00,70.49,29.51,2.389
334,2024-08-30 20:00:00,70.36,29.64,2.374
335,2024-08-30 20:30:00,70.27,29.73,2.364
336,2024-08-30 21:00:00,70.05,29.95,2.339
337,2024-08-30 21:30:00,69.96,30.04,2.329
338,2024-08-30 22:00:00,69.95,30.05,2.328
339,2024-08-30 22:30:00,69.92,30.08,2.324
340,2024-08-30 23:00:00,69.82,30.18,2.313
341,2024-08-30 23:30:00,69.62,30.38,2.292
342,2024-08-31 00:00:00,69.49,30.51,2.278
343,2024-08-31 00:30:00,69.32,30.68,2.259
344,2024-08-31 01:00:00,69.41,30.59,2.269
345,2024-08-31 01:30:00,69.4,30.6,2.268
346,2024-08-31 02:00:00,69.56,30.44,2.285
347,2024-08-31 02:30:00,69.28,30.72,2.255
348,2024-08-31 03:00:00,69.11,30.89,2.237
349,2024-08-31 03:30:00,68.96,31.04,2.222
350,2024-08-31 04:00:00,68.66,31.34,2.191
351,2024-08-31 04:30:00,68.26,31.74,2.151
352,2024-08-31 05:00:00,68.08,31.92,2.133
353,2024-08-31 05:30:00,67.81,32.19,2.107
354,2024-08-31 06:00:00,67.21,32.79,2.05
355,2024-08-31 06:30:00,67.01,32.99,2.031
356,2024-08-31 07:00:00,67.02,32.98,2.032
357,2024-08-31 07:30:00,67.54,32.46,2.081
358,2024-08-31 08:00:00,67.97,32.03,2.122
359,2024-08-31 08:30:00,68.11,31.89,2.136
360,2024-08-31 09:00:00,67.93,32.07,2.118
361,2024-08-31 09:30:00,67.83,32.17,2.108
362,2024-08-31 10:00:00,68.05,31.95,2.13
363,2024-08-31 10:30:00,68.07,31.93,2.132
364,2024-08-31 11:00:00,67.18,32.82,2.047
365,2024-08-31 11:30:00,67.13,32.87,2.042
366,2024-08-31 12:00:00,67.09,32.91,2.039
367,2024-08-31 12:30:00,67.05,32.95,2.035
368,2024-08-31 13:00:00,67.19,32.81,2.048
369,2024-08-31 13:30:00,67.04,32.96,2.034
370,2024-08-31 14:00:00,67.01,32.99,2.031
371,2024-08-31 14:30:00,66.95,33.05,2.026
372,2024-08-31 15:00:00,67.07,32.93,2.037
373,2024-08-31 15:30:00,67.34,32.66,2.062
374,2024-08-31 16:00:00,67.27,32.73,2.055
375,2024-08-31 16:30:00,67.34,32.66,2.062
376,2024-08-31 17:00:00,67.43,32.57,2.07
377,2024-08-31 17:30:00,67.46,32.54,2.073
378,2024-08-31 18:00:00,67.61,32.39,2.087
379,2024-08-31 18:30:00,67.62,32.38,2.088
380,2024-08-31 19:00:00,67.62,32.38,2.088
381,2024-08-31 19:30:00,67.56,32.44,2.083
382,2024-08-31 20:00:00,67.47,32.53,2.074
383,2024-08-31 20:30:00,67.58,32.42,2.085
384,2024-08-31 21:00:00,67.65,32.35,2.091
385,2024-08-31 21:30:00,67.7,32.3,2.096
386,2024-08-31 22:00:00,67.73,32.27,2.099
387,2024-08-31 22:30:00,67.69,32.31,2.095
388,2024-08-31 23:00:00,67.63,32.37,2.089
389,2024-08-31 23:30:00,67.51,32.49,2.078
390,2024-09-01 00:00:00,68.05,31.95,2.13
391,2024-09-01 00:30:00,68.39,31.61,2.164
392,2024-09-01 01:00:00,68.21,31.79,2.146
393,2024-09-01 01:30:00,68.29,31.71,2.154
394,2024-09-01 02:00:00,68.5,31.5,2.175
395,2024-09-01 02:30:00,69.83,30.17,2.315
396,2024-09-01 03:00:00,70.34,29.66,2.372
397,2024-09-01 03:30:00,70.86,29.14,2.432
398,2024-09-01 04:00:00,70.94,29.06,2.441
399,2024-09-01 04:30:00,70.5,29.5,2.39
400,2024-09-01 05:00:00,70.76,29.24,2.42
401,2024-09-01 05:30:00,70.58,29.42,2.399
402,2024-09-01 06:00:00,70.46,29.54,2.385
403,2024-09-01 06:30:00,70.52,29.48,2.392
404,2024-09-01 07:00:00,70.64,29.36,2.406
405,2024-09-01 07:30:00,70.27,29.73,2.364
406,2024-09-01 08:00:00,70.3,29.7,2.367
407,2024-09-01 08:30:00,70.61,29.39,2.403
408,2024-09-01 09:00:00,70.9,29.1,2.436
409,2024-09-01 09:30:00,70.41,29.59,2.38
410,2024-09-01 10:00:00,70.33,29.67,2.37
411,2024-09-01 10:30:00,70.26,29.74,2.362
412,2024-09-01 11:00:00,70.01,29.99,2.334
413,2024-09-01 11:30:00,69.69,30.31,2.299
414,2024-09-01 12:00:00,69.58,30.42,2.287
415,2024-09-01 12:30:00,69.58,30.42,2.287
416,2024-09-01 13:00:00,70.2,29.8,2.356
417,2024-09-01 13:30:00,69.92,30.08,2.324
418,2024-09-01 14:00:00,69.89,30.11,2.321
419,2024-09-01 14:30:00,69.81,30.19,2.312
420,2024-09-01 15:00:00,69.89,30.11,2.321
421,2024-09-01 15:30:00,70.69,29.31,2.412
422,2024-09-01 16:00:00,70.66,29.34,2.408
423,2024-09-01 16:30:00,70.5,29.5,2.39
424,2024-09-01 17:00:00,70.53,29.47,2.393
425,2024-09-01 17:30:00,70.61,29.39,2.403
426,2024-09-01 18:00:00,70.43,29.57,2.382
427,2024-09-01 18:30:00,70.41,29.59,2.38
428,2024-09-01 19:00:00,70.6,29.4,2.401
429,2024-09-01 19:30:00,70.62,29.38,2.404
430,2024-09-01 20:00:00,70.87,29.13,2.433
431,2024-09-01 20:30:00,71.03,28.97,2.452
432,2024-09-01 21:00:00,71.16,28.84,2.467
433,2024-09-01 21:30:00,71.41,28.59,2.498
434,2024-09-01 22:00:00,71.27,28.73,2.481
435,2024-09-01 22:30:00,71.26,28.74,2.479
436,2024-09-01 23:00:00,71.28,28.72,2.482
437,2024-09-01 23:30:00,71.16,28.84,2.467
438,2024-09-02 00:00:00,71.26,28.74,2.479
439,2024-09-02 00:30:00,70.68,29.32,2.411
440,2024-09-02 01:00:00,70.77,29.23,2.421
441,2024-09-02 01:30:00,70.75,29.25,2.419
442,2024-09-02 02:00:00,70.69,29.31,2.412
443,2024-09-02 02:30:00,70.76,29.24,2.42
444,2024-09-02 03:00:00,70.57,29.43,2.398
445,2024-09-02 03:30:00,70.36,29.64,2.374
446,2024-09-02 04:00:00,70.25,29.75,2.361
447,2024-09-02 04:30:00,70.07,29.93,2.341
448,2024-09-02 05:00:00,70.25,29.75,2.361
449,2024-09-02 05:30:00,69.59,30.41,2.288
450,2024-09-02 06:00:00,68.62,31.38,2.187
451,2024-09-02 06:30:00,68.38,31.62,2.163
452,2024-09-02 07:00:00,68.97,31.03,2.223
453,2024-09-02 07:30:00,68.73,31.27,2.198
454,2024-09-02 08:00:00,68.14,31.86,2.139
455,2024-09-02 08:30:00,67.98,32.02,2.123
456,2024-09-02 09:00:00,67.59,32.41,2.085
457,2024-09-02 09:30:00,67.28,32.72,2.056
458,2024-09-02 10:00:00,66.97,33.03,2.028
459,2024-09-02 10:30:00,67.09,32.91,2.039
460,2024-09-02 11:00:00,66.7,33.3,2.003
461,2024-09-02 11:30:00,66.96,33.04,2.027
462,2024-09-02 12:00:00,67.05,32.95,2.035
463,2024-09-02 12:30:00,66.89,33.11,2.02
464,2024-09-02 13:00:00,66.84,33.16,2.016
465,2024-09-02 13:30:00,66.65,33.35,1.999
466,2024-09-02 14:00:00,66.52,33.48,1.987
467,2024-09-02 14:30:00,66.98,33.02,2.028
468,2024-09-02 15:00:00,67.13,32.87,2.042
469,2024-09-02 15:30:00,67.3,32.7,2.058
470,2024-09-02 16:00:00,67.15,32.85,2.044
471,2024-09-02 16:30:00,67.07,32.93,2.037
472,2024-09-02 17:00:00,67.02,32.98,2.032
473,2024-09-02 17:30:00,66.96,33.04,2.027
474,2024-09-02 18:00:00,68.3,31.7,2.155
475,2024-09-02 18:30:00,67.54,32.46,2.081
476,2024-09-02 19:00:00,67.36,32.64,2.064
477,2024-09-02 19:30:00,67.31,32.69,2.059
478,2024-09-02 20:00:00,67.28,32.72,2.056
479,2024-09-02 20:30:00,66.82,33.18,2.014
480,2024-09-02 21:00:00,66.84,33.16,2.016
481,2024-09-02 21:30:00,66.85,33.15,2.017
482,2024-09-02 22:00:00,67.15,32.85,2.044
483,2024-09-02 22:30:00,66.81,33.19,2.013
484,2024-09-02 23:00:00,66.61,33.39,1.995
485,2024-09-02 23:30:00,66.24,33.76,1.962
486,2024-09-03 00:00:00,66.28,33.72,1.966
487,2024-09-03 00:30:00,66.18,33.82,1.957
488,2024-09-03 01:00:00,66.06,33.94,1.946
489,2024-09-03 01:30:00,66.03,33.97,1.944
490,2024-09-03 02:00:00,66.06,33.94,1.946
491,2024-09-03 02:30:00,65.95,34.05,1.937
492,2024-09-03 03:00:00,65.85,34.15,1.928
493,2024-09-03 03:30:00,65.54,34.46,1.902
494,2024-09-03 04:00:00,65.3,34.7,1.882
495,2024-09-03 04:30:00,65.44,34.56,1.894
496,2024-09-03 05:00:00,65.81,34.19,1.925
497,2024-09-03 05:30:00,65.6,34.4,1.907
498,2024-09-03 06:00:00,65.56,34.44,1.904
499,2024-09-03 06:30:00,65.71,34.29,1.916
500,2024-09-03 07:00:00,65.59,34.41,1.906
501,2024-09-03 07:30:00,66.09,33.91,1.949
502,2024-09-03 08:00:00,66.06,33.94,1.946
503,2024-09-03 08:30:00,66.1,33.9,1.95
504,2024-09-03 09:00:00,66.14,33.86,1.953
505,2024-09-03 09:30:00,66.52,33.48,1.987
506,2024-09-03 10:00:00,66.39,33.61,1.975
507,2024-09-03 10:30:00,66.17,33.83,1.956
508,2024-09-03 11:00:00,67.16,32.84,2.045
509,2024-09-03 11:30:00,69.1,30.9,2.236
510,2024-09-03 12:00:00,69.79,30.21,2.31
511,2024-09-03 12:30:00,70.61,29.39,2.403
512,2024-09-03 13:00:00,70.86,29.14,2.432
513,2024-09-03 13:30:00,71.34,28.66,2.489
514,2024-09-03 14:00:00,71.41,28.59,2.498
515,2024-09-03 14:30:00,71.82,28.18,2.549
516,2024-09-03 15:00:00,71.86,28.14,2.554
517,2024-09-03 15:30:00,71.93,28.07,2.563
518,2024-09-03 16:00:00,71.53,28.47,2.512
519,2024-09-03 16:30:00,71.88,28.12,2.556
520,2024-09-03 17:00:00,71.73,28.27,2.537
521,2024-09-03 17:30:00,71.57,28.43,2.517
522,2024-09-03 18:00:00,71.45,28.55,2.503
523,2024-09-03 18:30:00,71.38,28.62,2.494
524,2024-09-03 19:00:00,71.33,28.67,2.488
525,2024-09-03 19:30:00,71.24,28.76,2.477
526,2024-09-03 20:00:00,70.92,29.08,2.439
527,2024-09-03 20:30:00,70.93,29.07,2.44
528,2024-09-03 21:00:00,70.7,29.3,2.413
529,2024-09-03 21:30:00,71.15,28.85,2.466
530,2024-09-03 22:00:00,71.13,28.87,2.464
531,2024-09-03 22:30:00,72.8,27.2,2.676
532,2024-09-03 23:00:00,71.82,28.18,2.549
533,2024-09-03 23:30:00,71.51,28.49,2.51
534,2024-09-04 00:00:00,71.66,28.34,2.529
535,2024-09-04 00:30:00,72.02,27.98,2.574
536,2024-09-04 01:00:00,71.96,28.04,2.566
537,2024-09-04 01:30:00,71.75,28.25,2.54
538,2024-09-04 02:00:00,72.06,27.94,2.579
539,2024-09-04 02:30:00,71.92,28.08,2.561
540,2024-09-04 03:00:00,71.81,28.19,2.547
541,2024-09-04 03:30:00,72.66,27.34,2.658
542,2024-09-04 04:00:00,72.9,27.1,2.69
543,2024-09-04 04:30:00,73.01,26.99,2.705
544,2024-09-04 05:00:00,72.88,27.12,2.687
545,2024-09-04 05:30:00,72.87,27.13,2.686
546,2024-09-04 06:00:00,72.72,27.28,2.666
547,2024-09-04 06:30:00,72.72,27.28,2.666
548,2024-09-04 07:00:00,71.86,28.14,2.554
549,2024-09-04 07:30:00,71.61,28.39,2.522
550,2024-09-04 08:00:00,71.52,28.48,2.511
551,2024-09-04 08:30:00,71.67,28.33,2.53
552,2024-09-04 09:00:00,71.9,28.1,2.559
553,2024-09-04 09:30:00,71.94,28.06,2.564
554,2024-09-04 10:00:00,72.14,27.86,2.589
555,2024-09-04 10:30:00,71.83,28.17,2.55
556,2024-09-04 11:00:00,71.74,28.26,2.539
557,2024-09-04 11:30:00,72.12,27.88,2.587
558,2024-09-04 12:00:00,71.78,28.22,2.544
559,2024-09-04 12:30:00,69.7,30.3,2.3
560,2024-09-04 13:00:00,69.49,30.51,2.278
561,2024-09-04 13:30:00,68.23,31.77,2.148
562,2024-09-04 14:00:00,67.06,32.94,2.036
563,2024-09-04 14:30:00,65.76,34.24,1.921
564,2024-09-04 15:00:00,65.86,34.14,1.929
565,2024-09-04 15:30:00,65.97,34.03,1.939
566,2024-09-04 16:00:00,65.79,34.21,1.923
567,2024-09-04 16:30:00,66.21,33.79,1.959
568,2024-09-04 17:00:00,66.65,33.35,1.999
569,2024-09-04 17:30:00,66.25,33.75,1.963
570,2024-09-04 18:00:00,66.27,33.73,1.965
571,2024-09-04 18:30:00,66.07,33.93,1.947
572,2024-09-04 19:00:00,66.11,33.89,1.951
573,2024-09-04 19:30:00,66.45,33.55,1.981
574,2024-09-04 20:00:00,66.44,33.56,1.98
575,2024-09-04 20:30:00,66.5,33.5,1.985
576,2024-09-04 21:00:00,66.05,33.95,1.946
577,2024-09-04 21:30:00,66.24,33.76,1.962
578,2024-09-04 22:00:00,66.06,33.94,1.946
579,2024-09-04 22:30:00,66.09,33.91,1.949
580,2024-09-04 23:00:00,66.32,33.68,1.969
581,2024-09-04 23:30:00,66.3,33.7,1.967
582,2024-09-05 00:00:00,66.02,33.98,1.943
583,2024-09-05 00:30:00,66.68,33.32,2.001
584,2024-09-05 01:00:00,67.62,32.38,2.088
585,2024-09-05 01:30:00,68.33,31.67,2.158
586,2024-09-05 02:00:00,68.53,31.47,2.178
587,2024-09-05 02:30:00,68.79,31.21,2.204
588,2024-09-05 03:00:00,68.87,31.13,2.212
589,2024-09-05 03:30:00,69.21,30.79,2.248
590,2024-09-05 04:00:00,69.78,30.22,2.309
591,2024-09-05 04:30:00,70.42,29.58,2.381
592,2024-09-05 05:00:00,70.2,29.8,2.356
593,2024-09-05 05:30:00,70.26,29.74,2.362
594,2024-09-05 06:00:00,69.78,30.22,2.309
595,2024-09-05 06:30:00,69.72,30.28,2.303
596,2024-09-05 07:00:00,70.54,29.46,2.394
597,2024-09-05 07:30:00,70.82,29.18,2.427
598,2024-09-05 08:00:00,71.31,28.69,2.486
599,2024-09-05 08:30:00,71.63,28.37,2.525
600,2024-09-05 09:00:00,71.98,28.02,2.569
601,2024-09-05 09:30:00,71.98,28.02,2.569
602,2024-09-05 10:00:00,72.39,27.61,2.622
603,2024-09-05 10:30:00,72.57,27.43,2.646
604,2024-09-05 11:00:00,73.57,26.43,2.784
605,2024-09-05 11:30:00,72.99,27.01,2.702
606,2024-09-05 12:00:00,73.28,26.72,2.743
607,2024-09-05 12:30:00,73.48,26.52,2.771
608,2024-09-05 13:00:00,74.51,25.49,2.923
609,2024-09-05 13:30:00,74.81,25.19,2.97
610,2024-09-05 14:00:00,74.66,25.34,2.946
611,2024-09-05 14:30:00,74.41,25.59,2.908
612,2024-09-05 15:00:00,74.26,25.74,2.885
613,2024-09-05 15:30:00,73.9,26.1,2.831
614,2024-09-05 16:00:00,73.66,26.34,2.797
615,2024-09-05 16:30:00,73.38,26.62,2.757
616,2024-09-05 17:00:00,73.74,26.26,2.808
617,2024-09-05 17:30:00,73.94,26.06,2.837
618,2024-09-05 18:00:00,74.06,25.94,2.855
619,2024-09-05 18:30:00,74.25,25.75,2.883
620,2024-09-05 19:00:00,74.17,25.83,2.871
621,2024-09-05 19:30:00,74.28,25.72,2.888
622,2024-09-05 20:00:00,74.28,25.72,2.888
623,2024-09-05 20:30:00,74.29,25.71,2.89
624,2024-09-05 21:00:00,74.42,25.58,2.909
625,2024-09-05 21:30:00,74.84,25.16,2.975
626,2024-09-05 22:00:00,74.46,25.54,2.915
627,2024-09-05 22:30:00,74.49,25.51,2.92
628,2024-09-05 23:00:00,74.7,25.3,2.953
629,2024-09-05 23:30:00,74.49,25.51,2.92
630,2024-09-06 00:00:00,74.1,25.9,2.861
631,2024-09-06 00:30:00,73.8,26.2,2.817
632,2024-09-06 01:00:00,73.47,26.53,2.769
633,2024-09-06 01:30:00,73.23,26.77,2.736
634,2024-09-06 02:00:00,72.78,27.22,2.674
635,2024-09-06 02:30:00,72.58,27.42,2.647
636,2024-09-06 03:00:00,72.91,27.09,2.691
637,2024-09-06 03:30:00,72.82,27.18,2.679
638,2024-09-06 04:00:00,72.84,27.16,2.682
639,2024-09-06 04:30:00,74.54,25.46,2.928
640,2024-09-06 05:00:00,75.11,24.89,3.018
641,2024-09-06 05:30:00,74.41,25.59,2.908
642,2024-09-06 06:00:00,73.91,26.09,2.833
643,2024-09-06 06:30:00,73.87,26.13,2.827
644,2024-09-06 07:00:00,74.13,25.87,2.865
645,2024-09-06 07:30:00,74.6,25.4,2.937
646,2024-09-06 08:00:00,73.61,26.39,2.789
647,2024-09-06 08:30:00,72.99,27.01,2.702
648,2024-09-06 09:00:00,73.13,26.87,2.722
649,2024-09-06 09:30:00,73.5,26.5,2.774
650,2024-09-06 10:00:00,72.42,27.58,2.626
651,2024-09-06 10:30:00,71.02,28.98,2.451
652,2024-09-06 11:00:00,72.33,27.67,2.614
653,2024-09-06 11:30:00,75.16,24.84,3.026
654,2024-09-06 12:00:00,76.57,23.43,3.268
655,2024-09-06 12:30:00,77.32,22.68,3.409
656,2024-09-06 13:00:00,77.98,22.02,3.541
657,2024-09-06 13:30:00,78.43,21.57,3.636
658,2024-09-06 14:00:00,78.01,21.99,3.548
659,2024-09-06 14:30:00,79.01,20.99,3.764
660,2024-09-06 15:00:00,78.84,21.16,3.726
661,2024-09-06 15:30:00,78.66,21.34,3.686
662,2024-09-06 16:00:00,77.86,22.14,3.517
663,2024-09-06 16:30:00,78.01,21.99,3.548
664,2024-09-06 17:00:00,78.34,21.66,3.617
665,2024-09-06 17:30:00,78.52,21.48,3.655
666,2024-09-06 18:00:00,77.7,22.3,3.484
667,2024-09-06 18:30:00,77.53,22.47,3.45
668,2024-09-06 19:00:00,77.81,22.19,3.507
669,2024-09-06 19:30:00,77.92,22.08,3.529
670,2024-09-06 20:00:00,77.8,22.2,3.505
671,2024-09-06 20:30:00,78.04,21.96,3.554
672,2024-09-06 21:00:00,78.54,21.46,3.66
673,2024-09-06 21:30:00,78.5,21.5,3.651
674,2024-09-06 22:00:00,78.53,21.47,3.658
675,2024-09-06 22:30:00,78.15,21.85,3.577
676,2024-09-06 23:00:00,77.69,22.31,3.482
677,2024-09-06 23:30:00,78.0,22.0,3.545
678,2024-09-07 00:00:00,77.91,22.09,3.527
679,2024-09-07 00:30:00,77.9,22.1,3.525
680,2024-09-07 01:00:00,77.84,22.16,3.513
681,2024-09-07 01:30:00,77.86,22.14,3.517
682,2024-09-07 02:00:00,78.28,21.72,3.604
683,2024-09-07 02:30:00,78.45,21.55,3.64
684,2024-09-07 03:00:00,78.43,21.57,3.636
685,2024-09-07 03:30:00,78.3,21.7,3.608
686,2024-09-07 04:00:00,78.3,21.7,3.608
687,2024-09-07 04:30:00,78.03,21.97,3.552
688,2024-09-07 05:00:00,77.67,22.33,3.478
689,2024-09-07 05:30:00,77.43,22.57,3.431
690,2024-09-07 06:00:00,77.28,22.72,3.401
691,2024-09-07 06:30:00,77.01,22.99,3.35
692,2024-09-07 07:00:00,76.91,23.09,3.331
693,2024-09-07 07:30:00,76.8,23.2,3.31
694,2024-09-07 08:00:00,76.68,23.32,3.288
695,2024-09-07 08:30:00,76.69,23.31,3.29
696,2024-09-07 09:00:00,76.53,23.47,3.261
697,2024-09-07 09:30:00,76.45,23.55,3.246
698,2024-09-07 10:00:00,77.03,22.97,3.354
699,2024-09-07 10:30:00,76.66,23.34,3.284
700,2024-09-07 11:00:00,76.33,23.67,3.225
701,2024-09-07 11:30:00,76.12,23.88,3.188
702,2024-09-07 12:00:00,75.79,24.21,3.131
703,2024-09-07 12:30:00,75.9,24.1,3.149
704,2024-09-07 13:00:00,75.71,24.29,3.117
705,2024-09-07 13:30:00,75.2,24.8,3.032
706,2024-09-07 14:00:00,74.25,25.75,2.883
707,2024-09-07 14:30:00,73.55,26.45,2.781
708,2024-09-07 15:00:00,72.88,27.12,2.687
709,2024-09-07 15:30:00,73.49,26.51,2.772
710,2024-09-07 16:00:00,73.73,26.27,2.807
711,2024-09-07 16:30:00,73.73,26.27,2.807
712,2024-09-07 17:00:00,73.95,26.05,2.839
713,2024-09-07 17:30:00,73.49,26.51,2.772
714,2024-09-07 18:00:00,73.33,26.67,2.75
715,2024-09-07 18:30:00,73.32,26.68,2.748
716,2024-09-07 19:00:00,73.2,26.8,2.731
717,2024-09-07 19:30:00,73.19,26.81,2.73
718,2024-09-07 20:00:00,73.23,26.77,2.736
719,2024-09-07 20:30:00,73.53,26.47,2.778
720,2024-09-07 21:00:00,73.77,26.23,2.812
721,2024-09-07 21:30:00,73.72,26.28,2.805
722,2024-09-07 22:00:00,73.8,26.2,2.817
723,2024-09-07 22:30:00,74.48,25.52,2.918
724,2024-09-07 23:00:00,74.49,25.51,2.92
725,2024-09-07 23:30:00,75.03,24.97,3.005
726,2024-09-08 00:00:00,75.05,24.95,3.008
727,2024-09-08 00:30:00,74.82,25.18,2.971
728,2024-09-08 01:00:00,75.01,24.99,3.002
729,2024-09-08 01:30:00,75.11,24.89,3.018
730,2024-09-08 02:00:00,75.3,24.7,3.049
731,2024-09-08 02:30:00,75.21,24.79,3.034
732,2024-09-08 03:00:00,74.87,25.13,2.979
733,2024-09-08 03:30:00,74.81,25.19,2.97
734,2024-09-08 04:00:00,74.5,25.5,2.922
735,2024-09-08 04:30:00,74.52,25.48,2.925
736,2024-09-08 05:00:00,74.61,25.39,2.939
737,2024-09-08 05:30:00,74.55,25.45,2.929
738,2024-09-08 06:00:00,74.63,25.37,2.942
739,2024-09-08 06:30:00,74.85,25.15,2.976
740,2024-09-08 07:00:00,74.78,25.22,2.965
741,2024-09-08 07:30:00,74.79,25.21,2.967
742,2024-09-08 08:00:00,74.57,25.43,2.932
743,2024-09-08 08:30:00,74.37,25.63,2.902
744,2024-09-08 09:00:00,74.08,25.92,2.858
745,2024-09-08 09:30:00,73.64,26.36,2.794
746,2024-09-08 10:00:00,73.39,26.61,2.758
747,2024-09-08 10:30:00,73.25,26.75,2.738
748,2024-09-08 11:00:00,73.29,26.71,2.744
749,2024-09-08 11:30:00,72.92,27.08,2.693
750,2024-09-08 12:00:00,72.71,27.29,2.664
751,2024-09-08 12:30:00,72.44,27.56,2.628
752,2024-09-08 13:00:00,72.38,27.62,2.621
753,2024-09-08 13:30:00,72.64,27.36,2.655
754,2024-09-08 14:00:00,72.83,27.17,2.681
755,2024-09-08 14:30:00,73.34,26.66,2.751
756,2024-09-08 15:00:00,73.57,26.43,2.784
757,2024-09-08 15:30:00,72.62,27.38,2.652
758,2024-09-08 16:00:00,72.55,27.45,2.643
759,2024-09-08 16:30:00,72.39,27.61,2.622
760,2024-09-08 17:00:00,72.25,27.75,2.604
761,2024-09-08 17:30:00,72.07,27.93,2.58
762,2024-09-08 18:00:00,72.02,27.98,2.574
763,2024-09-08 18:30:00,72.53,27.47,2.64
764,2024-09-08 19:00:00,72.44,27.56,2.628
765,2024-09-08 19:30:00,73.45,26.55,2.766
766,2024-09-08 20:00:00,73.51,26.49,2.775
767,2024-09-08 20:30:00,73.49,26.51,2.772
768,2024-09-08 21:00:00,73.25,26.75,2.738
769,2024-09-08 21:30:00,73.26,26.74,2.74
770,2024-09-08 22:00:00,72.92,27.08,2.693
771,2024-09-08 22:30:00,72.67,27.33,2.659
772,2024-09-08 23:00:00,72.38,27.62,2.621
773,2024-09-08 23:30:00,72.3,27.7,2.61
774,2024-09-09 00:00:00,72.15,27.85,2.591
775,2024-09-09 00:30:00,71.73,28.27,2.537
776,2024-09-09 01:00:00,71.27,28.73,2.481
777,2024-09-09 01:30:00,70.92,29.08,2.439
778,2024-09-09 02:00:00,70.91,29.09,2.438
779,2024-09-09 02:30:00,71.06,28.94,2.455
780,2024-09-09 03:00:00,71.02,28.98,2.451
781,2024-09-09 03:30:00,70.97,29.03,2.445
782,2024-09-09 04:00:00,71.1,28.9,2.46
783,2024-09-09 04:30:00,71.08,28.92,2.458
784,2024-09-09 05:00:00,71.47,28.53,2.505
785,2024-09-09 05:30:00,71.02,28.98,2.451
786,2024-09-09 06:00:00,69.94,30.06,2.327
787,2024-09-09 06:30:00,69.89,30.11,2.321
788,2024-09-09 07:00:00,69.23,30.77,2.25
789,2024-09-09 07:30:00,69.07,30.93,2.233
790,2024-09-09 08:00:00,68.62,31.38,2.187
791,2024-09-09 08:30:00,68.67,31.33,2.192
792,2024-09-09 09:00:00,68.51,31.49,2.176
793,2024-09-09 09:30:00,68.48,31.52,2.173
794,2024-09-09 10:00:00,68.89,31.11,2.214
795,2024-09-09 10:30:00,68.7,31.3,2.195
796,2024-09-09 11:00:00,68.4,31.6,2.165
797,2024-09-09 11:30:00,68.29,31.71,2.154
798,2024-09-09 12:00:00,69.21,30.79,2.248
799,2024-09-09 12:30:00,68.97,31.03,2.223
800,2024-09-09 13:00:00,68.25,31.75,2.15
801,2024-09-09 13:30:00,66.55,33.45,1.99
802,2024-09-09 14:00:00,65.31,34.69,1.883
803,2024-09-09 14:30:00,64.27,35.73,1.799
804,2024-09-09 15:00:00,63.33,36.67,1.727
805,2024-09-09 15:30:00,62.9,37.1,1.695
806,2024-09-09 16:00:00,62.89,37.11,1.695
807,2024-09-09 16:30:00,63.3,36.7,1.725
808,2024-09-09 17:00:00,63.45,36.55,1.736
809,2024-09-09 17:30:00,62.66,37.34,1.678
810,2024-09-09 18:00:00,62.53,37.47,1.669
811,2024-09-09 18:30:00,63.36,36.64,1.729
812,2024-09-09 19:00:00,63.17,36.83,1.715
813,2024-09-09 19:30:00,63.06,36.94,1.707
814,2024-09-09 20:00:00,62.58,37.42,1.672
815,2024-09-09 20:30:00,62.56,37.44,1.671
816,2024-09-09 21:00:00,61.98,38.02,1.63
817,2024-09-09 21:30:00,61.28,38.72,1.583
818,2024-09-09 22:00:00,62.02,37.98,1.633
819,2024-09-09 22:30:00,61.65,38.35,1.608
820,2024-09-09 23:00:00,61.4,38.6,1.591
821,2024-09-09 23:30:00,61.27,38.73,1.582
822,2024-09-10 00:00:00,61.33,38.67,1.586
823,2024-09-10 00:30:00,61.3,38.7,1.584
824,2024-09-10 01:00:00,61.18,38.82,1.576
825,2024-09-10 01:30:00,61.74,38.26,1.614
826,2024-09-10 02:00:00,61.78,38.22,1.616
827,2024-09-10 02:30:00,62.84,37.16,1.691
828,2024-09-10 03:00:00,62.79,37.21,1.687
829,2024-09-10 03:30:00,62.45,37.55,1.663
830,2024-09-10 04:00:00,62.48,37.52,1.665
831,2024-09-10 04:30:00,63.16,36.84,1.714
832,2024-09-10 05:00:00,63.11,36.89,1.711
833,2024-09-10 05:30:00,62.95,37.05,1.699
834,2024-09-10 06:00:00,62.16,37.84,1.643
835,2024-09-10 06:30:00,62.49,37.51,1.666
836,2024-09-10 07:00:00,62.62,37.38,1.675
837,2024-09-10 07:30:00,62.48,37.52,1.665
838,2024-09-10 08:00:00,62.46,37.54,1.664
839,2024-09-10 08:30:00,62.45,37.55,1.663
840,2024-09-10 09:00:00,62.5,37.5,1.667
841,2024-09-10 09:30:00,62.33,37.67,1.655
842,2024-09-10 10:00:00,62.14,37.86,1.641
843,2024-09-10 10:30:00,61.34,38.66,1.587
844,2024-09-10 11:00:00,61.83,38.17,1.62
845,2024-09-10 11:30:00,62.1,37.9,1.639
846,2024-09-10 12:00:00,61.99,38.01,1.631
847,2024-09-10 12:30:00,62.26,37.74,1.65
848,2024-09-10 13:00:00,62.9,37.1,1.695
849,2024-09-10 13:30:00,63.3,36.7,1.725
850,2024-09-10 14:00:00,63.2,36.8,1.717
851,2024-09-10 14:30:00,62.79,37.21,1.687
852,2024-09-10 15:00:00,62.69,37.31,1.68
853,2024-09-10 15:30:00,62.99,37.01,1.702
854,2024-09-10 16:00:00,62.31,37.69,1.653
855,2024-09-10 16:30:00,62.45,37.55,1.663
856,2024-09-10 17:00:00,61.85,38.15,1.621
857,2024-09-10 17:30:00,61.6,38.4,1.604
858,2024-09-10 18:00:00,61.65,38.35,1.608
859,2024-09-10 18:30:00,61.47,38.53,1.595
860,2024-09-10 19:00:00,61.38,38.62,1.589
861,2024-09-10 19:30:00,61.27,38.73,1.582
862,2024-09-10 20:00:00,61.37,38.63,1.589
863,2024-09-10 20:30:00,61.4,38.6,1.591
864,2024-09-10 21:00:00,61.17,38.83,1.575
865,2024-09-10 21:30:00,60.63,39.37,1.54
866,2024-09-10 22:00:00,60.6,39.4,1.538
867,2024-09-10 22:30:00,60.51,39.49,1.532
868,2024-09-10 23:00:00,61.43,38.57,1.593
869,2024-09-10 23:30:00,61.94,38.06,1.627
870,2024-09-11 00:00:00,62.08,37.92,1.637
871,2024-09-11 00:30:00,62.54,37.46,1.67
872,2024-09-11 01:00:00,62.93,37.07,1.698
873,2024-09-11 01:30:00,63.71,36.29,1.756
874,2024-09-11 02:00:00,63.93,36.07,1.772
875,2024-09-11 02:30:00,64.11,35.89,1.786
876,2024-09-11 03:00:00,64.64,35.36,1.828
877,2024-09-11 03:30:00,65.31,34.69,1.883
878,2024-09-11 04:00:00,65.38,34.62,1.889
879,2024-09-11 04:30:00,65.73,34.27,1.918
880,2024-09-11 05:00:00,65.97,34.03,1.939
881,2024-09-11 05:30:00,65.54,34.46,1.902
882,2024-09-11 06:00:00,65.23,34.77,1.876
883,2024-09-11 06:30:00,65.63,34.37,1.91
884,2024-09-11 07:00:00,65.67,34.33,1.913
885,2024-09-11 07:30:00,65.43,34.57,1.893
886,2024-09-11 08:00:00,65.48,34.52,1.897
887,2024-09-11 08:30:00,65.52,34.48,1.9
888,2024-09-11 09:00:00,65.83,34.17,1.927
889,2024-09-11 09:30:00,66.3,33.7,1.967
890,2024-09-11 10:00:00,66.42,33.58,1.978
891,2024-09-11 10:30:00,66.15,33.85,1.954
892,2024-09-11 11:00:00,67.4,32.6,2.067
893,2024-09-11 11:30:00,69.16,30.84,2.243
894,2024-09-11 12:00:00,69.52,30.48,2.281
895,2024-09-11 12:30:00,69.44,30.56,2.272
896,2024-09-11 13:00:00,66.97,33.03,2.028
897,2024-09-11 13:30:00,66.56,33.44,1.99
898,2024-09-11 14:00:00,66.22,33.78,1.96
899,2024-09-11 14:30:00,64.62,35.38,1.826
900,2024-09-11 15:00:00,63.35,36.65,1.729
901,2024-09-11 15:30:00,62.42,37.58,1.661
902,2024-09-11 16:00:00,61.32,38.68,1.585
903,2024-09-11 16:30:00,61.58,38.42,1.603
904,2024-09-11 17:00:00,61.64,38.36,1.607
905,2024-09-11 17:30:00,61.54,38.46,1.6
906,2024-09-11 18:00:00,61.37,38.63,1.589
907,2024-09-11 18:30:00,61.24,38.76,1.58
908,2024-09-11 19:00:00,61.3,38.7,1.584
909,2024-09-11 19:30:00,61.24,38.76,1.58
910,2024-09-11 20:00:00,61.18,38.82,1.576
911,2024-09-11 20:30:00,61.26,38.74,1.581
912,2024-09-11 21:00:00,61.19,38.81,1.577
913,2024-09-11 21:30:00,61.56,38.44,1.601
914,2024-09-11 22:00:00,61.28,38.72,1.583
915,2024-09-11 22:30:00,61.19,38.81,1.577
916,2024-09-11 23:00:00,61.15,38.85,1.574
917,2024-09-11 23:30:00,60.99,39.01,1.563
918,2024-09-12 00:00:00,60.82,39.18,1.552
919,2024-09-12 00:30:00,60.21,39.79,1.513
920,2024-09-12 01:00:00,59.7,40.3,1.481
921,2024-09-12 01:30:00,59.57,40.43,1.473
922,2024-09-12 02:00:00,58.76,41.24,1.425
923,2024-09-12 02:30:00,58.37,41.63,1.402
924,2024-09-12 03:00:00,58.31,41.69,1.399
925,2024-09-12 03:30:00,58.36,41.64,1.402
926,2024-09-12 04:00:00,58.5,41.5,1.41
927,2024-09-12 04:30:00,58.88,41.12,1.432
928,2024-09-12 05:00:00,59.08,40.92,1.444
929,2024-09-12 05:30:00,59.2,40.8,1.451
930,2024-09-12 06:00:00,58.31,41.69,1.399
931,2024-09-12 06:30:00,58.14,41.86,1.389
932,2024-09-12 07:00:00,57.84,42.16,1.372
933,2024-09-12 07:30:00,57.9,42.1,1.375
934,2024-09-12 08:00:00,57.67,42.33,1.362
935,2024-09-12 08:30:00,58.38,41.62,1.403
936,2024-09-12 09:00:00,58.31,41.69,1.399
937,2024-09-12 09:30:00,58.27,41.73,1.396
938,2024-09-12 10:00:00,58.02,41.98,1.382
939,2024-09-12 10:30:00,59.0,41.0,1.439
940,2024-09-12 11:00:00,59.83,40.17,1.489
941,2024-09-12 11:30:00,59.67,40.33,1.48
942,2024-09-12 12:00:00,60.05,39.95,1.503
943,2024-09-12 12:30:00,60.72,39.28,1.546
944,2024-09-12 13:00:00,61.15,38.85,1.574
945,2024-09-12 13:30:00,61.31,38.69,1.585
946,2024-09-12 14:00:00,61.14,38.86,1.573
947,2024-09-12 14:30:00,60.35,39.65,1.522
948,2024-09-12 15:00:00,59.93,40.07,1.496
949,2024-09-12 15:30:00,59.17,40.83,1.449
950,2024-09-12 16:00:00,58.8,41.2,1.427
951,2024-09-12 16:30:00,58.73,41.27,1.423
952,2024-09-12 17:00:00,58.6,41.4,1.415
953,2024-09-12 17:30:00,58.53,41.47,1.411
954,2024-09-12 18:00:00,58.49,41.51,1.409
955,2024-09-12 18:30:00,58.53,41.47,1.411
956,2024-09-12 19:00:00,58.94,41.06,1.435
957,2024-09-12 19:30:00,59.12,40.88,1.446
958,2024-09-12 20:00:00,58.98,41.02,1.438
959,2024-09-12 20:30:00,58.9,41.1,1.433
960,2024-09-12 21:00:00,58.98,41.02,1.438
961,2024-09-12 21:30:00,58.69,41.31,1.421
962,2024-09-12 22:00:00,58.7,41.3,1.421
963,2024-09-12 22:30:00,58.7,41.3,1.421
964,2024-09-12 23:00:00,58.69,41.31,1.421
965,2024-09-12 23:30:00,58.63,41.37,1.417
966,2024-09-13 00:00:00,58.62,41.38,1.417
967,2024-09-13 00:30:00,58.6,41.4,1.415
968,2024-09-13 01:00:00,58.76,41.24,1.425
969,2024-09-13 01:30:00,59.14,40.86,1.447
970,2024-09-13 02:00:00,59.12,40.88,1.446
971,2024-09-13 02:30:00,59.17,40.83,1.449
972,2024-09-13 03:00:00,59.24,40.76,1.453
973,2024-09-13 03:30:00,59.3,40.7,1.457
974,2024-09-13 04:00:00,59.16,40.84,1.449
975,2024-09-13 04:30:00,59.23,40.77,1.453
976,2024-09-13 05:00:00,59.17,40.83,1.449
977,2024-09-13 05:30:00,58.69,41.31,1.421
978,2024-09-13 06:00:00,58.58,41.42,1.414
979,2024-09-13 06:30:00,58.76,41.24,1.425
980,2024-09-13 07:00:00,58.67,41.33,1.42
981,2024-09-13 07:30:00,58.86,41.14,1.431
982,2024-09-13 08:00:00,58.59,41.41,1.415
983,2024-09-13 08:30:00,57.93,42.07,1.377
984,2024-09-13 09:00:00,58.58,41.42,1.414
985,2024-09-13 09:30:00,60.02,39.98,1.501
986,2024-09-13 10:00:00,61.18,38.82,1.576
987,2024-09-13 10:30:00,60.95,39.05,1.561
988,2024-09-13 11:00:00,60.94,39.06,1.56
989,2024-09-13 11:30:00,59.44,40.56,1.465
990,2024-09-13 12:00:00,58.03,41.97,1.383
991,2024-09-13 12:30:00,57.04,42.96,1.328
992,2024-09-13 13:00:00,54.17,45.83,1.182
993,2024-09-13 13:30:00,51.339999999999996,48.66,1.055
994,2024-08-03 01:00:00,72.19,27.81,2.596
995,2024-08-03 01:30:00,71.69,28.31,2.532
996,2024-08-03 02:00:00,71.56,28.44,2.516
997,2024-08-03 02:30:00,71.68,28.32,2.531
998,2024-08-03 03:00:00,71.96,28.04,2.566
999,2024-08-03 03:30:00,72.07,27.93,2.58
1000,2024-08-03 04:00:00,72.11,27.89,2.586
1001,2024-08-03 04:30:00,72.03,27.97,2.575
1002,2024-08-03 05:00:00,71.83,28.17,2.55
1003,2024-08-03 05:30:00,71.21,28.79,2.473
1004,2024-08-03 06:00:00,71.01,28.99,2.449
1005,2024-08-03 06:30:00,70.86,29.14,2.432
1006,2024-08-03 07:00:00,71.3,28.7,2.484
1007,2024-08-03 07:30:00,70.97,29.03,2.445
1008,2024-08-03 08:00:00,71.09,28.91,2.459
1009,2024-08-03 08:30:00,71.05,28.95,2.454
1010,2024-08-03 09:00:00,70.98,29.02,2.446
1011,2024-08-03 09:30:00,71.84,28.16,2.551
1012,2024-08-03 10:00:00,71.32,28.68,2.487
1013,2024-08-03 10:30:00,70.75,29.25,2.419
1014,2024-08-03 11:00:00,70.6,29.4,2.401
1015,2024-08-03 11:30:00,70.53,29.47,2.393
1016,2024-08-03 12:00:00,70.37,29.63,2.375
1017,2024-08-03 12:30:00,69.27,30.73,2.254
1018,2024-08-03 13:00:00,68.82,31.18,2.207
1019,2024-08-03 13:30:00,70.33,29.67,2.37
1020,2024-08-03 14:00:00,71.14,28.86,2.465
1021,2024-08-03 14:30:00,70.91,29.09,2.438
1022,2024-08-03 15:00:00,70.98,29.02,2.446
1023,2024-08-03 15:30:00,70.82,29.18,2.427
1024,2024-08-03 16:00:00,70.91,29.09,2.438
1025,2024-08-03 16:30:00,70.93,29.07,2.44
1026,2024-08-03 17:00:00,71.14,28.86,2.465
1027,2024-08-03 17:30:00,71.27,28.73,2.481
1028,2024-08-03 18:00:00,71.16,28.84,2.467
1029,2024-08-03 18:30:00,71.1,28.9,2.46
1030,2024-08-03 19:00:00,71.33,28.67,2.488
1031,2024-08-03 19:30:00,71.35,28.65,2.49
1032,2024-08-03 20:00:00,71.42,28.58,2.499
1033,2024-08-03 20:30:00,71.51,28.49,2.51
1034,2024-08-03 21:00:00,71.69,28.31,2.532
1035,2024-08-03 21:30:00,71.74,28.26,2.539
1036,2024-08-03 22:00:00,71.81,28.19,2.547
1037,2024-08-03 22:30:00,71.7,28.3,2.534
1038,2024-08-03 23:00:00,71.54,28.46,2.514
1039,2024-08-03 23:30:00,72.0,28.0,2.571
1040,2024-08-04 00:00:00,72.08,27.92,2.582
1041,2024-08-04 00:30:00,71.92,28.08,2.561
1042,2024-08-04 01:00:00,71.95,28.05,2.565
1043,2024-08-04 01:30:00,71.91,28.09,2.56
1044,2024-08-04 02:00:00,71.55,28.45,2.515
1045,2024-08-04 02:30:00,71.63,28.37,2.525
1046,2024-08-04 03:00:00,71.65,28.35,2.527
1047,2024-08-04 03:30:00,71.67,28.33,2.53
1048,2024-08-04 04:00:00,71.72,28.28,2.536
1049,2024-08-04 04:30:00,71.56,28.44,2.516
1050,2024-08-04 05:00:00,71.37,28.63,2.493
1051,2024-08-04 05:30:00,71.47,28.53,2.505
1052,2024-08-04 06:00:00,71.28,28.72,2.482
1053,2024-08-04 06:30:00,71.21,28.79,2.473
1054,2024-08-04 07:00:00,71.18,28.82,2.47
1055,2024-08-04 07:30:00,70.8,29.2,2.425
1056,2024-08-04 08:00:00,70.74,29.26,2.418
1057,2024-08-04 08:30:00,70.53,29.47,2.393
1058,2024-08-04 09:00:00,70.0,30.0,2.333
1059,2024-08-04 09:30:00,69.73,30.27,2.304
1060,2024-08-04 10:00:00,69.86,30.14,2.318
1061,2024-08-04 10:30:00,69.38,30.62,2.266
1062,2024-08-04 11:00:00,69.2,30.8,2.247
1063,2024-08-04 11:30:00,68.52,31.48,2.177
1064,2024-08-04 12:00:00,70.24,29.76,2.36
1065,2024-08-04 12:30:00,70.78,29.22,2.422
1066,2024-08-04 13:00:00,70.53,29.47,2.393
1067,2024-08-04 13:30:00,71.15,28.85,2.466
1068,2024-08-04 14:00:00,70.75,29.25,2.419
1069,2024-08-04 14:30:00,70.97,29.03,2.445
1070,2024-08-04 15:00:00,71.17,28.83,2.469
1071,2024-08-04 15:30:00,72.45,27.55,2.63
1072,2024-08-04 16:00:00,73.3,26.7,2.745
1073,2024-08-04 16:30:00,73.72,26.28,2.805
1074,2024-08-04 17:00:00,73.2,26.8,2.731
1075,2024-08-04 17:30:00,73.16,26.84,2.726
1076,2024-08-04 18:00:00,72.59,27.41,2.648
1077,2024-08-04 18:30:00,72.08,27.92,2.582
1078,2024-08-04 19:00:00,72.06,27.94,2.579
1079,2024-08-04 19:30:00,72.29,27.71,2.609
1080,2024-08-04 20:00:00,72.42,27.58,2.626
1081,2024-08-04 20:30:00,72.4,27.6,2.623
1082,2024-08-04 21:00:00,71.85,28.15,2.552
1083,2024-08-04 21:30:00,71.98,28.02,2.569
1084,2024-08-04 22:00:00,71.26,28.74,2.479
1085,2024-08-04 22:30:00,70.83,29.17,2.428
1086,2024-08-04 23:00:00,71.87,28.13,2.555
1087,2024-08-04 23:30:00,71.94,28.06,2.564
1088,2024-08-05 00:00:00,72.47,27.53,2.632
1089,2024-08-05 00:30:00,72.37,27.63,2.619
1090,2024-08-05 01:00:00,72.49,27.51,2.635
1091,2024-08-05 01:30:00,72.09,27.91,2.583
1092,2024-08-05 02:00:00,72.55,27.45,2.643
1093,2024-08-05 02:30:00,73.12,26.88,2.72
1094,2024-08-05 03:00:00,72.54,27.46,2.642
1095,2024-08-05 03:30:00,70.66,29.34,2.408
1096,2024-08-05 04:00:00,71.2,28.8,2.472
1097,2024-08-05 04:30:00,72.02,27.98,2.574
1098,2024-08-05 05:00:00,70.58,29.42,2.399
1099,2024-08-05 05:30:00,70.11,29.89,2.346
1100,2024-08-05 06:00:00,69.43,30.57,2.271
1101,2024-08-05 06:30:00,69.32,30.68,2.259
1102,2024-08-05 07:00:00,68.55,31.45,2.18
1103,2024-08-05 07:30:00,67.29,32.71,2.057
1104,2024-08-05 08:00:00,68.53,31.47,2.178
1105,2024-08-05 08:30:00,68.87,31.13,2.212
1106,2024-08-05 09:00:00,68.6,31.4,2.185
1107,2024-08-05 09:30:00,69.09,30.91,2.235
1108,2024-08-05 10:00:00,70.37,29.63,2.375
1109,2024-08-05 10:30:00,69.75,30.25,2.306
1110,2024-08-05 11:00:00,70.62,29.38,2.404
1111,2024-08-05 11:30:00,70.62,29.38,2.404
1112,2024-08-05 12:00:00,69.54,30.46,2.283
1113,2024-08-05 12:30:00,68.35,31.65,2.16
1114,2024-08-05 13:00:00,67.71,32.29,2.097
1115,2024-08-05 13:30:00,68.56,31.44,2.181
1116,2024-08-05 14:00:00,66.21,33.79,1.959
1117,2024-08-05 14:30:00,66.17,33.83,1.956
1118,2024-08-05 15:00:00,66.41,33.59,1.977
1119,2024-08-05 15:30:00,66.02,33.98,1.943
1120,2024-08-05 16:00:00,65.26,34.74,1.879
1121,2024-08-05 16:30:00,66.63,33.37,1.997
1122,2024-08-05 17:00:00,66.96,33.04,2.027
1123,2024-08-05 17:30:00,67.74,32.26,2.1
1124,2024-08-05 18:00:00,67.5,32.5,2.077
1125,2024-08-05 18:30:00,67.07,32.93,2.037
1126,2024-08-05 19:00:00,66.65,33.35,1.999
1127,2024-08-05 19:30:00,66.61,33.39,1.995
1128,2024-08-05 20:00:00,66.32,33.68,1.969
1129,2024-08-05 20:30:00,66.07,33.93,1.947
1130,2024-08-05 21:00:00,65.44,34.56,1.894
1131,2024-08-05 21:30:00,66.96,33.04,2.027
1132,2024-08-05 22:00:00,67.4,32.6,2.067
1133,2024-08-05 22:30:00,66.75,33.25,2.008
1134,2024-08-05 23:00:00,66.77,33.23,2.009
1135,2024-08-05 23:30:00,66.64,33.36,1.998
1136,2024-08-06 00:00:00,66.55,33.45,1.99
1137,2024-08-06 00:30:00,66.23,33.77,1.961
1138,2024-08-06 01:00:00,66.18,33.82,1.957
1139,2024-08-06 01:30:00,65.97,34.03,1.939
1140,2024-08-06 02:00:00,65.87,34.13,1.93
1141,2024-08-06 02:30:00,65.87,34.13,1.93
1142,2024-08-06 03:00:00,66.52,33.48,1.987
1143,2024-08-06 03:30:00,66.34,33.66,1.971
1144,2024-08-06 04:00:00,66.05,33.95,1.946
1145,2024-08-06 04:30:00,65.72,34.28,1.917
1146,2024-08-06 05:00:00,65.29,34.71,1.881
1147,2024-08-06 05:30:00,65.55,34.45,1.903
1148,2024-08-06 06:00:00,64.93,35.07,1.851
1149,2024-08-06 06:30:00,65.07,34.93,1.863
1150,2024-08-06 07:00:00,65.26,34.74,1.879
1151,2024-08-06 07:30:00,64.5,35.5,1.817
1152,2024-08-06 08:00:00,64.74,35.26,1.836
1153,2024-08-06 08:30:00,64.48,35.52,1.815
1154,2024-08-06 09:00:00,64.09,35.91,1.785
1155,2024-08-06 09:30:00,64.18,35.82,1.792
1156,2024-08-06 10:00:00,64.09,35.91,1.785
1157,2024-08-06 10:30:00,63.81,36.19,1.763
1158,2024-08-06 11:00:00,63.61,36.39,1.748
1159,2024-08-06 11:30:00,64.06,35.94,1.782
1160,2024-08-06 12:00:00,63.12,36.88,1.711
1161,2024-08-06 12:30:00,62.8,37.2,1.688
1162,2024-08-06 13:00:00,62.91,37.09,1.696
1163,2024-08-06 13:30:00,62.39,37.61,1.659
1164,2024-08-06 14:00:00,62.51,37.49,1.667
1165,2024-08-06 14:30:00,62.05,37.95,1.635
1166,2024-08-06 15:00:00,61.68,38.32,1.61
1167,2024-08-06 15:30:00,61.54,38.46,1.6
1168,2024-08-06 16:00:00,61.26,38.74,1.581
1169,2024-08-06 16:30:00,61.76,38.24,1.615
1170,2024-08-06 17:00:00,61.33,38.67,1.586
1171,2024-08-06 17:30:00,61.51,38.49,1.598
1172,2024-08-06 18:00:00,61.46,38.54,1.595
1173,2024-08-06 18:30:00,61.36,38.64,1.588
1174,2024-08-06 19:00:00,61.33,38.67,1.586
1175,2024-08-06 19:30:00,61.44,38.56,1.593
1176,2024-08-06 20:00:00,61.44,38.56,1.593
1177,2024-08-06 20:30:00,61.44,38.56,1.593
1178,2024-08-06 21:00:00,61.46,38.54,1.595
1179,2024-08-06 21:30:00,61.38,38.62,1.589
1180,2024-08-06 22:00:00,61.63,38.37,1.606
1181,2024-08-06 22:30:00,61.71,38.29,1.612
1182,2024-08-06 23:00:00,61.02,38.98,1.565
1183,2024-08-06 23:30:00,61.69,38.31,1.61
1184,2024-08-07 00:00:00,62.07,37.93,1.636
1185,2024-08-07 00:30:00,61.77,38.23,1.616
1186,2024-08-07 01:00:00,61.7,38.3,1.611
1187,2024-08-07 01:30:00,61.49,38.51,1.597
1188,2024-08-07 02:00:00,60.7,39.3,1.545
1189,2024-08-07 02:30:00,60.34,39.66,1.521
1190,2024-08-07 03:00:00,60.51,39.49,1.532
1191,2024-08-07 03:30:00,60.46,39.54,1.529
1192,2024-08-07 04:00:00,60.31,39.69,1.52
1193,2024-08-07 04:30:00,60.35,39.65,1.522
1194,2024-08-07 05:00:00,60.18,39.82,1.511
1195,2024-08-07 05:30:00,59.62,40.38,1.476
1196,2024-08-07 06:00:00,59.27,40.73,1.455
1197,2024-08-07 06:30:00,59.01,40.99,1.44
1198,2024-08-07 07:00:00,58.53,41.47,1.411
1199,2024-08-07 07:30:00,58.28,41.72,1.397
1200,2024-08-07 08:00:00,58.0,42.0,1.381
1201,2024-08-07 08:30:00,57.79,42.21,1.369
1202,2024-08-07 09:00:00,58.05,41.95,1.384
1203,2024-08-07 09:30:00,58.57,41.43,1.414
1204,2024-08-07 10:00:00,58.79,41.21,1.427
1205,2024-08-07 10:30:00,58.66,41.34,1.419
1206,2024-08-07 11:00:00,58.41,41.59,1.404
1207,2024-08-07 11:30:00,57.66,42.34,1.362
1208,2024-08-07 12:00:00,58.97,41.03,1.437
1209,2024-08-07 12:30:00,59.02,40.98,1.44
1210,2024-08-07 13:00:00,59.22,40.78,1.452
1211,2024-08-07 13:30:00,59.56,40.44,1.473
1212,2024-08-07 14:00:00,59.38,40.62,1.462
1213,2024-08-07 14:30:00,59.04,40.96,1.441
1214,2024-08-07 15:00:00,58.84,41.16,1.43
1215,2024-08-07 15:30:00,58.98,41.02,1.438
1216,2024-08-07 16:00:00,59.26,40.74,1.455
1217,2024-08-07 16:30:00,60.36,39.64,1.523
1218,2024-08-07 17:00:00,60.53,39.47,1.534
1219,2024-08-07 17:30:00,61.13,38.87,1.573
1220,2024-08-07 18:00:00,61.39,38.61,1.59
1221,2024-08-07 18:30:00,61.33,38.67,1.586
1222,2024-08-07 19:00:00,61.99,38.01,1.631
1223,2024-08-07 19:30:00,62.42,37.58,1.661
1224,2024-08-07 20:00:00,62.56,37.44,1.671
1225,2024-08-07 20:30:00,62.66,37.34,1.678
1226,2024-08-07 21:00:00,62.67,37.33,1.679
1227,2024-08-07 21:30:00,62.53,37.47,1.669
1228,2024-08-07 22:00:00,62.04,37.96,1.634
1229,2024-08-07 22:30:00,62.97,37.03,1.701
1230,2024-08-07 23:00:00,64.81,35.19,1.842
1231,2024-08-07 23:30:00,64.06,35.94,1.782
1232,2024-08-08 00:00:00,62.89,37.11,1.695
1233,2024-08-08 00:30:00,61.94,38.06,1.627
1234,2024-08-08 01:00:00,60.65,39.35,1.541
1235,2024-08-08 01:30:00,60.75,39.25,1.548
1236,2024-08-08 02:00:00,60.42,39.58,1.527
1237,2024-08-08 02:30:00,61.16,38.84,1.575
1238,2024-08-08 03:00:00,61.44,38.56,1.593
1239,2024-08-08 03:30:00,61.82,38.18,1.619
1240,2024-08-08 04:00:00,61.83,38.17,1.62
1241,2024-08-08 04:30:00,61.18,38.82,1.576
1242,2024-08-08 05:00:00,59.74,40.26,1.484
1243,2024-08-08 05:30:00,59.38,40.62,1.462
1244,2024-08-08 06:00:00,59.23,40.77,1.453
1245,2024-08-08 06:30:00,58.75,41.25,1.424
1246,2024-08-08 07:00:00,58.76,41.24,1.425
1247,2024-08-08 07:30:00,58.23,41.77,1.394
1248,2024-08-08 08:00:00,57.93,42.07,1.377
1249,2024-08-08 08:30:00,57.74,42.26,1.366
1250,2024-08-08 09:00:00,57.3,42.7,1.342
1251,2024-08-08 09:30:00,56.86,43.14,1.318
1252,2024-08-08 10:00:00,58.01,41.99,1.382
1253,2024-08-08 10:30:00,58.47,41.53,1.408
1254,2024-08-08 11:00:00,58.75,41.25,1.424
1255,2024-08-08 11:30:00,58.4,41.6,1.404
1256,2024-08-08 12:00:00,56.14,43.86,1.28
1257,2024-08-08 12:30:00,53.59,46.41,1.155
1258,2024-08-08 13:00:00,53.07,46.93,1.131
1259,2024-08-08 13:30:00,52.37,47.63,1.1
1260,2024-08-08 14:00:00,51.61,48.39,1.067
1261,2024-08-08 14:30:00,51.41,48.59,1.058
1262,2024-08-08 15:00:00,50.68,49.32,1.028
1263,2024-08-08 15:30:00,50.61,49.39,1.025
1264,2024-08-08 16:00:00,50.41,49.59,1.017
1265,2024-08-08 16:30:00,50.13,49.87,1.005
1266,2024-08-08 17:00:00,50.0,50.0,1.0
1267,2024-08-08 17:30:00,50.21,49.79,1.008
1268,2024-08-08 18:00:00,50.02,49.98,1.001
1269,2024-08-08 18:30:00,50.0,50.0,1.0
1270,2024-08-08 19:00:00,53.34,46.66,1.143
1271,2024-08-08 19:30:00,53.12,46.88,1.133
1272,2024-08-08 20:00:00,53.8,46.2,1.165
1273,2024-08-08 20:30:00,51.56,48.44,1.064
1274,2024-08-08 21:00:00,51.53,48.47,1.063
1275,2024-08-08 21:30:00,51.63,48.37,1.067
1276,2024-08-08 22:00:00,51.74,48.26,1.072
1277,2024-08-08 22:30:00,52.74,47.26,1.116
1278,2024-08-08 23:00:00,53.53,46.47,1.152
1279,2024-08-08 23:30:00,53.38,46.62,1.145
1280,2024-08-09 00:00:00,53.37,46.63,1.145
1281,2024-08-09 00:30:00,53.68,46.32,1.159
1282,2024-08-09 01:00:00,53.69,46.31,1.159
1283,2024-08-09 01:30:00,53.26,46.74,1.139
1284,2024-08-09 02:00:00,52.45,47.55,1.103
1285,2024-08-09 02:30:00,52.8,47.2,1.119
1286,2024-08-09 03:00:00,52.98,47.02,1.127
1287,2024-08-09 03:30:00,52.84,47.16,1.12
1288,2024-08-09 04:00:00,53.69,46.31,1.159
1289,2024-08-09 04:30:00,54.31,45.69,1.189
1290,2024-08-09 05:00:00,54.13,45.87,1.18
1291,2024-08-09 05:30:00,54.13,45.87,1.18
1292,2024-08-09 06:00:00,54.47,45.53,1.196
1293,2024-08-09 06:30:00,54.4,45.6,1.193
1294,2024-08-09 07:00:00,54.52,45.48,1.199
1295,2024-08-09 07:30:00,54.56,45.44,1.201
1296,2024-08-09 08:00:00,54.27,45.73,1.187
1297,2024-08-09 08:30:00,54.23,45.77,1.185
1298,2024-08-09 09:00:00,54.47,45.53,1.196
1299,2024-08-09 09:30:00,54.76,45.24,1.21
1300,2024-08-09 10:00:00,54.93,45.07,1.219
1301,2024-08-09 10:30:00,55.42,44.58,1.243
1302,2024-08-09 11:00:00,55.41,44.59,1.243
1303,2024-08-09 11:30:00,56.38,43.62,1.293
1304,2024-08-09 12:00:00,56.8,43.2,1.315
1305,2024-08-09 12:30:00,56.28,43.72,1.287
1306,2024-08-09 13:00:00,56.44,43.56,1.296
1307,2024-08-09 13:30:00,57.31,42.69,1.342
1308,2024-08-09 14:00:00,57.17,42.83,1.335
1309,2024-08-09 14:30:00,57.1,42.9,1.331
1310,2024-08-09 15:00:00,57.05,42.95,1.328
1311,2024-08-09 15:30:00,57.49,42.51,1.352
1312,2024-08-09 16:00:00,57.55,42.45,1.356
1313,2024-08-09 16:30:00,57.48,42.52,1.352
1314,2024-08-09 17:00:00,57.22,42.78,1.338
1315,2024-08-09 17:30:00,57.68,42.32,1.363
1316,2024-08-09 18:00:00,57.59,42.41,1.358
1317,2024-08-09 18:30:00,58.37,41.63,1.402
1318,2024-08-09 19:00:00,58.2,41.8,1.392
1319,2024-08-09 19:30:00,58.05,41.95,1.384
1320,2024-08-09 20:00:00,58.1,41.9,1.387
1321,2024-08-09 20:30:00,58.14,41.86,1.389
1322,2024-08-09 21:00:00,57.9,42.1,1.375
1323,2024-08-09 21:30:00,58.79,41.21,1.427
1324,2024-08-09 22:00:00,58.73,41.27,1.423
1325,2024-08-09 22:30:00,58.62,41.38,1.417
1326,2024-08-09 23:00:00,58.65,41.35,1.418
1327,2024-08-09 23:30:00,58.62,41.38,1.417
1328,2024-08-10 00:00:00,58.48,41.52,1.408
1329,2024-08-10 00:30:00,58.61,41.39,1.416
1330,2024-08-10 01:00:00,58.68,41.32,1.42
1331,2024-08-10 01:30:00,58.51,41.49,1.41
1332,2024-08-10 02:00:00,58.56,41.44,1.413
1333,2024-08-10 02:30:00,58.71,41.29,1.422
1334,2024-08-10 03:00:00,58.93,41.07,1.435
1335,2024-08-10 03:30:00,59.06,40.94,1.443
1336,2024-08-10 04:00:00,59.31,40.69,1.458
1337,2024-08-10 04:30:00,59.31,40.69,1.458
1338,2024-08-10 05:00:00,59.47,40.53,1.467
1339,2024-08-10 05:30:00,58.61,41.39,1.416
1340,2024-08-10 06:00:00,58.38,41.62,1.403
1341,2024-08-10 06:30:00,58.12,41.88,1.388
1342,2024-08-10 07:00:00,57.83,42.17,1.371
1343,2024-08-10 07:30:00,58.08,41.92,1.385
1344,2024-08-10 08:00:00,58.32,41.68,1.399
1345,2024-08-10 08:30:00,58.18,41.82,1.391
1346,2024-08-10 09:00:00,57.83,42.17,1.371
1347,2024-08-10 09:30:00,57.62,42.38,1.36
1348,2024-08-10 10:00:00,57.76,42.24,1.367
1349,2024-08-10 10:30:00,57.62,42.38,1.36
1350,2024-08-10 11:00:00,57.63,42.37,1.36
1351,2024-08-10 11:30:00,57.65,42.35,1.361
1352,2024-08-10 12:00:00,57.79,42.21,1.369
1353,2024-08-10 12:30:00,57.96,42.04,1.379
1354,2024-08-10 13:00:00,57.97,42.03,1.379
1355,2024-08-10 13:30:00,57.91,42.09,1.376
1356,2024-08-10 14:00:00,57.9,42.1,1.375
1357,2024-08-10 14:30:00,57.91,42.09,1.376
1358,2024-08-10 15:00:00,58.15,41.85,1.389
1359,2024-08-10 15:30:00,57.78,42.22,1.369
1360,2024-08-10 16:00:00,57.6,42.4,1.358
1361,2024-08-10 16:30:00,57.35,42.65,1.345
1362,2024-08-10 17:00:00,57.27,42.73,1.34
1363,2024-08-10 17:30:00,57.23,42.77,1.338
1364,2024-08-10 18:00:00,57.24,42.76,1.339
1365,2024-08-10 18:30:00,57.08,42.92,1.33
1366,2024-08-10 19:00:00,57.11,42.89,1.332
1367,2024-08-10 19:30:00,57.11,42.89,1.332
1368,2024-08-10 20:00:00,57.12,42.88,1.332
1369,2024-08-10 20:30:00,57.07,42.93,1.329
1370,2024-08-10 21:00:00,57.24,42.76,1.339
1371,2024-08-10 21:30:00,56.9,43.1,1.32
1372,2024-08-10 22:00:00,57.0,43.0,1.326
1373,2024-08-10 22:30:00,56.9,43.1,1.32
1374,2024-08-10 23:00:00,56.84,43.16,1.317
1375,2024-08-10 23:30:00,56.81,43.19,1.315
1376,2024-08-11 00:00:00,56.71,43.29,1.31
1377,2024-08-11 00:30:00,56.96,43.04,1.323
1378,2024-08-11 01:00:00,57.15,42.85,1.334
1379,2024-08-11 01:30:00,57.48,42.52,1.352
1380,2024-08-11 02:00:00,57.53,42.47,1.355
1381,2024-08-11 02:30:00,57.73,42.27,1.366
1382,2024-08-11 03:00:00,57.75,42.25,1.367
1383,2024-08-11 03:30:00,57.62,42.38,1.36
1384,2024-08-11 04:00:00,57.49,42.51,1.352
1385,2024-08-11 04:30:00,57.4,42.6,1.347
1386,2024-08-11 05:00:00,57.17,42.83,1.335
1387,2024-08-11 05:30:00,56.8,43.2,1.315
1388,2024-08-11 06:00:00,56.76,43.24,1.313
1389,2024-08-11 06:30:00,57.72,42.28,1.365
1390,2024-08-11 07:00:00,57.63,42.37,1.36
1391,2024-08-11 07:30:00,57.6,42.4,1.358
1392,2024-08-11 08:00:00,57.51,42.49,1.353
1393,2024-08-11 08:30:00,57.11,42.89,1.332
1394,2024-08-11 09:00:00,57.18,42.82,1.335
1395,2024-08-11 09:30:00,56.93,43.07,1.322
1396,2024-08-11 10:00:00,56.96,43.04,1.323
1397,2024-08-11 10:30:00,56.75,43.25,1.312
1398,2024-08-11 11:00:00,57.69,42.31,1.364
1399,2024-08-11 11:30:00,57.79,42.21,1.369
1400,2024-08-11 12:00:00,57.8,42.2,1.37
1401,2024-08-11 12:30:00,57.41,42.59,1.348
1402,2024-08-11 13:00:00,57.3,42.7,1.342
1403,2024-08-11 13:30:00,57.53,42.47,1.355
1404,2024-08-11 14:00:00,57.76,42.24,1.367
1405,2024-08-11 14:30:00,57.74,42.26,1.366
1406,2024-08-11 15:00:00,58.09,41.91,1.386
1407,2024-08-11 15:30:00,58.07,41.93,1.385
1408,2024-08-11 16:00:00,58.1,41.9,1.387
1409,2024-08-11 16:30:00,57.57,42.43,1.357
1410,2024-08-11 17:00:00,57.89,42.11,1.375
1411,2024-08-11 17:30:00,57.69,42.31,1.364
1412,2024-08-11 18:00:00,58.47,41.53,1.408
1413,2024-08-11 18:30:00,58.99,41.01,1.438
1414,2024-08-11 19:00:00,59.66,40.34,1.479
1415,2024-08-11 19:30:00,59.95,40.05,1.497
1416,2024-08-11 20:00:00,59.9,40.1,1.494
1417,2024-08-11 20:30:00,60.02,39.98,1.501
1418,2024-08-11 21:00:00,59.97,40.03,1.498
1419,2024-08-11 21:30:00,60.36,39.64,1.523
1420,2024-08-11 22:00:00,60.28,39.72,1.518
1421,2024-08-11 22:30:00,60.29,39.71,1.518
1422,2024-08-11 23:00:00,60.46,39.54,1.529
1423,2024-08-11 23:30:00,60.64,39.36,1.541
1424,2024-08-12 00:00:00,60.7,39.3,1.545
1425,2024-08-12 00:30:00,60.91,39.09,1.558
1426,2024-08-12 01:00:00,61.15,38.85,1.574
1427,2024-08-12 01:30:00,61.26,38.74,1.581
1428,2024-08-12 02:00:00,61.24,38.76,1.58
1429,2024-08-12 02:30:00,61.42,38.58,1.592
1430,2024-08-12 03:00:00,61.64,38.36,1.607
1431,2024-08-12 03:30:00,61.75,38.25,1.614
1432,2024-08-12 04:00:00,61.57,38.43,1.602
1433,2024-08-12 04:30:00,61.27,38.73,1.582
1434,2024-08-12 05:00:00,62.39,37.61,1.659
1435,2024-08-12 05:30:00,63.04,36.96,1.706
1436,2024-08-12 06:00:00,62.75,37.25,1.685
1437,2024-08-12 06:30:00,63.46,36.54,1.737
1438,2024-08-12 07:00:00,63.85,36.15,1.766
1439,2024-08-12 07:30:00,64.33,35.67,1.803
1440,2024-08-12 08:00:00,64.21,35.79,1.794
1441,2024-08-12 08:30:00,64.77,35.23,1.838
1442,2024-08-12 09:00:00,64.32,35.68,1.803
1443,2024-08-12 09:30:00,63.19,36.81,1.717
1444,2024-08-12 10:00:00,62.99,37.01,1.702
1445,2024-08-12 10:30:00,62.61,37.39,1.675
1446,2024-08-12 11:00:00,63.1,36.9,1.71
1447,2024-08-12 11:30:00,62.71,37.29,1.682
1448,2024-08-12 12:00:00,61.36,38.64,1.588
1449,2024-08-12 12:30:00,60.81,39.19,1.552
1450,2024-08-12 13:00:00,61.67,38.33,1.609
1451,2024-08-12 13:30:00,61.06,38.94,1.568
1452,2024-08-12 14:00:00,61.32,38.68,1.585
1453,2024-08-12 14:30:00,61.57,38.43,1.602
1454,2024-08-12 15:00:00,61.51,38.49,1.598
1455,2024-08-12 15:30:00,61.81,38.19,1.618
1456,2024-08-12 16:00:00,61.97,38.03,1.63
1457,2024-08-12 16:30:00,62.76,37.24,1.685
1458,2024-08-12 17:00:00,62.25,37.75,1.649
1459,2024-08-12 17:30:00,62.55,37.45,1.67
1460,2024-08-12 18:00:00,62.75,37.25,1.685
1461,2024-08-12 18:30:00,63.01,36.99,1.703
1462,2024-08-12 19:00:00,63.2,36.8,1.717
1463,2024-08-12 19:30:00,63.23,36.77,1.72
1464,2024-08-12 20:00:00,63.26,36.74,1.722
1465,2024-08-12 20:30:00,63.92,36.08,1.772
1466,2024-08-12 21:00:00,64.26,35.74,1.798
1467,2024-08-12 21:30:00,64.58,35.42,1.823
1468,2024-08-12 22:00:00,64.4,35.6,1.809
1469,2024-08-12 22:30:00,64.74,35.26,1.836
1470,2024-08-12 23:00:00,64.5,35.5,1.817
1471,2024-08-12 23:30:00,64.31,35.69,1.802
1472,2024-08-13 00:00:00,63.97,36.03,1.775
1473,2024-08-13 00:30:00,63.39,36.61,1.731
1474,2024-08-13 01:00:00,63.63,36.37,1.75
1475,2024-08-13 01:30:00,63.98,36.02,1.776
1476,2024-08-13 02:00:00,64.15,35.85,1.789
1477,2024-08-13 02:30:00,64.15,35.85,1.789
1478,2024-08-13 03:00:00,64.07,35.93,1.783
1479,2024-08-13 03:30:00,63.79,36.21,1.762
1480,2024-08-13 04:00:00,63.91,36.09,1.771
1481,2024-08-13 04:30:00,64.06,35.94,1.782
1482,2024-08-13 05:00:00,64.1,35.9,1.786
1483,2024-08-13 05:30:00,64.02,35.98,1.779
1484,2024-08-13 06:00:00,64.02,35.98,1.779
1485,2024-08-13 06:30:00,63.75,36.25,1.759
1486,2024-08-13 07:00:00,63.8,36.2,1.762
1487,2024-08-13 07:30:00,64.25,35.75,1.797
1488,2024-08-13 08:00:00,64.38,35.62,1.807
1489,2024-08-13 08:30:00,64.69,35.31,1.832
1490,2024-08-13 09:00:00,64.68,35.32,1.831
1491,2024-08-13 09:30:00,64.65,35.35,1.829
1492,2024-08-13 10:00:00,64.76,35.24,1.838
1493,2024-08-13 10:30:00,64.41,35.59,1.81
1494,2024-08-13 11:00:00,64.03,35.97,1.78
1495,2024-08-13 11:30:00,63.21,36.79,1.718
1496,2024-08-13 12:00:00,62.69,37.31,1.68
1497,2024-08-13 12:30:00,61.99,38.01,1.631
1498,2024-08-13 13:00:00,61.95,38.05,1.628
1499,2024-08-13 13:30:00,61.64,38.36,1.607
1500,2024-08-13 14:00:00,59.49,40.51,1.469
1501,2024-08-13 14:30:00,56.91,43.09,1.321
1502,2024-08-13 15:00:00,55.9,44.1,1.268
1503,2024-08-13 15:30:00,55.39,44.61,1.242
1504,2024-08-13 16:00:00,55.33,44.67,1.239
1505,2024-08-13 16:30:00,56.19,43.81,1.283
1506,2024-08-13 17:00:00,56.74,43.26,1.312
1507,2024-08-13 17:30:00,56.64,43.36,1.306
1508,2024-08-13 18:00:00,56.62,43.38,1.305
1509,2024-08-13 18:30:00,56.67,43.33,1.308
1510,2024-08-13 19:00:00,56.9,43.1,1.32
1511,2024-08-13 19:30:00,57.42,42.58,1.349
1512,2024-08-13 20:00:00,57.59,42.41,1.358
1513,2024-08-13 20:30:00,57.53,42.47,1.355
1514,2024-08-13 21:00:00,57.62,42.38,1.36
1515,2024-08-13 21:30:00,58.03,41.97,1.383
1516,2024-08-13 22:00:00,58.32,41.68,1.399
1517,2024-08-13 22:30:00,57.94,42.06,1.378
1518,2024-08-13 23:00:00,57.93,42.07,1.377
1519,2024-08-13 23:30:00,57.77,42.23,1.368
1520,2024-08-14 00:00:00,57.78,42.22,1.369
1521,2024-08-14 00:30:00,57.69,42.31,1.364
1522,2024-08-14 01:00:00,56.98,43.02,1.325
1523,2024-08-14 01:30:00,56.89,43.11,1.32
1524,2024-08-14 02:00:00,56.64,43.36,1.306
1525,2024-08-14 02:30:00,56.57,43.43,1.303
1526,2024-08-14 03:00:00,56.37,43.63,1.292
1527,2024-08-14 03:30:00,57.09,42.91,1.33
1528,2024-08-14 04:00:00,57.41,42.59,1.348
1529,2024-08-14 04:30:00,57.49,42.51,1.352
1530,2024-08-14 05:00:00,57.91,42.09,1.376
1531,2024-08-14 05:30:00,58.01,41.99,1.382
1532,2024-08-14 06:00:00,57.91,42.09,1.376
1533,2024-08-14 06:30:00,58.12,41.88,1.388
1534,2024-08-14 07:00:00,58.08,41.92,1.385
1535,2024-08-14 07:30:00,58.33,41.67,1.4
1536,2024-08-14 08:00:00,57.74,42.26,1.366
1537,2024-08-14 08:30:00,58.33,41.67,1.4
1538,2024-08-14 09:00:00,57.56,42.44,1.356
1539,2024-08-14 09:30:00,57.81,42.19,1.37
1540,2024-08-14 10:00:00,57.96,42.04,1.379
1541,2024-08-14 10:30:00,57.91,42.09,1.376
1542,2024-08-14 11:00:00,60.44,39.56,1.528
1543,2024-08-14 11:30:00,64.46,35.54,1.814
1544,2024-08-14 12:00:00,65.44,34.56,1.894
1545,2024-08-14 12:30:00,65.47,34.53,1.896
1546,2024-08-14 13:00:00,66.14,33.86,1.953
1547,2024-08-14 13:30:00,66.64,33.36,1.998
1548,2024-08-14 14:00:00,67.12,32.88,2.041
1549,2024-08-14 14:30:00,67.26,32.74,2.054
1550,2024-08-14 15:00:00,67.27,32.73,2.055
1551,2024-08-14 15:30:00,67.29,32.71,2.057
1552,2024-08-14 16:00:00,67.64,32.36,2.09
1553,2024-08-14 16:30:00,67.62,32.38,2.088
1554,2024-08-14 17:00:00,67.69,32.31,2.095
1555,2024-08-14 17:30:00,67.79,32.21,2.105
1556,2024-08-14 18:00:00,67.85,32.15,2.11
1557,2024-08-14 18:30:00,67.86,32.14,2.111
1558,2024-08-14 19:00:00,67.91,32.09,2.116
1559,2024-08-14 19:30:00,67.74,32.26,2.1
1560,2024-08-14 20:00:00,67.8,32.2,2.106
1561,2024-08-14 20:30:00,67.96,32.04,2.121
1562,2024-08-14 21:00:00,68.0,32.0,2.125
1563,2024-08-14 21:30:00,68.11,31.89,2.136
1564,2024-08-14 22:00:00,68.33,31.67,2.158
1565,2024-08-14 22:30:00,68.43,31.57,2.168
1566,2024-08-14 23:00:00,68.62,31.38,2.187
1567,2024-08-14 23:30:00,69.02,30.98,2.228
1568,2024-08-15 00:00:00,69.22,30.78,2.249
1569,2024-08-15 00:30:00,69.29,30.71,2.256
1570,2024-08-15 01:00:00,69.47,30.53,2.275
1571,2024-08-15 01:30:00,69.32,30.68,2.259
1572,2024-08-15 02:00:00,69.48,30.52,2.277
1573,2024-08-15 02:30:00,69.61,30.39,2.291
1574,2024-08-15 03:00:00,69.75,30.25,2.306
1575,2024-08-15 03:30:00,69.75,30.25,2.306
1576,2024-08-15 04:00:00,69.68,30.32,2.298
1577,2024-08-15 04:30:00,69.61,30.39,2.291
1578,2024-08-15 05:00:00,69.85,30.15,2.317
1579,2024-08-15 05:30:00,70.12,29.88,2.347
1580,2024-08-15 06:00:00,70.42,29.58,2.381
1581,2024-08-15 06:30:00,70.31,29.69,2.368
1582,2024-08-15 07:00:00,70.22,29.78,2.358
1583,2024-08-15 07:30:00,70.22,29.78,2.358
1584,2024-08-15 08:00:00,69.5,30.5,2.279
1585,2024-08-15 08:30:00,70.68,29.32,2.411
1586,2024-08-15 09:00:00,70.54,29.46,2.394
1587,2024-08-15 09:30:00,70.44,29.56,2.383
1588,2024-08-15 10:00:00,70.21,29.79,2.357
1589,2024-08-15 10:30:00,70.08,29.92,2.342
1590,2024-08-15 11:00:00,69.06,30.94,2.232
1591,2024-08-15 11:30:00,67.94,32.06,2.119
1592,2024-08-15 12:00:00,67.32,32.68,2.06
1593,2024-08-15 12:30:00,66.37,33.63,1.974
1594,2024-08-15 13:00:00,66.19,33.81,1.958
1595,2024-08-15 13:30:00,65.73,34.27,1.918
1596,2024-08-15 14:00:00,65.23,34.77,1.876
1597,2024-08-15 14:30:00,64.37,35.63,1.807
1598,2024-08-15 15:00:00,64.36,35.64,1.806
1599,2024-08-15 15:30:00,67.3,32.7,2.058
1600,2024-08-15 16:00:00,68.04,31.96,2.129
1601,2024-08-15 16:30:00,67.79,32.21,2.105
1602,2024-08-15 17:00:00,68.77,31.23,2.202
1603,2024-08-15 17:30:00,69.02,30.98,2.228
1604,2024-08-15 18:00:00,69.32,30.68,2.259
1605,2024-08-15 18:30:00,70.29,29.71,2.366
1606,2024-08-15 19:00:00,71.08,28.92,2.458
1607,2024-08-15 19:30:00,70.79,29.21,2.423
1608,2024-08-15 20:00:00,70.78,29.22,2.422
1609,2024-08-15 20:30:00,70.53,29.47,2.393
1610,2024-08-15 21:00:00,70.14,29.86,2.349
1611,2024-08-15 21:30:00,69.68,30.32,2.298
1612,2024-08-15 22:00:00,69.55,30.45,2.284
1613,2024-08-15 22:30:00,69.32,30.68,2.259
1614,2024-08-15 23:00:00,69.62,30.38,2.292
1615,2024-08-15 23:30:00,69.96,30.04,2.329
1616,2024-08-16 00:00:00,70.26,29.74,2.362
1617,2024-08-16 00:30:00,69.73,30.27,2.304
1618,2024-08-16 01:00:00,69.42,30.58,2.27
1619,2024-08-16 01:30:00,70.03,29.97,2.337
1620,2024-08-16 02:00:00,69.82,30.18,2.313
1621,2024-08-16 02:30:00,69.17,30.83,2.244
1622,2024-08-16 03:00:00,69.1,30.9,2.236
1623,2024-08-16 03:30:00,68.68,31.32,2.193
1624,2024-08-16 04:00:00,68.52,31.48,2.177
1625,2024-08-16 04:30:00,67.81,32.19,2.107
1626,2024-08-16 05:00:00,67.64,32.36,2.09
1627,2024-08-16 05:30:00,66.82,33.18,2.014
1628,2024-08-16 06:00:00,66.11,33.89,1.951
1629,2024-08-16 06:30:00,65.39,34.61,1.889
1630,2024-08-16 07:00:00,65.59,34.41,1.906
1631,2024-08-16 07:30:00,64.91,35.09,1.85
1632,2024-08-16 08:00:00,64.75,35.25,1.837
1633,2024-08-16 08:30:00,64.11,35.89,1.786
1634,2024-08-16 09:00:00,63.61,36.39,1.748
1635,2024-08-16 09:30:00,62.3,37.7,1.653
1636,2024-08-16 10:00:00,63.01,36.99,1.703
1637,2024-08-16 10:30:00,64.03,35.97,1.78
1638,2024-08-16 11:00:00,64.4,35.6,1.809
1639,2024-08-16 11:30:00,64.24,35.76,1.796
1640,2024-08-16 12:00:00,64.39,35.61,1.808
1641,2024-08-16 12:30:00,64.46,35.54,1.814
1642,2024-08-16 13:00:00,64.41,35.59,1.81
1643,2024-08-16 13:30:00,64.78,35.22,1.839
1644,2024-08-16 14:00:00,63.74,36.26,1.758
1645,2024-08-16 14:30:00,63.08,36.92,1.709
1646,2024-08-16 15:00:00,63.18,36.82,1.716
1647,2024-08-16 15:30:00,61.84,38.16,1.621
1648,2024-08-16 16:00:00,60.94,39.06,1.56
1649,2024-08-16 16:30:00,60.33,39.67,1.521
1650,2024-08-16 17:00:00,58.92,41.08,1.434
1651,2024-08-16 17:30:00,57.79,42.21,1.369
1652,2024-08-16 18:00:00,57.73,42.27,1.366
1653,2024-08-16 18:30:00,57.71,42.29,1.365
1654,2024-08-16 19:00:00,57.83,42.17,1.371
1655,2024-08-16 19:30:00,58.34,41.66,1.4
1656,2024-08-16 20:00:00,58.38,41.62,1.403
1657,2024-08-16 20:30:00,58.66,41.34,1.419
1658,2024-08-16 21:00:00,58.89,41.11,1.432
1659,2024-08-16 21:30:00,59.26,40.74,1.455
1660,2024-08-16 22:00:00,60.19,39.81,1.512
1661,2024-08-16 22:30:00,60.21,39.79,1.513
1662,2024-08-16 23:00:00,60.32,39.68,1.52
1663,2024-08-16 23:30:00,60.18,39.82,1.511
1664,2024-08-17 00:00:00,60.19,39.81,1.512
1665,2024-08-17 00:30:00,59.89,40.11,1.493
1666,2024-08-17 01:00:00,60.01,39.99,1.501
1667,2024-08-17 01:30:00,60.29,39.71,1.518
1668,2024-08-17 02:00:00,60.39,39.61,1.525
1669,2024-08-17 02:30:00,60.32,39.68,1.52
1670,2024-08-17 03:00:00,60.44,39.56,1.528
1671,2024-08-17 03:30:00,60.44,39.56,1.528
1672,2024-08-17 04:00:00,59.97,40.03,1.498
1673,2024-08-17 04:30:00,59.68,40.32,1.48
1674,2024-08-17 05:00:00,59.82,40.18,1.489
1675,2024-08-17 05:30:00,59.77,40.23,1.486
1676,2024-08-17 06:00:00,59.88,40.12,1.493
1677,2024-08-17 06:30:00,60.12,39.88,1.508
1678,2024-08-17 07:00:00,60.29,39.71,1.518
1679,2024-08-17 07:30:00,59.96,40.04,1.498
1680,2024-08-17 08:00:00,59.93,40.07,1.496
1681,2024-08-17 08:30:00,59.96,40.04,1.498
1682,2024-08-17 09:00:00,59.93,40.07,1.496
1683,2024-08-17 09:30:00,60.21,39.79,1.513
1684,2024-08-17 10:00:00,60.46,39.54,1.529
1685,2024-08-17 10:30:00,60.37,39.63,1.523
1686,2024-08-17 11:00:00,60.05,39.95,1.503
1687,2024-08-17 11:30:00,59.86,40.14,1.491
1688,2024-08-17 12:00:00,59.94,40.06,1.496
1689,2024-08-17 12:30:00,59.51,40.49,1.47
1690,2024-08-17 13:00:00,59.27,40.73,1.455
1691,2024-08-17 13:30:00,59.31,40.69,1.458
1692,2024-08-17 14:00:00,59.22,40.78,1.452
1693,2024-08-17 14:30:00,59.08,40.92,1.444
1694,2024-08-17 15:00:00,58.85,41.15,1.43
1695,2024-08-17 15:30:00,58.65,41.35,1.418
1696,2024-08-17 16:00:00,58.44,41.56,1.406
1697,2024-08-17 16:30:00,58.57,41.43,1.414
1698,2024-08-17 17:00:00,58.52,41.48,1.411
1699,2024-08-17 17:30:00,58.49,41.51,1.409
1700,2024-08-17 18:00:00,58.5,41.5,1.41
1701,2024-08-17 18:30:00,58.45,41.55,1.407
1702,2024-08-17 19:00:00,58.53,41.47,1.411
1703,2024-08-17 19:30:00,58.57,41.43,1.414
1704,2024-08-17 20:00:00,58.64,41.36,1.418
1705,2024-08-17 20:30:00,58.86,41.14,1.431
1706,2024-08-17 21:00:00,58.86,41.14,1.431
1707,2024-08-17 21:30:00,58.76,41.24,1.425
1708,2024-08-17 22:00:00,58.51,41.49,1.41
1709,2024-08-17 22:30:00,58.28,41.72,1.397
1710,2024-08-17 23:00:00,58.24,41.76,1.395
1711,2024-08-17 23:30:00,58.36,41.64,1.402
1712,2024-08-18 00:00:00,59.44,40.56,1.465
1713,2024-08-18 00:30:00,59.78,40.22,1.486
1714,2024-08-18 01:00:00,59.52,40.48,1.47
1715,2024-08-18 01:30:00,60.02,39.98,1.501
1716,2024-08-18 02:00:00,59.85,40.15,1.491
1717,2024-08-18 02:30:00,59.98,40.02,1.499
1718,2024-08-18 03:00:00,59.9,40.1,1.494
1719,2024-08-18 03:30:00,60.0,40.0,1.5
1720,2024-08-18 04:00:00,60.0,40.0,1.5
1721,2024-08-18 04:30:00,59.88,40.12,1.493
1722,2024-08-18 05:00:00,59.81,40.19,1.488
1723,2024-08-18 05:30:00,59.6,40.4,1.475
1724,2024-08-18 06:00:00,59.75,40.25,1.484
1725,2024-08-18 06:30:00,59.46,40.54,1.467
1726,2024-08-18 07:00:00,59.1,40.9,1.445
1727,2024-08-18 07:30:00,58.59,41.41,1.415
1728,2024-08-18 08:00:00,58.37,41.63,1.402
1729,2024-08-18 08:30:00,58.42,41.58,1.405
1730,2024-08-18 09:00:00,58.43,41.57,1.406
1731,2024-08-18 09:30:00,58.41,41.59,1.404
1732,2024-08-18 10:00:00,58.2,41.8,1.392
1733,2024-08-18 10:30:00,58.0,42.0,1.381
1734,2024-08-18 11:00:00,58.02,41.98,1.382
1735,2024-08-18 11:30:00,58.4,41.6,1.404
1736,2024-08-18 12:00:00,58.39,41.61,1.403
1737,2024-08-18 12:30:00,58.62,41.38,1.417
1738,2024-08-18 13:00:00,58.85,41.15,1.43
1739,2024-08-18 13:30:00,58.78,41.22,1.426
1740,2024-08-18 14:00:00,58.9,41.1,1.433
1741,2024-08-18 14:30:00,58.5,41.5,1.41
1742,2024-08-18 15:00:00,58.79,41.21,1.427
1743,2024-08-18 15:30:00,58.85,41.15,1.43
1744,2024-08-18 16:00:00,59.0,41.0,1.439
1745,2024-08-18 16:30:00,59.0,41.0,1.439
1746,2024-08-18 17:00:00,59.1,40.9,1.445
1747,2024-08-18 17:30:00,59.21,40.79,1.452
1748,2024-08-18 18:00:00,59.38,40.62,1.462
1749,2024-08-18 18:30:00,59.25,40.75,1.454
1750,2024-08-18 19:00:00,59.38,40.62,1.462
1751,2024-08-18 19:30:00,59.59,40.41,1.475
1752,2024-08-18 20:00:00,59.51,40.49,1.47
1753,2024-08-18 20:30:00,59.24,40.76,1.453
1754,2024-08-18 21:00:00,60.26,39.74,1.516
1755,2024-08-18 21:30:00,61.72,38.28,1.612
1756,2024-08-18 22:00:00,62.41,37.59,1.66
1757,2024-08-18 22:30:00,63.01,36.99,1.703
1758,2024-08-18 23:00:00,63.57,36.43,1.745
1759,2024-08-18 23:30:00,63.75,36.25,1.759
1760,2024-08-19 00:00:00,64.26,35.74,1.798
1761,2024-08-19 00:30:00,64.4,35.6,1.809
1762,2024-08-19 01:00:00,64.6,35.4,1.825
1763,2024-08-19 01:30:00,64.35,35.65,1.805
1764,2024-08-19 02:00:00,64.44,35.56,1.812
1765,2024-08-19 02:30:00,64.48,35.52,1.815
1766,2024-08-19 03:00:00,64.62,35.38,1.826
1767,2024-08-19 03:30:00,64.85,35.15,1.845
1768,2024-08-19 04:00:00,65.22,34.78,1.875
1769,2024-08-19 04:30:00,65.2,34.8,1.874
1770,2024-08-19 05:00:00,65.24,34.76,1.877
1771,2024-08-19 05:30:00,65.38,34.62,1.889
1772,2024-08-19 06:00:00,65.41,34.59,1.891
1773,2024-08-19 06:30:00,65.45,34.55,1.894
1774,2024-08-19 07:00:00,65.38,34.62,1.889
1775,2024-08-19 07:30:00,66.3,33.7,1.967
1776,2024-08-19 08:00:00,66.21,33.79,1.959
1777,2024-08-19 08:30:00,66.3,33.7,1.967
1778,2024-08-19 09:00:00,66.87,33.13,2.018
1779,2024-08-19 09:30:00,66.39,33.61,1.975
1780,2024-08-19 10:00:00,66.36,33.64,1.973
1781,2024-08-19 10:30:00,66.88,33.12,2.019
1782,2024-08-19 11:00:00,66.53,33.47,1.988
1783,2024-08-19 11:30:00,66.74,33.26,2.007
1784,2024-08-19 12:00:00,66.92,33.08,2.023
1785,2024-08-19 12:30:00,66.33,33.67,1.97
1786,2024-08-19 13:00:00,66.09,33.91,1.949
1787,2024-08-19 13:30:00,65.8,34.2,1.924
1788,2024-08-19 14:00:00,65.86,34.14,1.929
1789,2024-08-19 14:30:00,65.85,34.15,1.928
1790,2024-08-19 15:00:00,65.4,34.6,1.89
1791,2024-08-19 15:30:00,65.42,34.58,1.892
1792,2024-08-19 16:00:00,65.12,34.88,1.867
1793,2024-08-19 16:30:00,65.21,34.79,1.874
1794,2024-08-19 17:00:00,65.13,34.87,1.868
1795,2024-08-19 17:30:00,65.02,34.98,1.859
1796,2024-08-19 18:00:00,65.02,34.98,1.859
1797,2024-08-19 18:30:00,64.75,35.25,1.837
1798,2024-08-19 19:00:00,64.76,35.24,1.838
1799,2024-08-19 19:30:00,64.66,35.34,1.83
1800,2024-08-19 20:00:00,64.41,35.59,1.81
1801,2024-08-19 20:30:00,64.66,35.34,1.83
1802,2024-08-19 21:00:00,64.42,35.58,1.811
1803,2024-08-19 21:30:00,62.83,37.17,1.69
1804,2024-08-19 22:00:00,61.04,38.96,1.567
1805,2024-08-19 22:30:00,60.27,39.73,1.517
1806,2024-08-19 23:00:00,59.36,40.64,1.461
1807,2024-08-19 23:30:00,58.72,41.28,1.422
1808,2024-08-20 00:00:00,58.69,41.31,1.421
1809,2024-08-20 00:30:00,58.29,41.71,1.398
1810,2024-08-20 01:00:00,58.11,41.89,1.387
1811,2024-08-20 01:30:00,57.34,42.66,1.344
1812,2024-08-20 02:00:00,56.91,43.09,1.321
1813,2024-08-20 02:30:00,56.55,43.45,1.301
1814,2024-08-20 03:00:00,55.86,44.14,1.266
1815,2024-08-20 03:30:00,55.32,44.68,1.238
1816,2024-08-20 04:00:00,54.87,45.13,1.216
1817,2024-08-20 04:30:00,54.28,45.72,1.187
1818,2024-08-20 05:00:00,54.31,45.69,1.189
1819,2024-08-20 05:30:00,53.63,46.37,1.157
1820,2024-08-20 06:00:00,53.65,46.35,1.157
1821,2024-08-20 06:30:00,54.27,45.73,1.187
1822,2024-08-20 07:00:00,54.03,45.97,1.175
1823,2024-08-20 07:30:00,53.98,46.02,1.173
1824,2024-08-20 08:00:00,53.95,46.05,1.172
1825,2024-08-20 08:30:00,53.43,46.57,1.147
1826,2024-08-20 09:00:00,53.96,46.04,1.172
1827,2024-08-20 09:30:00,54.54,45.46,1.2
1828,2024-08-20 10:00:00,54.43,45.57,1.194
1829,2024-08-20 10:30:00,54.31,45.69,1.189
1830,2024-08-20 11:00:00,55.48,44.52,1.246
1831,2024-08-20 11:30:00,56.64,43.36,1.306
1832,2024-08-20 12:00:00,59.34,40.66,1.459
1833,2024-08-20 12:30:00,63.23,36.77,1.72
1834,2024-08-20 13:00:00,64.54,35.46,1.82
1835,2024-08-20 13:30:00,65.37,34.63,1.888
1836,2024-08-20 14:00:00,65.82,34.18,1.926
1837,2024-08-20 14:30:00,66.33,33.67,1.97
1838,2024-08-20 15:00:00,67.09,32.91,2.039
1839,2024-08-20 15:30:00,67.41,32.59,2.068
1840,2024-08-20 16:00:00,66.84,33.16,2.016
1841,2024-08-20 16:30:00,66.81,33.19,2.013
1842,2024-08-20 17:00:00,67.06,32.94,2.036
1843,2024-08-20 17:30:00,67.01,32.99,2.031
1844,2024-08-20 18:00:00,66.51,33.49,1.986
1845,2024-08-20 18:30:00,66.25,33.75,1.963
1846,2024-08-20 19:00:00,66.56,33.44,1.99
1847,2024-08-20 19:30:00,66.51,33.49,1.986
1848,2024-08-20 20:00:00,66.28,33.72,1.966
1849,2024-08-20 20:30:00,65.94,34.06,1.936
1850,2024-08-20 21:00:00,65.82,34.18,1.926
1851,2024-08-20 21:30:00,66.23,33.77,1.961
1852,2024-08-20 22:00:00,65.97,34.03,1.939
1853,2024-08-20 22:30:00,65.72,34.28,1.917
1854,2024-08-20 23:00:00,65.98,34.02,1.939
1855,2024-08-20 23:30:00,65.79,34.21,1.923
1856,2024-08-21 00:00:00,65.77,34.23,1.921
1857,2024-08-21 00:30:00,65.59,34.41,1.906
1858,2024-08-21 01:00:00,65.39,34.61,1.889
1859,2024-08-21 01:30:00,65.43,34.57,1.893
1860,2024-08-21 02:00:00,65.54,34.46,1.902
1861,2024-08-21 02:30:00,65.55,34.45,1.903
1862,2024-08-21 03:00:00,65.4,34.6,1.89
1863,2024-08-21 03:30:00,65.97,34.03,1.939
1864,2024-08-21 04:00:00,65.54,34.46,1.902
1865,2024-08-21 04:30:00,65.56,34.44,1.904
1866,2024-08-21 05:00:00,65.54,34.46,1.902
1867,2024-08-21 05:30:00,65.11,34.89,1.866
1868,2024-08-21 06:00:00,64.93,35.07,1.851
1869,2024-08-21 06:30:00,64.42,35.58,1.811
1870,2024-08-21 07:00:00,64.74,35.26,1.836
1871,2024-08-21 07:30:00,64.74,35.26,1.836
1872,2024-08-21 08:00:00,64.77,35.23,1.838
1873,2024-08-21 08:30:00,64.46,35.54,1.814
1874,2024-08-21 09:00:00,64.46,35.54,1.814
1875,2024-08-21 09:30:00,64.19,35.81,1.793
1876,2024-08-21 10:00:00,64.17,35.83,1.791
1877,2024-08-21 10:30:00,64.1,35.9,1.786
1878,2024-08-21 11:00:00,64.49,35.51,1.816
1879,2024-08-21 11:30:00,64.0,36.0,1.778
1880,2024-08-21 12:00:00,64.72,35.28,1.834
1881,2024-08-21 12:30:00,64.62,35.38,1.826
1882,2024-08-21 13:00:00,64.28,35.72,1.8
1883,2024-08-21 13:30:00,64.71,35.29,1.834
1884,2024-08-21 14:00:00,63.68,36.32,1.753
1885,2024-08-21 14:30:00,63.47,36.53,1.737
1886,2024-08-21 15:00:00,62.83,37.17,1.69
1887,2024-08-21 15:30:00,62.25,37.75,1.649
1888,2024-08-21 16:00:00,59.96,40.04,1.498
1889,2024-08-21 16:30:00,57.86,42.14,1.373
1890,2024-08-21 17:00:00,56.7,43.3,1.309
1891,2024-08-21 17:30:00,54.68,45.32,1.207
1892,2024-08-21 18:00:00,54.54,45.46,1.2
1893,2024-08-21 18:30:00,54.51,45.49,1.198
1894,2024-08-21 19:00:00,54.09,45.91,1.178
1895,2024-08-21 19:30:00,53.93,46.07,1.171
1896,2024-08-21 20:00:00,53.52,46.48,1.151
1897,2024-08-21 20:30:00,53.28,46.72,1.14
1898,2024-08-21 21:00:00,53.03,46.97,1.129
1899,2024-08-21 21:30:00,52.8,47.2,1.119
1900,2024-08-21 22:00:00,52.18,47.82,1.091
1901,2024-08-21 22:30:00,52.45,47.55,1.103
1902,2024-08-21 23:00:00,52.44,47.56,1.103
1903,2024-08-21 23:30:00,52.36,47.64,1.099
1904,2024-08-22 00:00:00,55.02,44.98,1.223
1905,2024-08-22 00:30:00,55.58,44.42,1.251
1906,2024-08-22 01:00:00,56.19,43.81,1.283
1907,2024-08-22 01:30:00,56.36,43.64,1.291
1908,2024-08-22 02:00:00,56.48,43.52,1.298
1909,2024-08-22 02:30:00,55.99,44.01,1.272
1910,2024-08-22 03:00:00,55.55,44.45,1.25
1911,2024-08-22 03:30:00,56.01,43.99,1.273
1912,2024-08-22 04:00:00,56.03,43.97,1.274
1913,2024-08-22 04:30:00,55.99,44.01,1.272
1914,2024-08-22 05:00:00,56.37,43.63,1.292
1915,2024-08-22 05:30:00,55.85,44.15,1.265
1916,2024-08-22 06:00:00,55.76,44.24,1.26
1917,2024-08-22 06:30:00,55.37,44.63,1.241
1918,2024-08-22 07:00:00,55.2,44.8,1.232
1919,2024-08-22 07:30:00,55.4,44.6,1.242
1920,2024-08-22 08:00:00,55.51,44.49,1.248
1921,2024-08-22 08:30:00,54.69,45.31,1.207
1922,2024-08-22 09:00:00,54.62,45.38,1.204
1923,2024-08-22 09:30:00,54.02,45.98,1.175
1924,2024-08-22 10:00:00,54.2,45.8,1.183
1925,2024-08-22 10:30:00,54.27,45.73,1.187
1926,2024-08-22 11:00:00,55.22,44.78,1.233
1927,2024-08-22 11:30:00,56.09,43.91,1.277
1928,2024-08-22 12:00:00,56.53,43.47,1.3
1929,2024-08-22 12:30:00,57.3,42.7,1.342
1930,2024-08-22 13:00:00,58.32,41.68,1.399
1931,2024-08-22 13:30:00,58.86,41.14,1.431
1932,2024-08-22 14:00:00,59.12,40.88,1.446
1933,2024-08-22 14:30:00,59.38,40.62,1.462
1934,2024-08-22 15:00:00,59.57,40.43,1.473
1935,2024-08-22 15:30:00,59.72,40.28,1.483
1936,2024-08-22 16:00:00,59.75,40.25,1.484
1937,2024-08-22 16:30:00,60.18,39.82,1.511
1938,2024-08-22 17:00:00,60.44,39.56,1.528
1939,2024-08-22 17:30:00,60.49,39.51,1.531
1940,2024-08-22 18:00:00,60.55,39.45,1.535
1941,2024-08-22 18:30:00,60.51,39.49,1.532
1942,2024-08-22 19:00:00,60.57,39.43,1.536
1943,2024-08-22 19:30:00,60.56,39.44,1.535
1944,2024-08-22 20:00:00,60.62,39.38,1.539
1945,2024-08-22 20:30:00,60.62,39.38,1.539
1946,2024-08-22 21:00:00,61.04,38.96,1.567
1947,2024-08-22 21:30:00,61.19,38.81,1.577
1948,2024-08-22 22:00:00,60.64,39.36,1.541
1949,2024-08-22 22:30:00,60.56,39.44,1.535
1950,2024-08-22 23:00:00,60.61,39.39,1.539
1951,2024-08-22 23:30:00,60.64,39.36,1.541
1952,2024-08-23 00:00:00,60.5,39.5,1.532
1953,2024-08-23 00:30:00,60.54,39.46,1.534
1954,2024-08-23 01:00:00,60.58,39.42,1.537
1955,2024-08-23 01:30:00,61.0,39.0,1.564
1956,2024-08-23 02:00:00,60.97,39.03,1.562
1957,2024-08-23 02:30:00,59.92,40.08,1.495
1958,2024-08-23 03:00:00,59.82,40.18,1.489
1959,2024-08-23 03:30:00,59.35,40.65,1.46
1960,2024-08-23 04:00:00,58.0,42.0,1.381
1961,2024-08-23 04:30:00,57.59,42.41,1.358
1962,2024-08-23 05:00:00,57.67,42.33,1.362
1963,2024-08-23 05:30:00,57.91,42.09,1.376
1964,2024-08-23 06:00:00,57.4,42.6,1.347
1965,2024-08-23 06:30:00,56.8,43.2,1.315
1966,2024-08-23 07:00:00,56.44,43.56,1.296
1967,2024-08-23 07:30:00,56.63,43.37,1.306
1968,2024-08-23 08:00:00,56.61,43.39,1.305
1969,2024-08-23 08:30:00,56.6,43.4,1.304
1970,2024-08-23 09:00:00,57.08,42.92,1.33
1971,2024-08-23 09:30:00,57.88,42.12,1.374
1972,2024-08-23 10:00:00,57.72,42.28,1.365
1973,2024-08-23 10:30:00,57.6,42.4,1.358
1974,2024-08-23 11:00:00,57.5,42.5,1.353
1975,2024-08-23 11:30:00,54.99,45.01,1.222
1976,2024-08-23 12:00:00,57.13,42.87,1.333
1977,2024-08-23 12:30:00,56.69,43.31,1.309
1978,2024-08-23 13:00:00,55.17,44.83,1.231
1979,2024-08-23 13:30:00,55.25,44.75,1.235
1980,2024-08-23 14:00:00,55.16,44.84,1.23
1981,2024-08-23 14:30:00,54.87,45.13,1.216
1982,2024-08-23 15:00:00,52.02,47.98,1.084
1983,2024-08-23 15:30:00,50.31,49.69,1.012
1984,2024-08-23 16:00:00,49.09,50.91,0.964
1985,2024-08-23 16:30:00,49.42,50.58,0.977
1986,2024-08-23 17:00:00,48.61,51.39,0.946
1987,2024-08-23 17:30:00,48.23,51.77,0.932
1988,2024-08-23 18:00:00,47.6,52.4,0.908
1989,2024-08-23 18:30:00,48.98,51.02,0.96
1990,2024-08-23 19:00:00,48.73,51.27,0.95
1991,2024-08-23 19:30:00,48.58,51.42,0.945
1992,2024-08-23 20:00:00,48.09,51.91,0.926
1993,2024-08-23 20:30:00,48.04,51.96,0.925
