symbol,longAccount,longShortRatio,shortAccount,timestamp
BTCUSDT,0.7141,2.497726477789437,0.2859,2024-09-02 00:30:00
BTCUSDT,0.7127,2.4806822137138878,0.2873,2024-09-02 01:00:00
BTCUSDT,0.7126,2.479471120389701,0.2874,2024-09-02 01:30:00
BTCUSDT,0.7128,2.481894150417827,0.2872,2024-09-02 02:00:00
BTCUSDT,0.7116,2.4674063800277395,0.2884,2024-09-02 02:30:00
BTCUSDT,0.7126,2.479471120389701,0.2874,2024-09-02 03:00:00
BTCUSDT,0.7068,2.4106412005457023,0.2932,2024-09-02 03:30:00
BTCUSDT,0.7077,2.421142661648991,0.2923,2024-09-02 04:00:00
BTCUSDT,0.7075,2.418803418803419,0.2925,2024-09-02 04:30:00
BTCUSDT,0.7069,2.4118048447628793,0.2931,2024-09-02 05:00:00
BTCUSDT,0.7076,2.4199726402188784,0.2924,2024-09-02 05:30:00
BTCUSDT,0.7057,2.397893306150187,0.2943,2024-09-02 06:00:00
BTCUSDT,0.7036,2.3738191632928474,0.2964,2024-09-02 06:30:00
BTCUSDT,0.7025,2.361344537815126,0.2975,2024-09-02 07:00:00
BTCUSDT,0.7007,2.341129301703976,0.2993,2024-09-02 07:30:00
BTCUSDT,0.7025,2.361344537815126,0.2975,2024-09-02 08:00:00
BTCUSDT,0.6959,2.288391976323578,0.3041,2024-09-02 08:30:00
BTCUSDT,0.6862,2.186743148502231,0.3138,2024-09-02 09:00:00
BTCUSDT,0.6838,2.1625553447185326,0.3162,2024-09-02 09:30:00
BTCUSDT,0.6897,2.2226877215597804,0.3103,2024-09-02 10:00:00
BTCUSDT,0.6873,2.197953309881676,0.3127,2024-09-02 10:30:00
BTCUSDT,0.6814,2.138731952291274,0.3186,2024-09-02 11:00:00
BTCUSDT,0.6798,2.1230480949406623,0.3202,2024-09-02 11:30:00
BTCUSDT,0.6759,2.08546744831842,0.3241,2024-09-02 12:00:00
BTCUSDT,0.6728,2.056234718826406,0.3272,2024-09-02 12:30:00
BTCUSDT,0.6697,2.0275507114744173,0.3303,2024-09-02 13:00:00
BTCUSDT,0.6709,2.038590094196293,0.3291,2024-09-02 13:30:00
BTCUSDT,0.667,2.003003003003003,0.333,2024-09-02 14:00:00
BTCUSDT,0.6696,2.0266343825665856,0.3304,2024-09-02 14:30:00
BTCUSDT,0.6705,2.0349013657056143,0.3295,2024-09-02 15:00:00
BTCUSDT,0.6689,2.0202355783751136,0.3311,2024-09-02 15:30:00
BTCUSDT,0.6684,2.0156815440289506,0.3316,2024-09-02 16:00:00
BTCUSDT,0.6665,1.9985007496251872,0.3335,2024-09-02 16:30:00
BTCUSDT,0.6652,1.9868578255675031,0.3348,2024-09-02 17:00:00
BTCUSDT,0.6698,2.0284675953967293,0.3302,2024-09-02 17:30:00
BTCUSDT,0.6713,2.04228780042592,0.3287,2024-09-02 18:00:00
BTCUSDT,0.673,2.058103975535168,0.327,2024-09-02 18:30:00
BTCUSDT,0.6715,2.0441400304414,0.3285,2024-09-02 19:00:00
BTCUSDT,0.6707,2.0367446097783177,0.3293,2024-09-02 19:30:00
BTCUSDT,0.6702,2.032140691328078,0.3298,2024-09-02 20:00:00
BTCUSDT,0.6696,2.0266343825665856,0.3304,2024-09-02 20:30:00
BTCUSDT,0.683,2.1545741324921135,0.317,2024-09-02 21:00:00
BTCUSDT,0.6754,2.0807147258163896,0.3246,2024-09-02 21:30:00
BTCUSDT,0.6736,2.063725490196078,0.3264,2024-09-02 22:00:00
BTCUSDT,0.6731,2.059039461609055,0.3269,2024-09-02 22:30:00
BTCUSDT,0.6728,2.056234718826406,0.3272,2024-09-02 23:00:00
BTCUSDT,0.6682,2.0138637733574445,0.3318,2024-09-02 23:30:00
BTCUSDT,0.6684,2.0156815440289506,0.3316,2024-09-03 00:00:00
BTCUSDT,0.6685,2.0165912518853695,0.3315,2024-09-03 00:30:00
BTCUSDT,0.6715,2.0441400304414,0.3285,2024-09-03 01:00:00
BTCUSDT,0.6681,2.0129557095510697,0.3319,2024-09-03 01:30:00
BTCUSDT,0.6661,1.994908655286014,0.3339,2024-09-03 02:00:00
BTCUSDT,0.6624,1.9620853080568719,0.3376,2024-09-03 02:30:00
BTCUSDT,0.6628,1.9655990510083035,0.3372,2024-09-03 03:00:00
BTCUSDT,0.6618,1.9568302779420463,0.3382,2024-09-03 03:30:00
BTCUSDT,0.6606,1.9463759575721862,0.3394,2024-09-03 04:00:00
BTCUSDT,0.6603,1.943773918163085,0.3397,2024-09-03 04:30:00
BTCUSDT,0.6606,1.9463759575721862,0.3394,2024-09-03 05:00:00
BTCUSDT,0.6595,1.936857562408223,0.3405,2024-09-03 05:30:00
BTCUSDT,0.6585,1.9282576866764274,0.3415,2024-09-03 06:00:00
BTCUSDT,0.6554,1.901915264074289,0.3446,2024-09-03 06:30:00
BTCUSDT,0.653,1.8818443804034584,0.347,2024-09-03 07:00:00
BTCUSDT,0.6544,1.8935185185185184,0.3456,2024-09-03 07:30:00
BTCUSDT,0.6581,1.9248318221702254,0.3419,2024-09-03 08:00:00
BTCUSDT,0.656,1.9069767441860468,0.344,2024-09-03 08:30:00
BTCUSDT,0.6556,1.9036004645760742,0.3444,2024-09-03 09:00:00
BTCUSDT,0.6571,1.9163021289005542,0.3429,2024-09-03 09:30:00
BTCUSDT,0.6559,1.9061319383900028,0.3441,2024-09-03 10:00:00
BTCUSDT,0.6609,1.948982601002654,0.3391,2024-09-03 10:30:00
BTCUSDT,0.6606,1.9463759575721862,0.3394,2024-09-03 11:00:00
BTCUSDT,0.661,1.9498525073746311,0.339,2024-09-03 11:30:00
BTCUSDT,0.6614,1.9533372711163615,0.3386,2024-09-03 12:00:00
BTCUSDT,0.6652,1.9868578255675031,0.3348,2024-09-03 12:30:00
BTCUSDT,0.6639,1.9753049687592978,0.3361,2024-09-03 13:00:00
BTCUSDT,0.6617,1.9559562518474727,0.3383,2024-09-03 13:30:00
BTCUSDT,0.6716,2.045066991473812,0.3284,2024-09-03 14:00:00
BTCUSDT,0.691,2.2362459546925564,0.309,2024-09-03 14:30:00
BTCUSDT,0.6979,2.3101621979476996,0.3021,2024-09-03 15:00:00
BTCUSDT,0.7061,2.402517863218782,0.2939,2024-09-03 15:30:00
BTCUSDT,0.7086,2.431708991077557,0.2914,2024-09-03 16:00:00
BTCUSDT,0.7134,2.4891835310537336,0.2866,2024-09-03 16:30:00
BTCUSDT,0.7141,2.497726477789437,0.2859,2024-09-03 17:00:00
BTCUSDT,0.7182,2.5486160397444997,0.2818,2024-09-03 17:30:00
BTCUSDT,0.7186,2.5536602700781805,0.2814,2024-09-03 18:00:00
BTCUSDT,0.7193,2.5625222657641613,0.2807,2024-09-03 18:30:00
BTCUSDT,0.7153,2.5124692658939236,0.2847,2024-09-03 19:00:00
BTCUSDT,0.7188,2.5561877667140824,0.2812,2024-09-03 19:30:00
BTCUSDT,0.7173,2.537318712415989,0.2827,2024-09-03 20:00:00
BTCUSDT,0.7157,2.5174111853675694,0.2843,2024-09-03 20:30:00
BTCUSDT,0.7145,2.502626970227671,0.2855,2024-09-03 21:00:00
BTCUSDT,0.7138,2.4940600978336827,0.2862,2024-09-03 21:30:00
BTCUSDT,0.7133,2.487966515521451,0.2867,2024-09-03 22:00:00
BTCUSDT,0.7124,2.477051460361613,0.2876,2024-09-03 22:30:00
BTCUSDT,0.7092,2.43878954607978,0.2908,2024-09-03 23:00:00
BTCUSDT,0.7093,2.4399724802201583,0.2907,2024-09-03 23:30:00
BTCUSDT,0.707,2.4129692832764507,0.293,2024-09-04 00:00:00
BTCUSDT,0.7115,2.466204506065858,0.2885,2024-09-04 00:30:00
BTCUSDT,0.7113,2.4638032559750607,0.2887,2024-09-04 01:00:00
BTCUSDT,0.728,2.676470588235294,0.272,2024-09-04 01:30:00
BTCUSDT,0.7182,2.5486160397444997,0.2818,2024-09-04 02:00:00
BTCUSDT,0.7151,2.51000351000351,0.2849,2024-09-04 02:30:00
BTCUSDT,0.7166,2.5285815102328866,0.2834,2024-09-04 03:00:00
BTCUSDT,0.7202,2.5739814152966405,0.2798,2024-09-04 03:30:00
BTCUSDT,0.7196,2.566333808844508,0.2804,2024-09-04 04:00:00
BTCUSDT,0.7175,2.5398230088495577,0.2825,2024-09-04 04:30:00
BTCUSDT,0.7206,2.579098067287044,0.2794,2024-09-04 05:00:00
BTCUSDT,0.7192,2.561253561253561,0.2808,2024-09-04 05:30:00
BTCUSDT,0.7181,2.5473572188719404,0.2819,2024-09-04 06:00:00
BTCUSDT,0.7266,2.65764447695684,0.2734,2024-09-04 06:30:00
BTCUSDT,0.729,2.6900369003690034,0.271,2024-09-04 07:00:00
BTCUSDT,0.7301,2.705075954057058,0.2699,2024-09-04 07:30:00
BTCUSDT,0.7288,2.6873156342182893,0.2712,2024-09-04 08:00:00
BTCUSDT,0.7287,2.6859565057132326,0.2713,2024-09-04 08:30:00
BTCUSDT,0.7272,2.665689149560117,0.2728,2024-09-04 09:00:00
BTCUSDT,0.723,2.6101083032490973,0.277,2024-09-04 09:30:00
BTCUSDT,0.7186,2.5536602700781805,0.2814,2024-09-04 10:00:00
BTCUSDT,0.7161,2.522367030644593,0.2839,2024-09-04 10:30:00
BTCUSDT,0.7152,2.5112359550561796,0.2848,2024-09-04 11:00:00
BTCUSDT,0.7167,2.5298270384751147,0.2833,2024-09-04 11:30:00
BTCUSDT,0.719,2.558718861209964,0.281,2024-09-04 12:00:00
BTCUSDT,0.7194,2.563791874554526,0.2806,2024-09-04 12:30:00
BTCUSDT,0.7214,2.589375448671931,0.2786,2024-09-04 13:00:00
BTCUSDT,0.7183,2.549875754348598,0.2817,2024-09-04 13:30:00
BTCUSDT,0.7174,2.538570417551309,0.2826,2024-09-04 14:00:00
BTCUSDT,0.7212,2.586800573888092,0.2788,2024-09-04 14:30:00
BTCUSDT,0.7178,2.543586109142452,0.2822,2024-09-04 15:00:00
BTCUSDT,0.697,2.3003300330033003,0.303,2024-09-04 15:30:00
BTCUSDT,0.6949,2.2776138970829236,0.3051,2024-09-04 16:00:00
BTCUSDT,0.6823,2.147623544224111,0.3177,2024-09-04 16:30:00
BTCUSDT,0.6706,2.035822707953855,0.3294,2024-09-04 17:00:00
BTCUSDT,0.6576,1.9205607476635513,0.3424,2024-09-04 17:30:00
BTCUSDT,0.6586,1.9291154071470415,0.3414,2024-09-04 18:00:00
BTCUSDT,0.6597,1.9385836027034968,0.3403,2024-09-04 18:30:00
BTCUSDT,0.6579,1.9231218941829875,0.3421,2024-09-04 19:00:00
BTCUSDT,0.6621,1.9594554601953242,0.3379,2024-09-04 19:30:00
BTCUSDT,0.6665,1.9985007496251872,0.3335,2024-09-04 20:00:00
BTCUSDT,0.6625,1.9629629629629628,0.3375,2024-09-04 20:30:00
BTCUSDT,0.6627,1.9647198339756893,0.3373,2024-09-04 21:00:00
BTCUSDT,0.6607,1.9472443265546713,0.3393,2024-09-04 21:30:00
BTCUSDT,0.6611,1.9507229271171438,0.3389,2024-09-04 22:00:00
BTCUSDT,0.6645,1.9806259314456034,0.3355,2024-09-04 22:30:00
BTCUSDT,0.6644,1.9797377830750893,0.3356,2024-09-04 23:00:00
BTCUSDT,0.665,1.9850746268656716,0.335,2024-09-04 23:30:00
BTCUSDT,0.6605,1.9455081001472752,0.3395,2024-09-05 00:00:00
BTCUSDT,0.6624,1.9620853080568719,0.3376,2024-09-05 00:30:00
BTCUSDT,0.6606,1.9463759575721862,0.3394,2024-09-05 01:00:00
BTCUSDT,0.6609,1.948982601002654,0.3391,2024-09-05 01:30:00
BTCUSDT,0.6632,1.969121140142518,0.3368,2024-09-05 02:00:00
BTCUSDT,0.663,1.9673590504451037,0.337,2024-09-05 02:30:00
BTCUSDT,0.6602,1.9429075927015893,0.3398,2024-09-05 03:00:00
BTCUSDT,0.6668,2.0012004801920766,0.3332,2024-09-05 03:30:00
BTCUSDT,0.6762,2.0883261272390365,0.3238,2024-09-05 04:00:00
BTCUSDT,0.6833,2.157562361856647,0.3167,2024-09-05 04:30:00
BTCUSDT,0.6853,2.1776294884016525,0.3147,2024-09-05 05:00:00
BTCUSDT,0.6879,2.2041012495994874,0.3121,2024-09-05 05:30:00
BTCUSDT,0.6887,2.2123353678123996,0.3113,2024-09-05 06:00:00
BTCUSDT,0.6921,2.247807729782397,0.3079,2024-09-05 06:30:00
BTCUSDT,0.6978,2.3090668431502315,0.3022,2024-09-05 07:00:00
BTCUSDT,0.7042,2.380662609871535,0.2958,2024-09-05 07:30:00
BTCUSDT,0.702,2.3557046979865772,0.298,2024-09-05 08:00:00
BTCUSDT,0.7026,2.3624747814391394,0.2974,2024-09-05 08:30:00
BTCUSDT,0.6978,2.3090668431502315,0.3022,2024-09-05 09:00:00
BTCUSDT,0.6972,2.3025099075297226,0.3028,2024-09-05 09:30:00
BTCUSDT,0.7054,2.394433129667346,0.2946,2024-09-05 10:00:00
BTCUSDT,0.7082,2.4270047978067173,0.2918,2024-09-05 10:30:00
BTCUSDT,0.7131,2.4855350296270475,0.2869,2024-09-05 11:00:00
BTCUSDT,0.7163,2.5248501938667607,0.2837,2024-09-05 11:30:00
BTCUSDT,0.7198,2.5688793718772307,0.2802,2024-09-05 12:00:00
BTCUSDT,0.7198,2.5688793718772307,0.2802,2024-09-05 12:30:00
BTCUSDT,0.7239,2.621876131836291,0.2761,2024-09-05 13:00:00
BTCUSDT,0.7257,2.6456434560699966,0.2743,2024-09-05 13:30:00
BTCUSDT,0.7357,2.783579265985623,0.2643,2024-09-05 14:00:00
BTCUSDT,0.7299,2.702332469455757,0.2701,2024-09-05 14:30:00
BTCUSDT,0.7328,2.7425149700598803,0.2672,2024-09-05 15:00:00
BTCUSDT,0.7348,2.770739064856712,0.2652,2024-09-05 15:30:00
BTCUSDT,0.7451,2.9231071008238523,0.2549,2024-09-05 16:00:00
BTCUSDT,0.7481,2.969829297340214,0.2519,2024-09-05 16:30:00
BTCUSDT,0.7466,2.946329913180742,0.2534,2024-09-05 17:00:00
BTCUSDT,0.7441,2.907776475185619,0.2559,2024-09-05 17:30:00
BTCUSDT,0.7426,2.885003885003885,0.2574,2024-09-05 18:00:00
BTCUSDT,0.739,2.8314176245210727,0.261,2024-09-05 18:30:00
BTCUSDT,0.7366,2.7965072133637054,0.2634,2024-09-05 19:00:00
BTCUSDT,0.7338,2.756574004507889,0.2662,2024-09-05 19:30:00
BTCUSDT,0.7374,2.808073115003808,0.2626,2024-09-05 20:00:00
BTCUSDT,0.7394,2.837298541826554,0.2606,2024-09-05 20:30:00
BTCUSDT,0.7406,2.8550501156515034,0.2594,2024-09-05 21:00:00
BTCUSDT,0.7425,2.883495145631068,0.2575,2024-09-05 21:30:00
BTCUSDT,0.7417,2.8714672861014328,0.2583,2024-09-05 22:00:00
BTCUSDT,0.7428,2.888024883359254,0.2572,2024-09-05 22:30:00
BTCUSDT,0.7428,2.888024883359254,0.2572,2024-09-05 23:00:00
BTCUSDT,0.7429,2.8895371450797356,0.2571,2024-09-05 23:30:00
BTCUSDT,0.7442,2.909304143862392,0.2558,2024-09-06 00:00:00
BTCUSDT,0.7484,2.97456279809221,0.2516,2024-09-06 00:30:00
BTCUSDT,0.7446,2.9154267815191854,0.2554,2024-09-06 01:00:00
BTCUSDT,0.7449,2.9200313602508823,0.2551,2024-09-06 01:30:00
BTCUSDT,0.747,2.952569169960474,0.253,2024-09-06 02:00:00
BTCUSDT,0.7449,2.9200313602508823,0.2551,2024-09-06 02:30:00
BTCUSDT,0.741,2.861003861003861,0.259,2024-09-06 03:00:00
BTCUSDT,0.738,2.8167938931297707,0.262,2024-09-06 03:30:00
BTCUSDT,0.7347,2.7693177534866193,0.2653,2024-09-06 04:00:00
BTCUSDT,0.7323,2.7355248412401942,0.2677,2024-09-06 04:30:00
BTCUSDT,0.7278,2.673769287288758,0.2722,2024-09-06 05:00:00
BTCUSDT,0.7258,2.6469730123997084,0.2742,2024-09-06 05:30:00
BTCUSDT,0.7291,2.6913990402362495,0.2709,2024-09-06 06:00:00
BTCUSDT,0.7282,2.679175864606328,0.2718,2024-09-06 06:30:00
BTCUSDT,0.7284,2.6818851251840945,0.2716,2024-09-06 07:00:00
BTCUSDT,0.7454,2.927729772191673,0.2546,2024-09-06 07:30:00
BTCUSDT,0.7511,3.017677782241864,0.2489,2024-09-06 08:00:00
BTCUSDT,0.7441,2.907776475185619,0.2559,2024-09-06 08:30:00
BTCUSDT,0.7391,2.8328861632809503,0.2609,2024-09-06 09:00:00
BTCUSDT,0.7387,2.8270187523918873,0.2613,2024-09-06 09:30:00
BTCUSDT,0.7413,2.865481252415926,0.2587,2024-09-06 10:00:00
BTCUSDT,0.746,2.937007874015748,0.254,2024-09-06 10:30:00
BTCUSDT,0.7361,2.78931413414172,0.2639,2024-09-06 11:00:00
BTCUSDT,0.7299,2.702332469455757,0.2701,2024-09-06 11:30:00
BTCUSDT,0.7313,2.721622627465575,0.2687,2024-09-06 12:00:00
BTCUSDT,0.735,2.773584905660377,0.265,2024-09-06 12:30:00
BTCUSDT,0.7242,2.625815808556925,0.2758,2024-09-06 13:00:00
BTCUSDT,0.7102,2.450655624568668,0.2898,2024-09-06 13:30:00
BTCUSDT,0.7233,2.6140224069389233,0.2767,2024-09-06 14:00:00
BTCUSDT,0.7516,3.025764895330113,0.2484,2024-09-06 14:30:00
BTCUSDT,0.7657,3.2680324370465215,0.2343,2024-09-06 15:00:00
BTCUSDT,0.7732,3.4091710758377425,0.2268,2024-09-06 15:30:00
BTCUSDT,0.7798,3.541326067211626,0.2202,2024-09-06 16:00:00
BTCUSDT,0.7843,3.6360686138154845,0.2157,2024-09-06 16:30:00
BTCUSDT,0.7801,3.5475216007276034,0.2199,2024-09-06 17:00:00
BTCUSDT,0.7901,3.7641734159123392,0.2099,2024-09-06 17:30:00
BTCUSDT,0.7884,3.7258979206049148,0.2116,2024-09-06 18:00:00
BTCUSDT,0.7866,3.6860356138706654,0.2134,2024-09-06 18:30:00
BTCUSDT,0.7786,3.516711833785004,0.2214,2024-09-06 19:00:00
BTCUSDT,0.7801,3.5475216007276034,0.2199,2024-09-06 19:30:00
BTCUSDT,0.7834,3.6168051708217916,0.2166,2024-09-06 20:00:00
BTCUSDT,0.7852,3.655493482309125,0.2148,2024-09-06 20:30:00
BTCUSDT,0.777,3.484304932735426,0.223,2024-09-06 21:00:00
BTCUSDT,0.7753,3.450378282153983,0.2247,2024-09-06 21:30:00
BTCUSDT,0.7781,3.506534474988734,0.2219,2024-09-06 22:00:00
BTCUSDT,0.7792,3.528985507246377,0.2208,2024-09-06 22:30:00
BTCUSDT,0.778,3.5045045045045047,0.222,2024-09-06 23:00:00
BTCUSDT,0.7804,3.553734061930783,0.2196,2024-09-06 23:30:00
BTCUSDT,0.7854,3.659832246039142,0.2146,2024-09-07 00:00:00
BTCUSDT,0.785,3.6511627906976747,0.215,2024-09-07 00:30:00
BTCUSDT,0.7853,3.657661853749418,0.2147,2024-09-07 01:00:00
BTCUSDT,0.7815,3.5766590389016018,0.2185,2024-09-07 01:30:00
BTCUSDT,0.7769,3.4822949350067236,0.2231,2024-09-07 02:00:00
BTCUSDT,0.78,3.5454545454545454,0.22,2024-09-07 02:30:00
BTCUSDT,0.7791,3.526935264825713,0.2209,2024-09-07 03:00:00
BTCUSDT,0.779,3.524886877828054,0.221,2024-09-07 03:30:00
BTCUSDT,0.7784,3.512635379061372,0.2216,2024-09-07 04:00:00
BTCUSDT,0.7786,3.516711833785004,0.2214,2024-09-07 04:30:00
BTCUSDT,0.7828,3.6040515653775325,0.2172,2024-09-07 05:00:00
BTCUSDT,0.7845,3.640371229698376,0.2155,2024-09-07 05:30:00
BTCUSDT,0.7843,3.6360686138154845,0.2157,2024-09-07 06:00:00
BTCUSDT,0.783,3.608294930875576,0.217,2024-09-07 06:30:00
BTCUSDT,0.783,3.608294930875576,0.217,2024-09-07 07:00:00
BTCUSDT,0.7803,3.5516613563950843,0.2197,2024-09-07 07:30:00
BTCUSDT,0.7767,3.4782803403493054,0.2233,2024-09-07 08:00:00
BTCUSDT,0.7743,3.4306601683650864,0.2257,2024-09-07 08:30:00
BTCUSDT,0.7728,3.4014084507042255,0.2272,2024-09-07 09:00:00
BTCUSDT,0.7701,3.349717268377556,0.2299,2024-09-07 09:30:00
BTCUSDT,0.7691,3.3308791684711996,0.2309,2024-09-07 10:00:00
BTCUSDT,0.768,3.310344827586207,0.232,2024-09-07 10:30:00
BTCUSDT,0.7668,3.2881646655231562,0.2332,2024-09-07 11:00:00
BTCUSDT,0.7669,3.29000429000429,0.2331,2024-09-07 11:30:00
BTCUSDT,0.7653,3.2607584149978694,0.2347,2024-09-07 12:00:00
BTCUSDT,0.7645,3.246284501061571,0.2355,2024-09-07 12:30:00
BTCUSDT,0.7703,3.3535045711798,0.2297,2024-09-07 13:00:00
BTCUSDT,0.7666,3.284490145672665,0.2334,2024-09-07 13:30:00
BTCUSDT,0.7633,3.2247570764681033,0.2367,2024-09-07 14:00:00
BTCUSDT,0.7612,3.1876046901172526,0.2388,2024-09-07 14:30:00
BTCUSDT,0.7579,3.1305245766212306,0.2421,2024-09-07 15:00:00
BTCUSDT,0.759,3.149377593360996,0.241,2024-09-07 15:30:00
BTCUSDT,0.7571,3.1169205434335114,0.2429,2024-09-07 16:00:00
BTCUSDT,0.752,3.032258064516129,0.248,2024-09-07 16:30:00
BTCUSDT,0.7425,2.883495145631068,0.2575,2024-09-07 17:00:00
BTCUSDT,0.7355,2.780718336483932,0.2645,2024-09-07 17:30:00
BTCUSDT,0.7288,2.6873156342182893,0.2712,2024-09-07 18:00:00
BTCUSDT,0.7349,2.7721614485099964,0.2651,2024-09-07 18:30:00
BTCUSDT,0.7373,2.806623524933384,0.2627,2024-09-07 19:00:00
BTCUSDT,0.7373,2.806623524933384,0.2627,2024-09-07 19:30:00
BTCUSDT,0.7395,2.838771593090211,0.2605,2024-09-07 20:00:00
BTCUSDT,0.7349,2.7721614485099964,0.2651,2024-09-07 20:30:00
BTCUSDT,0.7333,2.749531308586427,0.2667,2024-09-07 21:00:00
BTCUSDT,0.7332,2.7481259370314843,0.2668,2024-09-07 21:30:00
BTCUSDT,0.732,2.731343283582089,0.268,2024-09-07 22:00:00
BTCUSDT,0.7319,2.729951510630362,0.2681,2024-09-07 22:30:00
BTCUSDT,0.7323,2.7355248412401942,0.2677,2024-09-07 23:00:00
BTCUSDT,0.7353,2.7778617302606725,0.2647,2024-09-07 23:30:00
BTCUSDT,0.7377,2.812428516965307,0.2623,2024-09-08 00:00:00
BTCUSDT,0.7372,2.8051750380517504,0.2628,2024-09-08 00:30:00
BTCUSDT,0.738,2.8167938931297707,0.262,2024-09-08 01:00:00
BTCUSDT,0.7448,2.918495297805643,0.2552,2024-09-08 01:30:00
BTCUSDT,0.7449,2.9200313602508823,0.2551,2024-09-08 02:00:00
BTCUSDT,0.7503,3.0048057669203043,0.2497,2024-09-08 02:30:00
BTCUSDT,0.7505,3.008016032064128,0.2495,2024-09-08 03:00:00
BTCUSDT,0.7482,2.9714058776806986,0.2518,2024-09-08 03:30:00
BTCUSDT,0.7501,3.001600640256102,0.2499,2024-09-08 04:00:00
BTCUSDT,0.7511,3.017677782241864,0.2489,2024-09-08 04:30:00
BTCUSDT,0.753,3.048582995951417,0.247,2024-09-08 05:00:00
BTCUSDT,0.7521,3.033884630899556,0.2479,2024-09-08 05:30:00
BTCUSDT,0.7487,2.979307600477517,0.2513,2024-09-08 06:00:00
BTCUSDT,0.7481,2.969829297340214,0.2519,2024-09-08 06:30:00
BTCUSDT,0.745,2.9215686274509802,0.255,2024-09-08 07:00:00
BTCUSDT,0.7452,2.9246467817896384,0.2548,2024-09-08 07:30:00
BTCUSDT,0.7461,2.9385584875935407,0.2539,2024-09-08 08:00:00
BTCUSDT,0.7455,2.9292730844793713,0.2545,2024-09-08 08:30:00
BTCUSDT,0.7463,2.9416633819471816,0.2537,2024-09-08 09:00:00
BTCUSDT,0.7485,2.9761431411530817,0.2515,2024-09-08 09:30:00
BTCUSDT,0.7478,2.965107057890563,0.2522,2024-09-08 10:00:00
BTCUSDT,0.7479,2.9666798889329633,0.2521,2024-09-08 10:30:00
BTCUSDT,0.7457,2.932363350373574,0.2543,2024-09-08 11:00:00
BTCUSDT,0.7437,2.901677721420211,0.2563,2024-09-08 11:30:00
BTCUSDT,0.7408,2.858024691358025,0.2592,2024-09-08 12:00:00
BTCUSDT,0.7364,2.7936267071320184,0.2636,2024-09-08 12:30:00
BTCUSDT,0.7339,2.757985719654265,0.2661,2024-09-08 13:00:00
BTCUSDT,0.7325,2.7383177570093458,0.2675,2024-09-08 13:30:00
BTCUSDT,0.7329,2.743916136278547,0.2671,2024-09-08 14:00:00
BTCUSDT,0.7292,2.692762186115214,0.2708,2024-09-08 14:30:00
BTCUSDT,0.7271,2.6643459142543056,0.2729,2024-09-08 15:00:00
BTCUSDT,0.7244,2.6284470246734397,0.2756,2024-09-08 15:30:00
BTCUSDT,0.7238,2.620564808110065,0.2762,2024-09-08 16:00:00
BTCUSDT,0.7264,2.654970760233918,0.2736,2024-09-08 16:30:00
BTCUSDT,0.7283,2.68052999631947,0.2717,2024-09-08 17:00:00
BTCUSDT,0.7334,2.7509377344336086,0.2666,2024-09-08 17:30:00
BTCUSDT,0.7357,2.783579265985623,0.2643,2024-09-08 18:00:00
BTCUSDT,0.7262,2.652300949598247,0.2738,2024-09-08 18:30:00
BTCUSDT,0.7255,2.6429872495446265,0.2745,2024-09-08 19:00:00
BTCUSDT,0.7239,2.621876131836291,0.2761,2024-09-08 19:30:00
BTCUSDT,0.7225,2.6036036036036037,0.2775,2024-09-08 20:00:00
BTCUSDT,0.7207,2.5803795202291444,0.2793,2024-09-08 20:30:00
BTCUSDT,0.7202,2.5739814152966405,0.2798,2024-09-08 21:00:00
BTCUSDT,0.7253,2.6403349108117946,0.2747,2024-09-08 21:30:00
BTCUSDT,0.7244,2.6284470246734397,0.2756,2024-09-08 22:00:00
BTCUSDT,0.7345,2.7664783427495294,0.2655,2024-09-08 22:30:00
BTCUSDT,0.7351,2.7750094375235936,0.2649,2024-09-08 23:00:00
BTCUSDT,0.7349,2.7721614485099964,0.2651,2024-09-08 23:30:00
BTCUSDT,0.7325,2.7383177570093458,0.2675,2024-09-09 00:00:00
BTCUSDT,0.7326,2.7397157816005984,0.2674,2024-09-09 00:30:00
BTCUSDT,0.7292,2.692762186115214,0.2708,2024-09-09 01:00:00
BTCUSDT,0.7267,2.658982802780827,0.2733,2024-09-09 01:30:00
BTCUSDT,0.7238,2.620564808110065,0.2762,2024-09-09 02:00:00
BTCUSDT,0.723,2.6101083032490973,0.277,2024-09-09 02:30:00
BTCUSDT,0.7215,2.5906642728904847,0.2785,2024-09-09 03:00:00
BTCUSDT,0.7173,2.537318712415989,0.2827,2024-09-09 03:30:00
BTCUSDT,0.7127,2.4806822137138878,0.2873,2024-09-09 04:00:00
BTCUSDT,0.7092,2.43878954607978,0.2908,2024-09-09 04:30:00
BTCUSDT,0.7091,2.4376074252320383,0.2909,2024-09-09 05:00:00
BTCUSDT,0.7106,2.455425017277125,0.2894,2024-09-09 05:30:00
BTCUSDT,0.7102,2.450655624568668,0.2898,2024-09-09 06:00:00
BTCUSDT,0.7097,2.444712366517396,0.2903,2024-09-09 06:30:00
BTCUSDT,0.711,2.4602076124567476,0.289,2024-09-09 07:00:00
BTCUSDT,0.7108,2.457814661134163,0.2892,2024-09-09 07:30:00
BTCUSDT,0.7147,2.505082369435682,0.2853,2024-09-09 08:00:00
BTCUSDT,0.7102,2.450655624568668,0.2898,2024-09-09 08:30:00
BTCUSDT,0.6994,2.3266799733865606,0.3006,2024-09-09 09:00:00
BTCUSDT,0.6989,2.3211557622052474,0.3011,2024-09-09 09:30:00
BTCUSDT,0.6923,2.2499187520311996,0.3077,2024-09-09 10:00:00
BTCUSDT,0.6907,2.2331070158422244,0.3093,2024-09-09 10:30:00
BTCUSDT,0.6862,2.186743148502231,0.3138,2024-09-09 11:00:00
BTCUSDT,0.6867,2.1918289179699966,0.3133,2024-09-09 11:30:00
BTCUSDT,0.6851,2.1756113051762465,0.3149,2024-09-09 12:00:00
BTCUSDT,0.6848,2.1725888324873095,0.3152,2024-09-09 12:30:00
BTCUSDT,0.6889,2.2144005143040824,0.3111,2024-09-09 13:00:00
BTCUSDT,0.687,2.194888178913738,0.313,2024-09-09 13:30:00
BTCUSDT,0.684,2.1645569620253164,0.316,2024-09-09 14:00:00
BTCUSDT,0.6829,2.15357931251971,0.3171,2024-09-09 14:30:00
BTCUSDT,0.6921,2.247807729782397,0.3079,2024-09-09 15:00:00
BTCUSDT,0.6897,2.2226877215597804,0.3103,2024-09-09 15:30:00
BTCUSDT,0.6825,2.149606299212598,0.3175,2024-09-09 16:00:00
BTCUSDT,0.6655,1.9895366218236172,0.3345,2024-09-09 16:30:00
BTCUSDT,0.6531,1.8826751225136928,0.3469,2024-09-09 17:00:00
BTCUSDT,0.6427,1.7987685418415897,0.3573,2024-09-09 17:30:00
BTCUSDT,0.6333,1.7270248159258248,0.3667,2024-09-09 18:00:00
BTCUSDT,0.629,1.6954177897574125,0.371,2024-09-09 18:30:00
BTCUSDT,0.6289,1.6946914578280787,0.3711,2024-09-09 19:00:00
BTCUSDT,0.633,1.7247956403269755,0.367,2024-09-09 19:30:00
BTCUSDT,0.6345,1.7359781121751026,0.3655,2024-09-09 20:00:00
BTCUSDT,0.6266,1.678093197643278,0.3734,2024-09-09 20:30:00
BTCUSDT,0.6253,1.6688017080330932,0.3747,2024-09-09 21:00:00
BTCUSDT,0.6336,1.7292576419213974,0.3664,2024-09-09 21:30:00
BTCUSDT,0.6317,1.7151778441487917,0.3683,2024-09-09 22:00:00
BTCUSDT,0.6306,1.707092582566324,0.3694,2024-09-09 22:30:00
BTCUSDT,0.6258,1.6723677177979692,0.3742,2024-09-09 23:00:00
BTCUSDT,0.6256,1.670940170940171,0.3744,2024-09-09 23:30:00
BTCUSDT,0.6198,1.6301946344029459,0.3802,2024-09-10 00:00:00
BTCUSDT,0.6128,1.5826446280991737,0.3872,2024-09-10 00:30:00
BTCUSDT,0.6202,1.632964718272775,0.3798,2024-09-10 01:00:00
BTCUSDT,0.6165,1.6075619295958279,0.3835,2024-09-10 01:30:00
BTCUSDT,0.614,1.5906735751295336,0.386,2024-09-10 02:00:00
BTCUSDT,0.6127,1.5819777949909632,0.3873,2024-09-10 02:30:00
BTCUSDT,0.6133,1.5859839668994051,0.3867,2024-09-10 03:00:00
BTCUSDT,0.613,1.5839793281653747,0.387,2024-09-10 03:30:00
BTCUSDT,0.6118,1.5759917568263782,0.3882,2024-09-10 04:00:00
BTCUSDT,0.6174,1.6136957658128592,0.3826,2024-09-10 04:30:00
BTCUSDT,0.6178,1.6164311878597595,0.3822,2024-09-10 05:00:00
BTCUSDT,0.6284,1.691065662002153,0.3716,2024-09-10 05:30:00
BTCUSDT,0.6279,1.6874496103198067,0.3721,2024-09-10 06:00:00
BTCUSDT,0.6245,1.6631158455392812,0.3755,2024-09-10 06:30:00
BTCUSDT,0.6248,1.6652452025586355,0.3752,2024-09-10 07:00:00
BTCUSDT,0.6316,1.714440825190011,0.3684,2024-09-10 07:30:00
BTCUSDT,0.6311,1.7107617240444564,0.3689,2024-09-10 08:00:00
BTCUSDT,0.6295,1.699055330634278,0.3705,2024-09-10 08:30:00
BTCUSDT,0.6216,1.642706131078224,0.3784,2024-09-10 09:00:00
BTCUSDT,0.6249,1.6659557451346307,0.3751,2024-09-10 09:30:00
BTCUSDT,0.6262,1.6752273943285179,0.3738,2024-09-10 10:00:00
BTCUSDT,0.6248,1.6652452025586355,0.3752,2024-09-10 10:30:00
BTCUSDT,0.6246,1.663825253063399,0.3754,2024-09-10 11:00:00
BTCUSDT,0.6245,1.6631158455392812,0.3755,2024-09-10 11:30:00
BTCUSDT,0.625,1.6666666666666667,0.375,2024-09-10 12:00:00
BTCUSDT,0.6233,1.6546323334218211,0.3767,2024-09-10 12:30:00
BTCUSDT,0.6214,1.641310089804543,0.3786,2024-09-10 13:00:00
BTCUSDT,0.6134,1.5866528711846868,0.3866,2024-09-10 13:30:00
BTCUSDT,0.6183,1.6198585276395074,0.3817,2024-09-10 14:00:00
BTCUSDT,0.621,1.6385224274406331,0.379,2024-09-10 14:30:00
BTCUSDT,0.6199,1.6308866087871614,0.3801,2024-09-10 15:00:00
BTCUSDT,0.6226,1.6497085320614733,0.3774,2024-09-10 15:30:00
BTCUSDT,0.629,1.6954177897574125,0.371,2024-09-10 16:00:00
BTCUSDT,0.633,1.7247956403269755,0.367,2024-09-10 16:30:00
BTCUSDT,0.632,1.7173913043478262,0.368,2024-09-10 17:00:00
BTCUSDT,0.6279,1.6874496103198067,0.3721,2024-09-10 17:30:00
BTCUSDT,0.6269,1.6802465826856072,0.3731,2024-09-10 18:00:00
BTCUSDT,0.6299,1.7019724398811134,0.3701,2024-09-10 18:30:00
BTCUSDT,0.6231,1.6532236667551075,0.3769,2024-09-10 19:00:00
BTCUSDT,0.6245,1.6631158455392812,0.3755,2024-09-10 19:30:00
BTCUSDT,0.6185,1.6212319790301444,0.3815,2024-09-10 20:00:00
BTCUSDT,0.616,1.6041666666666665,0.384,2024-09-10 20:30:00
BTCUSDT,0.6165,1.6075619295958279,0.3835,2024-09-10 21:00:00
BTCUSDT,0.6147,1.5953802232026995,0.3853,2024-09-10 21:30:00
BTCUSDT,0.6138,1.589331952356292,0.3862,2024-09-10 22:00:00
BTCUSDT,0.6127,1.5819777949909632,0.3873,2024-09-10 22:30:00
BTCUSDT,0.6137,1.5886616619207872,0.3863,2024-09-10 23:00:00
BTCUSDT,0.614,1.5906735751295336,0.386,2024-09-10 23:30:00
BTCUSDT,0.6117,1.5753283543651817,0.3883,2024-09-11 00:00:00
BTCUSDT,0.6063,1.54000508001016,0.3937,2024-09-11 00:30:00
BTCUSDT,0.606,1.5380710659898476,0.394,2024-09-11 01:00:00
BTCUSDT,0.6051,1.532286654849329,0.3949,2024-09-11 01:30:00
BTCUSDT,0.6143,1.5926886180969666,0.3857,2024-09-11 02:00:00
BTCUSDT,0.6194,1.627430373095113,0.3806,2024-09-11 02:30:00
BTCUSDT,0.6208,1.637130801687764,0.3792,2024-09-11 03:00:00
BTCUSDT,0.6254,1.6695141484249867,0.3746,2024-09-11 03:30:00
BTCUSDT,0.6293,1.6975991367682763,0.3707,2024-09-11 04:00:00
BTCUSDT,0.6371,1.7555800496004408,0.3629,2024-09-11 04:30:00
BTCUSDT,0.6393,1.7723870252287217,0.3607,2024-09-11 05:00:00
BTCUSDT,0.6411,1.7862914460852606,0.3589,2024-09-11 05:30:00
BTCUSDT,0.6464,1.8280542986425337,0.3536,2024-09-11 06:00:00
BTCUSDT,0.6531,1.8826751225136928,0.3469,2024-09-11 06:30:00
BTCUSDT,0.6538,1.8885037550548818,0.3462,2024-09-11 07:00:00
BTCUSDT,0.6573,1.9180040852057192,0.3427,2024-09-11 07:30:00
BTCUSDT,0.6597,1.9385836027034968,0.3403,2024-09-11 08:00:00
BTCUSDT,0.6554,1.901915264074289,0.3446,2024-09-11 08:30:00
BTCUSDT,0.6523,1.8760425654299684,0.3477,2024-09-11 09:00:00
BTCUSDT,0.6563,1.909514111143439,0.3437,2024-09-11 09:30:00
BTCUSDT,0.6567,1.9129041654529564,0.3433,2024-09-11 10:00:00
BTCUSDT,0.6543,1.8926815157651142,0.3457,2024-09-11 10:30:00
BTCUSDT,0.6548,1.8968713789107765,0.3452,2024-09-11 11:00:00
BTCUSDT,0.6552,1.900232018561485,0.3448,2024-09-11 11:30:00
BTCUSDT,0.6583,1.9265437518290898,0.3417,2024-09-11 12:00:00
BTCUSDT,0.663,1.9673590504451037,0.337,2024-09-11 12:30:00
BTCUSDT,0.6642,1.9779630732578917,0.3358,2024-09-11 13:00:00
BTCUSDT,0.6615,1.9542097488921713,0.3385,2024-09-11 13:30:00
BTCUSDT,0.674,2.067484662576687,0.326,2024-09-11 14:00:00
BTCUSDT,0.6916,2.2425421530479897,0.3084,2024-09-11 14:30:00
BTCUSDT,0.6952,2.2808398950131235,0.3048,2024-09-11 15:00:00
BTCUSDT,0.6944,2.2722513089005236,0.3056,2024-09-11 15:30:00
BTCUSDT,0.6697,2.0275507114744173,0.3303,2024-09-11 16:00:00
BTCUSDT,0.6656,1.9904306220095693,0.3344,2024-09-11 16:30:00
BTCUSDT,0.6622,1.960331557134399,0.3378,2024-09-11 17:00:00
BTCUSDT,0.6462,1.826455624646693,0.3538,2024-09-11 17:30:00
BTCUSDT,0.6335,1.7285129604365619,0.3665,2024-09-11 18:00:00
BTCUSDT,0.6242,1.6609898882384246,0.3758,2024-09-11 18:30:00
BTCUSDT,0.6132,1.5853154084798347,0.3868,2024-09-11 19:00:00
BTCUSDT,0.6158,1.6028110359187924,0.3842,2024-09-11 19:30:00
BTCUSDT,0.6164,1.6068821689259645,0.3836,2024-09-11 20:00:00
BTCUSDT,0.6154,1.6001040041601662,0.3846,2024-09-11 20:30:00
BTCUSDT,0.6137,1.5886616619207872,0.3863,2024-09-11 21:00:00
BTCUSDT,0.6124,1.5799793601651189,0.3876,2024-09-11 21:30:00
BTCUSDT,0.613,1.5839793281653747,0.387,2024-09-11 22:00:00
BTCUSDT,0.6124,1.5799793601651189,0.3876,2024-09-11 22:30:00
BTCUSDT,0.6118,1.5759917568263782,0.3882,2024-09-11 23:00:00
BTCUSDT,0.6126,1.581311306143521,0.3874,2024-09-11 23:30:00
BTCUSDT,0.6119,1.576655501159495,0.3881,2024-09-12 00:00:00
BTCUSDT,0.6156,1.6014568158168574,0.3844,2024-09-12 00:30:00
BTCUSDT,0.6128,1.5826446280991737,0.3872,2024-09-12 01:00:00
BTCUSDT,0.6119,1.576655501159495,0.3881,2024-09-12 01:30:00
BTCUSDT,0.6115,1.574002574002574,0.3885,2024-09-12 02:00:00
BTCUSDT,0.6099,1.563445270443476,0.3901,2024-09-12 02:30:00
BTCUSDT,0.6082,1.5523226135783563,0.3918,2024-09-12 03:00:00
BTCUSDT,0.6021,1.5131942699170646,0.3979,2024-09-12 03:30:00
BTCUSDT,0.597,1.4813895781637716,0.403,2024-09-12 04:00:00
BTCUSDT,0.5957,1.473410833539451,0.4043,2024-09-12 04:30:00
BTCUSDT,0.5876,1.4248302618816684,0.4124,2024-09-12 05:00:00
BTCUSDT,0.5837,1.4021138601969734,0.4163,2024-09-12 05:30:00
BTCUSDT,0.5831,1.3986567522187574,0.4169,2024-09-12 06:00:00
BTCUSDT,0.5836,1.4015369836695486,0.4164,2024-09-12 06:30:00
BTCUSDT,0.585,1.4096385542168675,0.415,2024-09-12 07:00:00
BTCUSDT,0.5888,1.4319066147859922,0.4112,2024-09-12 07:30:00
BTCUSDT,0.5908,1.4437927663734116,0.4092,2024-09-12 08:00:00
BTCUSDT,0.592,1.4509803921568627,0.408,2024-09-12 08:30:00
BTCUSDT,0.5831,1.3986567522187574,0.4169,2024-09-12 09:00:00
BTCUSDT,0.5814,1.3889154323936932,0.4186,2024-09-12 09:30:00
BTCUSDT,0.5784,1.3719165085388996,0.4216,2024-09-12 10:00:00
BTCUSDT,0.5609,1.2773855613755407,0.4391,2024-08-22 14:30:00
BTCUSDT,0.5653,1.3004370830457788,0.4347,2024-08-22 15:00:00
BTCUSDT,0.573,1.3419203747072599,0.427,2024-08-22 15:30:00
BTCUSDT,0.5832,1.3992322456813822,0.4168,2024-08-22 16:00:00
BTCUSDT,0.5886,1.4307243558580458,0.4114,2024-08-22 16:30:00
BTCUSDT,0.5912,1.446183953033268,0.4088,2024-08-22 17:00:00
BTCUSDT,0.5938,1.4618414574101428,0.4062,2024-08-22 17:30:00
BTCUSDT,0.5957,1.473410833539451,0.4043,2024-08-22 18:00:00
BTCUSDT,0.5972,1.4826216484607746,0.4028,2024-08-22 18:30:00
BTCUSDT,0.5975,1.484472049689441,0.4025,2024-08-22 19:00:00
BTCUSDT,0.6018,1.5113008538422903,0.3982,2024-08-22 19:30:00
BTCUSDT,0.6044,1.5278058645096058,0.3956,2024-08-22 20:00:00
BTCUSDT,0.6049,1.5310048089091368,0.3951,2024-08-22 20:30:00
BTCUSDT,0.6055,1.5348542458808618,0.3945,2024-08-22 21:00:00
BTCUSDT,0.6051,1.532286654849329,0.3949,2024-08-22 21:30:00
BTCUSDT,0.6057,1.5361399949277201,0.3943,2024-08-22 22:00:00
BTCUSDT,0.6056,1.5354969574036512,0.3944,2024-08-22 22:30:00
BTCUSDT,0.6062,1.5393600812595225,0.3938,2024-08-22 23:00:00
BTCUSDT,0.6062,1.5393600812595225,0.3938,2024-08-22 23:30:00
BTCUSDT,0.6104,1.5667351129363452,0.3896,2024-08-23 00:00:00
BTCUSDT,0.6119,1.576655501159495,0.3881,2024-08-23 00:30:00
BTCUSDT,0.6064,1.5406504065040652,0.3936,2024-08-23 01:00:00
BTCUSDT,0.6056,1.5354969574036512,0.3944,2024-08-23 01:30:00
BTCUSDT,0.6061,1.5387154100025386,0.3939,2024-08-23 02:00:00
BTCUSDT,0.6064,1.5406504065040652,0.3936,2024-08-23 02:30:00
BTCUSDT,0.605,1.5316455696202531,0.395,2024-08-23 03:00:00
BTCUSDT,0.6054,1.5342118601115053,0.3946,2024-08-23 03:30:00
BTCUSDT,0.6058,1.536783358701167,0.3942,2024-08-23 04:00:00
BTCUSDT,0.61,1.564102564102564,0.39,2024-08-23 04:30:00
BTCUSDT,0.6097,1.5621316935690497,0.3903,2024-08-23 05:00:00
BTCUSDT,0.5992,1.4950099800399201,0.4008,2024-08-23 05:30:00
BTCUSDT,0.5982,1.4888003982080635,0.4018,2024-08-23 06:00:00
BTCUSDT,0.5935,1.4600246002460027,0.4065,2024-08-23 06:30:00
BTCUSDT,0.58,1.380952380952381,0.42,2024-08-23 07:00:00
BTCUSDT,0.5759,1.357934449422306,0.4241,2024-08-23 07:30:00
BTCUSDT,0.5767,1.3623907394283015,0.4233,2024-08-23 08:00:00
BTCUSDT,0.5791,1.3758612497030172,0.4209,2024-08-23 08:30:00
BTCUSDT,0.574,1.3474178403755868,0.426,2024-08-23 09:00:00
BTCUSDT,0.568,1.3148148148148147,0.432,2024-08-23 09:30:00
BTCUSDT,0.5644,1.295684113865932,0.4356,2024-08-23 10:00:00
BTCUSDT,0.5663,1.3057412958266084,0.4337,2024-08-23 10:30:00
BTCUSDT,0.5661,1.3046784973496197,0.4339,2024-08-23 11:00:00
BTCUSDT,0.566,1.3041474654377878,0.434,2024-08-23 11:30:00
BTCUSDT,0.5708,1.329916123019571,0.4292,2024-08-23 12:00:00
BTCUSDT,0.5788,1.3741690408357075,0.4212,2024-08-23 12:30:00
BTCUSDT,0.5772,1.3651844843897825,0.4228,2024-08-23 13:00:00
BTCUSDT,0.576,1.3584905660377358,0.424,2024-08-23 13:30:00
BTCUSDT,0.575,1.352941176470588,0.425,2024-08-23 14:00:00
BTCUSDT,0.5499,1.2217285047767164,0.4501,2024-08-23 14:30:00
BTCUSDT,0.5713,1.3326335432703522,0.4287,2024-08-23 15:00:00
BTCUSDT,0.5669,1.3089355806972984,0.4331,2024-08-23 15:30:00
BTCUSDT,0.5517,1.230649118893598,0.4483,2024-08-23 16:00:00
BTCUSDT,0.5525,1.2346368715083798,0.4475,2024-08-23 16:30:00
BTCUSDT,0.5516,1.2301516503122212,0.4484,2024-08-23 17:00:00
BTCUSDT,0.5487,1.2158209616662974,0.4513,2024-08-23 17:30:00
BTCUSDT,0.5202,1.0842017507294706,0.4798,2024-08-23 18:00:00
BTCUSDT,0.5031,1.012477359629704,0.4969,2024-08-23 18:30:00
BTCUSDT,0.4909,0.9642506383814575,0.5091,2024-08-23 19:00:00
BTCUSDT,0.4942,0.9770660340055357,0.5058,2024-08-23 19:30:00
BTCUSDT,0.4861,0.9459038723487059,0.5139,2024-08-23 20:00:00
BTCUSDT,0.4823,0.9316206297083252,0.5177,2024-08-23 20:30:00
BTCUSDT,0.476,0.9083969465648855,0.524,2024-08-23 21:00:00
BTCUSDT,0.4898,0.960015680125441,0.5102,2024-08-23 21:30:00
BTCUSDT,0.4873,0.9504583577140627,0.5127,2024-08-23 22:00:00
BTCUSDT,0.4858,0.9447685725398678,0.5142,2024-08-23 22:30:00
BTCUSDT,0.4809,0.9264110961279137,0.5191,2024-08-23 23:00:00
BTCUSDT,0.4804,0.9245573518090839,0.5196,2024-08-23 23:30:00
BTCUSDT,0.4745,0.9029495718363464,0.5255,2024-08-24 00:00:00
BTCUSDT,0.4735,0.899335232668566,0.5265,2024-08-24 00:30:00
BTCUSDT,0.4757,0.9073049780659928,0.5243,2024-08-24 01:00:00
BTCUSDT,0.4695,0.8850141376060321,0.5305,2024-08-24 01:30:00
BTCUSDT,0.4701,0.8871485185884129,0.5299,2024-08-24 02:00:00
BTCUSDT,0.473,0.8975332068311195,0.527,2024-08-24 02:30:00
BTCUSDT,0.474,0.9011406844106463,0.526,2024-08-24 03:00:00
BTCUSDT,0.4747,0.9036740909956216,0.5253,2024-08-24 03:30:00
BTCUSDT,0.4726,0.8960940462646948,0.5274,2024-08-24 04:00:00
BTCUSDT,0.4735,0.899335232668566,0.5265,2024-08-24 04:30:00
BTCUSDT,0.4728,0.8968133535660091,0.5272,2024-08-24 05:00:00
BTCUSDT,0.475,0.9047619047619047,0.525,2024-08-24 05:30:00
BTCUSDT,0.4763,0.9094901661256444,0.5237,2024-08-24 06:00:00
BTCUSDT,0.4772,0.9127773527161438,0.5228,2024-08-24 06:30:00
BTCUSDT,0.4847,0.9406171162429653,0.5153,2024-08-24 07:00:00
BTCUSDT,0.4868,0.9485580670303976,0.5132,2024-08-24 07:30:00
BTCUSDT,0.4889,0.9565642731363725,0.5111,2024-08-24 08:00:00
BTCUSDT,0.4854,0.94325689856199,0.5146,2024-08-24 08:30:00
BTCUSDT,0.4867,0.9481784531463083,0.5133,2024-08-24 09:00:00
BTCUSDT,0.4839,0.9376089905057159,0.5161,2024-08-24 09:30:00
BTCUSDT,0.4827,0.9331142470520009,0.5173,2024-08-24 10:00:00
BTCUSDT,0.4818,0.9297568506368198,0.5182,2024-08-24 10:30:00
BTCUSDT,0.4754,0.9062142584826535,0.5246,2024-08-24 11:00:00
BTCUSDT,0.4737,0.9000570017100513,0.5263,2024-08-24 11:30:00
BTCUSDT,0.47,0.8867924528301886,0.53,2024-08-24 12:00:00
BTCUSDT,0.4753,0.905850962454736,0.5247,2024-08-24 12:30:00
BTCUSDT,0.4755,0.9065776930409915,0.5245,2024-08-24 13:00:00
BTCUSDT,0.4781,0.9160758766047136,0.5219,2024-08-24 13:30:00
BTCUSDT,0.4787,0.918281220026856,0.5213,2024-08-24 14:00:00
BTCUSDT,0.4799,0.9227071716977504,0.5201,2024-08-24 14:30:00
BTCUSDT,0.4808,0.926040061633282,0.5192,2024-08-24 15:00:00
BTCUSDT,0.48,0.923076923076923,0.52,2024-08-24 15:30:00
BTCUSDT,0.4779,0.9153418885271021,0.5221,2024-08-24 16:00:00
BTCUSDT,0.488,0.953125,0.512,2024-08-24 16:30:00
BTCUSDT,0.4899,0.9603999215840031,0.5101,2024-08-24 17:00:00
BTCUSDT,0.4909,0.9642506383814575,0.5091,2024-08-24 17:30:00
BTCUSDT,0.4919,0.9681165124975398,0.5081,2024-08-24 18:00:00
BTCUSDT,0.4883,0.9542700801250732,0.5117,2024-08-24 18:30:00
BTCUSDT,0.4897,0.9596315892612189,0.5103,2024-08-24 19:00:00
BTCUSDT,0.4906,0.9630938358853554,0.5094,2024-08-24 19:30:00
BTCUSDT,0.4887,0.9557989438685704,0.5113,2024-08-24 20:00:00
BTCUSDT,0.4896,0.9592476489028213,0.5104,2024-08-24 20:30:00
BTCUSDT,0.4895,0.9588638589618023,0.5105,2024-08-24 21:00:00
BTCUSDT,0.49,0.9607843137254901,0.51,2024-08-24 21:30:00
BTCUSDT,0.4821,0.9308746862328634,0.5179,2024-08-24 22:00:00
BTCUSDT,0.4863,0.9466614755693984,0.5137,2024-08-24 22:30:00
BTCUSDT,0.4874,0.9508388607101055,0.5126,2024-08-24 23:00:00
BTCUSDT,0.4887,0.9557989438685704,0.5113,2024-08-24 23:30:00
BTCUSDT,0.4905,0.9627085377821394,0.5095,2024-08-25 00:00:00
BTCUSDT,0.4864,0.9470404984423677,0.5136,2024-08-25 00:30:00
BTCUSDT,0.4816,0.9290123456790124,0.5184,2024-08-25 01:00:00
BTCUSDT,0.4812,0.9275250578257517,0.5188,2024-08-25 01:30:00
BTCUSDT,0.48,0.923076923076923,0.52,2024-08-25 02:00:00
BTCUSDT,0.4819,0.9301293186643504,0.5181,2024-08-25 02:30:00
BTCUSDT,0.4807,0.9256691700365878,0.5193,2024-08-25 03:00:00
BTCUSDT,0.4802,0.9238168526356291,0.5198,2024-08-25 03:30:00
BTCUSDT,0.4789,0.9190174630589139,0.5211,2024-08-25 04:00:00
BTCUSDT,0.4784,0.9171779141104295,0.5216,2024-08-25 04:30:00
BTCUSDT,0.4812,0.9275250578257517,0.5188,2024-08-25 05:00:00
BTCUSDT,0.4837,0.9368584156498161,0.5163,2024-08-25 05:30:00
BTCUSDT,0.4825,0.9323671497584541,0.5175,2024-08-25 06:00:00
BTCUSDT,0.4813,0.92789666473877,0.5187,2024-08-25 06:30:00
BTCUSDT,0.4802,0.9238168526356291,0.5198,2024-08-25 07:00:00
BTCUSDT,0.4766,0.9105846388995034,0.5234,2024-08-25 07:30:00
BTCUSDT,0.4765,0.9102196752626552,0.5235,2024-08-25 08:00:00
BTCUSDT,0.4802,0.9238168526356291,0.5198,2024-08-25 08:30:00
BTCUSDT,0.4796,0.9215987701767872,0.5204,2024-08-25 09:00:00
BTCUSDT,0.479,0.9193857965451055,0.521,2024-08-25 09:30:00
BTCUSDT,0.482,0.9305019305019304,0.518,2024-08-25 10:00:00
BTCUSDT,0.4838,0.9372336303758233,0.5162,2024-08-25 10:30:00
BTCUSDT,0.4829,0.9338619222587508,0.5171,2024-08-25 11:00:00
BTCUSDT,0.4865,0.9474196689386564,0.5135,2024-08-25 11:30:00
BTCUSDT,0.4878,0.9523623584537291,0.5122,2024-08-25 12:00:00
BTCUSDT,0.489,0.9569471624266145,0.511,2024-08-25 12:30:00
BTCUSDT,0.4902,0.9615535504119262,0.5098,2024-08-25 13:00:00
BTCUSDT,0.4935,0.9743336623889438,0.5065,2024-08-25 13:30:00
BTCUSDT,0.4943,0.9774569903104607,0.5057,2024-08-25 14:00:00
BTCUSDT,0.4915,0.9665683382497543,0.5085,2024-08-25 14:30:00
BTCUSDT,0.4912,0.9654088050314465,0.5088,2024-08-25 15:00:00
BTCUSDT,0.4911,0.9650225977598742,0.5089,2024-08-25 15:30:00
BTCUSDT,0.488,0.953125,0.512,2024-08-25 16:00:00
BTCUSDT,0.4865,0.9474196689386564,0.5135,2024-08-25 16:30:00
BTCUSDT,0.4853,0.9428793471925393,0.5147,2024-08-25 17:00:00
BTCUSDT,0.4863,0.9466614755693984,0.5137,2024-08-25 17:30:00
BTCUSDT,0.4878,0.9523623584537291,0.5122,2024-08-25 18:00:00
BTCUSDT,0.4881,0.9535065442469232,0.5119,2024-08-25 18:30:00
BTCUSDT,0.4886,0.9554165037152914,0.5114,2024-08-25 19:00:00
BTCUSDT,0.4879,0.9527436047646944,0.5121,2024-08-25 19:30:00
BTCUSDT,0.4877,0.9519812609798947,0.5123,2024-08-25 20:00:00
BTCUSDT,0.4871,0.9496977968414895,0.5129,2024-08-25 20:30:00
BTCUSDT,0.4861,0.9459038723487059,0.5139,2024-08-25 21:00:00
BTCUSDT,0.4876,0.95160031225605,0.5124,2024-08-25 21:30:00
BTCUSDT,0.4872,0.9500780031201248,0.5128,2024-08-25 22:00:00
BTCUSDT,0.4868,0.9485580670303976,0.5132,2024-08-25 22:30:00
BTCUSDT,0.486,0.9455252918287937,0.514,2024-08-25 23:00:00
BTCUSDT,0.4828,0.9334880123743233,0.5172,2024-08-25 23:30:00
BTCUSDT,0.4842,0.9387359441644048,0.5158,2024-08-26 00:00:00
BTCUSDT,0.4829,0.9338619222587508,0.5171,2024-08-26 00:30:00
BTCUSDT,0.4828,0.9334880123743233,0.5172,2024-08-26 01:00:00
BTCUSDT,0.4838,0.9372336303758233,0.5162,2024-08-26 01:30:00
BTCUSDT,0.4833,0.9353590090961873,0.5167,2024-08-26 02:00:00
BTCUSDT,0.4861,0.9459038723487059,0.5139,2024-08-26 02:30:00
BTCUSDT,0.4883,0.9542700801250732,0.5117,2024-08-26 03:00:00
BTCUSDT,0.4909,0.9642506383814575,0.5091,2024-08-26 03:30:00
BTCUSDT,0.4912,0.9654088050314465,0.5088,2024-08-26 04:00:00
BTCUSDT,0.4932,0.9731649565903709,0.5068,2024-08-26 04:30:00
BTCUSDT,0.4923,0.9696671262556628,0.5077,2024-08-26 05:00:00
BTCUSDT,0.4921,0.9688915140775742,0.5079,2024-08-26 05:30:00
BTCUSDT,0.4936,0.9747235387045814,0.5064,2024-08-26 06:00:00
BTCUSDT,0.4921,0.9688915140775742,0.5079,2024-08-26 06:30:00
BTCUSDT,0.4929,0.9719976336028398,0.5071,2024-08-26 07:00:00
BTCUSDT,0.4959,0.9837333862328903,0.5041,2024-08-26 07:30:00
BTCUSDT,0.4956,0.9825535289452816,0.5044,2024-08-26 08:00:00
BTCUSDT,0.4986,0.994415636218588,0.5014,2024-08-26 08:30:00
BTCUSDT,0.5001,1.0004000800160031,0.4999,2024-08-26 09:00:00
BTCUSDT,0.5024,1.0096463022508038,0.4976,2024-08-26 09:30:00
BTCUSDT,0.5043,1.0173492031470648,0.4957,2024-08-26 10:00:00
BTCUSDT,0.5074,1.0300446609825415,0.4926,2024-08-26 10:30:00
BTCUSDT,0.5077,1.0312817387771684,0.4923,2024-08-26 11:00:00
BTCUSDT,0.5094,1.038320423970648,0.4906,2024-08-26 11:30:00
BTCUSDT,0.5101,1.0412329046744233,0.4899,2024-08-26 12:00:00
BTCUSDT,0.5095,1.038735983690112,0.4905,2024-08-26 12:30:00
BTCUSDT,0.5086,1.035002035002035,0.4914,2024-08-26 13:00:00
BTCUSDT,0.5129,1.0529665366454528,0.4871,2024-08-26 13:30:00
BTCUSDT,0.5131,1.0538098172109263,0.4869,2024-08-26 14:00:00
BTCUSDT,0.5161,1.0665426741062203,0.4839,2024-08-26 14:30:00
BTCUSDT,0.5204,1.0850708924103418,0.4796,2024-08-26 15:00:00
BTCUSDT,0.5209,1.0872469213107911,0.4791,2024-08-26 15:30:00
BTCUSDT,0.5187,1.077706212341575,0.4813,2024-08-26 16:00:00
BTCUSDT,0.5165,1.0682523267838675,0.4835,2024-08-26 16:30:00
BTCUSDT,0.517,1.0703933747412009,0.483,2024-08-26 17:00:00
BTCUSDT,0.5142,1.0584602717167557,0.4858,2024-08-26 17:30:00
BTCUSDT,0.5172,1.0712510356255178,0.4828,2024-08-26 18:00:00
BTCUSDT,0.5177,1.0733982998133942,0.4823,2024-08-26 18:30:00
BTCUSDT,0.5125,1.0512820512820513,0.4875,2024-08-26 19:00:00
BTCUSDT,0.5111,1.0454080589077521,0.4889,2024-08-26 19:30:00
BTCUSDT,0.5134,1.055076037813399,0.4866,2024-08-26 20:00:00
BTCUSDT,0.5168,1.0695364238410596,0.4832,2024-08-26 20:30:00
BTCUSDT,0.5179,1.0742584526031944,0.4821,2024-08-26 21:00:00
BTCUSDT,0.5228,1.0955574182732608,0.4772,2024-08-26 21:30:00
BTCUSDT,0.5256,1.1079258010118043,0.4744,2024-08-26 22:00:00
BTCUSDT,0.5242,1.101723413198823,0.4758,2024-08-26 22:30:00
BTCUSDT,0.5262,1.1105951878429716,0.4738,2024-08-26 23:00:00
BTCUSDT,0.5287,1.121790791427965,0.4713,2024-08-26 23:30:00
BTCUSDT,0.5307,1.1308331557639035,0.4693,2024-08-27 00:00:00
BTCUSDT,0.5347,1.149151085321298,0.4653,2024-08-27 00:30:00
BTCUSDT,0.5378,1.1635655560363478,0.4622,2024-08-27 01:00:00
BTCUSDT,0.5377,1.163097555699762,0.4623,2024-08-27 01:30:00
BTCUSDT,0.5393,1.1706099413935316,0.4607,2024-08-27 02:00:00
BTCUSDT,0.5389,1.168726957276079,0.4611,2024-08-27 02:30:00
BTCUSDT,0.5417,1.1819768710451668,0.4583,2024-08-27 03:00:00
BTCUSDT,0.5465,1.2050716648291069,0.4535,2024-08-27 03:30:00
BTCUSDT,0.5488,1.2163120567375887,0.4512,2024-08-27 04:00:00
BTCUSDT,0.5492,1.2182786157941439,0.4508,2024-08-27 04:30:00
BTCUSDT,0.5514,1.2291573785109229,0.4486,2024-08-27 05:00:00
BTCUSDT,0.5547,1.2456770716370986,0.4453,2024-08-27 05:30:00
BTCUSDT,0.5577,1.2609088853719195,0.4423,2024-08-27 06:00:00
BTCUSDT,0.5567,1.2558087074216104,0.4433,2024-08-27 06:30:00
BTCUSDT,0.5676,1.312673450508788,0.4324,2024-08-27 07:00:00
BTCUSDT,0.5728,1.3408239700374531,0.4272,2024-08-27 07:30:00
BTCUSDT,0.5719,1.33590282644242,0.4281,2024-08-27 08:00:00
BTCUSDT,0.5711,1.3315458148752624,0.4289,2024-08-27 08:30:00
BTCUSDT,0.5726,1.3397285914833879,0.4274,2024-08-27 09:00:00
BTCUSDT,0.5704,1.3277467411545625,0.4296,2024-08-27 09:30:00
BTCUSDT,0.57,1.3255813953488371,0.43,2024-08-27 10:00:00
BTCUSDT,0.5745,1.3501762632197416,0.4255,2024-08-27 10:30:00
BTCUSDT,0.5795,1.3781212841854935,0.4205,2024-08-27 11:00:00
BTCUSDT,0.5869,1.420721374969741,0.4131,2024-08-27 11:30:00
BTCUSDT,0.5843,1.4055809477988934,0.4157,2024-08-27 12:00:00
BTCUSDT,0.5887,1.4313153415998054,0.4113,2024-08-27 12:30:00
BTCUSDT,0.5912,1.446183953033268,0.4088,2024-08-27 13:00:00
BTCUSDT,0.5941,1.4636610002463661,0.4059,2024-08-27 13:30:00
BTCUSDT,0.597,1.4813895781637716,0.403,2024-08-27 14:00:00
BTCUSDT,0.6159,1.6034886748242645,0.3841,2024-08-27 14:30:00
BTCUSDT,0.6216,1.642706131078224,0.3784,2024-08-27 15:00:00
BTCUSDT,0.6301,1.7034333603676668,0.3699,2024-08-27 15:30:00
BTCUSDT,0.6373,1.7570995312930795,0.3627,2024-08-27 16:00:00
BTCUSDT,0.6445,1.8129395218002813,0.3555,2024-08-27 16:30:00
BTCUSDT,0.6442,1.8105677346824058,0.3558,2024-08-27 17:00:00
BTCUSDT,0.6496,1.8538812785388128,0.3504,2024-08-27 17:30:00
BTCUSDT,0.6487,1.846569883290635,0.3513,2024-08-27 18:00:00
BTCUSDT,0.6528,1.880184331797235,0.3472,2024-08-27 18:30:00
BTCUSDT,0.6539,1.889338341519792,0.3461,2024-08-27 19:00:00
BTCUSDT,0.6559,1.9061319383900028,0.3441,2024-08-27 19:30:00
BTCUSDT,0.6535,1.8860028860028861,0.3465,2024-08-27 20:00:00
BTCUSDT,0.6534,1.8851702250432774,0.3466,2024-08-27 20:30:00
BTCUSDT,0.6529,1.8810141169691732,0.3471,2024-08-27 21:00:00
BTCUSDT,0.6515,1.8694404591104734,0.3485,2024-08-27 21:30:00
BTCUSDT,0.661,1.9498525073746311,0.339,2024-08-27 22:00:00
BTCUSDT,0.6666,1.999400119976005,0.3334,2024-08-27 22:30:00
BTCUSDT,0.6751,2.077870113881194,0.3249,2024-08-27 23:00:00
BTCUSDT,0.6779,2.104625892579944,0.3221,2024-08-27 23:30:00
BTCUSDT,0.676,2.0864197530864197,0.324,2024-08-28 00:00:00
BTCUSDT,0.6702,2.032140691328078,0.3298,2024-08-28 00:30:00
BTCUSDT,0.6753,2.079765937788728,0.3247,2024-08-28 01:00:00
BTCUSDT,0.6753,2.079765937788728,0.3247,2024-08-28 01:30:00
BTCUSDT,0.6778,2.1036623215394163,0.3222,2024-08-28 02:00:00
BTCUSDT,0.6765,2.0911901081916535,0.3235,2024-08-28 02:30:00
BTCUSDT,0.6778,2.1036623215394163,0.3222,2024-08-28 03:00:00
BTCUSDT,0.6825,2.149606299212598,0.3175,2024-08-28 03:30:00
BTCUSDT,0.6877,2.202049311559398,0.3123,2024-08-28 04:00:00
BTCUSDT,0.6858,2.1826861871419476,0.3142,2024-08-28 04:30:00
BTCUSDT,0.6813,2.1377470975839348,0.3187,2024-08-28 05:00:00
BTCUSDT,0.6869,2.1938677738741617,0.3131,2024-08-28 05:30:00
BTCUSDT,0.6874,2.198976327575176,0.3126,2024-08-28 06:00:00
BTCUSDT,0.6848,2.1725888324873095,0.3152,2024-08-28 06:30:00
BTCUSDT,0.6838,2.1625553447185326,0.3162,2024-08-28 07:00:00
BTCUSDT,0.683,2.1545741324921135,0.317,2024-08-28 07:30:00
BTCUSDT,0.6746,2.073140749846343,0.3254,2024-08-28 08:00:00
BTCUSDT,0.6882,2.207184092366902,0.3118,2024-08-28 08:30:00
BTCUSDT,0.6879,2.2041012495994874,0.3121,2024-08-28 09:00:00
BTCUSDT,0.6891,2.21646831778707,0.3109,2024-08-28 09:30:00
BTCUSDT,0.6975,2.3057851239669422,0.3025,2024-08-28 10:00:00
BTCUSDT,0.6871,2.1959092361776924,0.3129,2024-08-28 10:30:00
BTCUSDT,0.6817,2.1416902293433866,0.3183,2024-08-28 11:00:00
BTCUSDT,0.6852,2.1766200762388817,0.3148,2024-08-28 11:30:00
BTCUSDT,0.6814,2.138731952291274,0.3186,2024-08-28 12:00:00
BTCUSDT,0.6837,2.161555485298767,0.3163,2024-08-28 12:30:00
BTCUSDT,0.681,2.134796238244514,0.319,2024-08-28 13:00:00
BTCUSDT,0.6758,2.084515731030228,0.3242,2024-08-28 13:30:00
BTCUSDT,0.6671,2.0039050765995796,0.3329,2024-08-28 14:00:00
BTCUSDT,0.6751,2.077870113881194,0.3249,2024-08-28 14:30:00
BTCUSDT,0.6823,2.147623544224111,0.3177,2024-08-28 15:00:00
BTCUSDT,0.6916,2.2425421530479897,0.3084,2024-08-28 15:30:00
BTCUSDT,0.7047,2.3863867253640363,0.2953,2024-08-28 16:00:00
BTCUSDT,0.7051,2.39097999321804,0.2949,2024-08-28 16:30:00
BTCUSDT,0.7085,2.430531732418525,0.2915,2024-08-28 17:00:00
BTCUSDT,0.699,2.3222591362126246,0.301,2024-08-28 17:30:00
BTCUSDT,0.6979,2.3101621979476996,0.3021,2024-08-28 18:00:00
BTCUSDT,0.7007,2.341129301703976,0.2993,2024-08-28 18:30:00
BTCUSDT,0.7063,2.404834865509023,0.2937,2024-08-28 19:00:00
BTCUSDT,0.7041,2.3795201081446433,0.2959,2024-08-28 19:30:00
BTCUSDT,0.7034,2.371544167228591,0.2966,2024-08-28 20:00:00
BTCUSDT,0.7068,2.4106412005457023,0.2932,2024-08-28 20:30:00
BTCUSDT,0.7048,2.3875338753387534,0.2952,2024-08-28 21:00:00
BTCUSDT,0.7048,2.3875338753387534,0.2952,2024-08-28 21:30:00
BTCUSDT,0.7037,2.374957813027337,0.2963,2024-08-28 22:00:00
BTCUSDT,0.7019,2.354579000335458,0.2981,2024-08-28 22:30:00
BTCUSDT,0.7052,2.3921302578018997,0.2948,2024-08-28 23:00:00
BTCUSDT,0.7033,2.370407819346141,0.2967,2024-08-28 23:30:00
BTCUSDT,0.7045,2.3840947546531304,0.2955,2024-08-29 00:00:00
BTCUSDT,0.7062,2.4036759700476518,0.2938,2024-08-29 00:30:00
BTCUSDT,0.7048,2.3875338753387534,0.2952,2024-08-29 01:00:00
BTCUSDT,0.7079,2.4234851078397806,0.2921,2024-08-29 01:30:00
BTCUSDT,0.7069,2.4118048447628793,0.2931,2024-08-29 02:00:00
BTCUSDT,0.7065,2.4071550255536627,0.2935,2024-08-29 02:30:00
BTCUSDT,0.7043,2.381805884342239,0.2957,2024-08-29 03:00:00
BTCUSDT,0.7051,2.39097999321804,0.2949,2024-08-29 03:30:00
BTCUSDT,0.7053,2.39328130302002,0.2947,2024-08-29 04:00:00
BTCUSDT,0.7051,2.39097999321804,0.2949,2024-08-29 04:30:00
BTCUSDT,0.7058,2.399048266485384,0.2942,2024-08-29 05:00:00
BTCUSDT,0.7067,2.4094783498124785,0.2933,2024-08-29 05:30:00
BTCUSDT,0.7097,2.444712366517396,0.2903,2024-08-29 06:00:00
BTCUSDT,0.7042,2.380662609871535,0.2958,2024-08-29 06:30:00
BTCUSDT,0.7025,2.361344537815126,0.2975,2024-08-29 07:00:00
BTCUSDT,0.6995,2.327787021630616,0.3005,2024-08-29 07:30:00
BTCUSDT,0.7,2.3333333333333335,0.3,2024-08-29 08:00:00
BTCUSDT,0.6962,2.291639236339697,0.3038,2024-08-29 08:30:00
BTCUSDT,0.6951,2.279763857002296,0.3049,2024-08-29 09:00:00
BTCUSDT,0.6944,2.2722513089005236,0.3056,2024-08-29 09:30:00
BTCUSDT,0.6922,2.248862897985705,0.3078,2024-08-29 10:00:00
BTCUSDT,0.692,2.2467532467532467,0.308,2024-08-29 10:30:00
BTCUSDT,0.6897,2.2226877215597804,0.3103,2024-08-29 11:00:00
BTCUSDT,0.6865,2.189792663476874,0.3135,2024-08-29 11:30:00
BTCUSDT,0.6768,2.094059405940594,0.3232,2024-08-29 12:00:00
BTCUSDT,0.6774,2.0998140111593306,0.3226,2024-08-29 12:30:00
BTCUSDT,0.6715,2.0441400304414,0.3285,2024-08-29 13:00:00
BTCUSDT,0.6661,1.994908655286014,0.3339,2024-08-29 13:30:00
BTCUSDT,0.6634,1.9708853238265003,0.3366,2024-08-29 14:00:00
BTCUSDT,0.6592,1.9342723004694837,0.3408,2024-08-29 14:30:00
BTCUSDT,0.6512,1.8669724770642202,0.3488,2024-08-29 15:00:00
BTCUSDT,0.6433,1.803476310625175,0.3567,2024-08-29 15:30:00
BTCUSDT,0.6331,1.7255382938130281,0.3669,2024-08-29 16:00:00
BTCUSDT,0.6214,1.641310089804543,0.3786,2024-08-29 16:30:00
BTCUSDT,0.6174,1.6136957658128592,0.3826,2024-08-29 17:00:00
BTCUSDT,0.6265,1.6773761713520747,0.3735,2024-08-29 17:30:00
BTCUSDT,0.6298,1.7012425715829282,0.3702,2024-08-29 18:00:00
BTCUSDT,0.6338,1.7307482250136537,0.3662,2024-08-29 18:30:00
BTCUSDT,0.6434,1.8042624789680315,0.3566,2024-08-29 19:00:00
BTCUSDT,0.6533,1.8843380444188058,0.3467,2024-08-29 19:30:00
BTCUSDT,0.6524,1.8768699654775602,0.3476,2024-08-29 20:00:00
BTCUSDT,0.6536,1.8868360277136258,0.3464,2024-08-29 20:30:00
BTCUSDT,0.6558,1.905287623474724,0.3442,2024-08-29 21:00:00
BTCUSDT,0.6565,1.9112081513828236,0.3435,2024-08-29 21:30:00
BTCUSDT,0.6571,1.9163021289005542,0.3429,2024-08-29 22:00:00
BTCUSDT,0.657,1.9154518950437318,0.343,2024-08-29 22:30:00
BTCUSDT,0.6597,1.9385836027034968,0.3403,2024-08-29 23:00:00
BTCUSDT,0.6641,1.9770765108663295,0.3359,2024-08-29 23:30:00
BTCUSDT,0.668,2.0120481927710845,0.332,2024-08-30 00:00:00
BTCUSDT,0.6689,2.0202355783751136,0.3311,2024-08-30 00:30:00
BTCUSDT,0.6737,2.0646644192460926,0.3263,2024-08-30 01:00:00
BTCUSDT,0.6722,2.050640634533252,0.3278,2024-08-30 01:30:00
BTCUSDT,0.6732,2.0599755201958385,0.3268,2024-08-30 02:00:00
BTCUSDT,0.6748,2.075030750307503,0.3252,2024-08-30 02:30:00
BTCUSDT,0.6757,2.0835646006783843,0.3243,2024-08-30 03:00:00
BTCUSDT,0.6726,2.054367745876603,0.3274,2024-08-30 03:30:00
BTCUSDT,0.6734,2.061849357011635,0.3266,2024-08-30 04:00:00
BTCUSDT,0.675,2.076923076923077,0.325,2024-08-30 04:30:00
BTCUSDT,0.6757,2.0835646006783843,0.3243,2024-08-30 05:00:00
BTCUSDT,0.6732,2.0599755201958385,0.3268,2024-08-30 05:30:00
BTCUSDT,0.6762,2.0883261272390365,0.3238,2024-08-30 06:00:00
BTCUSDT,0.6786,2.111387678904791,0.3214,2024-08-30 06:30:00
BTCUSDT,0.6853,2.1776294884016525,0.3147,2024-08-30 07:00:00
BTCUSDT,0.6883,2.2082130253448833,0.3117,2024-08-30 07:30:00
BTCUSDT,0.6812,2.136762860727729,0.3188,2024-08-30 08:00:00
BTCUSDT,0.6851,2.1756113051762465,0.3149,2024-08-30 08:30:00
BTCUSDT,0.6825,2.149606299212598,0.3175,2024-08-30 09:00:00
BTCUSDT,0.6855,2.179650238473768,0.3145,2024-08-30 09:30:00
BTCUSDT,0.6858,2.1826861871419476,0.3142,2024-08-30 10:00:00
BTCUSDT,0.6846,2.1705770450221937,0.3154,2024-08-30 10:30:00
BTCUSDT,0.6805,2.1298904538341157,0.3195,2024-08-30 11:00:00
BTCUSDT,0.6766,2.092145949288806,0.3234,2024-08-30 11:30:00
BTCUSDT,0.6698,2.0284675953967293,0.3302,2024-08-30 12:00:00
BTCUSDT,0.6733,2.0609121518212428,0.3267,2024-08-30 12:30:00
BTCUSDT,0.6816,2.1407035175879394,0.3184,2024-08-30 13:00:00
BTCUSDT,0.6789,2.114294612270321,0.3211,2024-08-30 13:30:00
BTCUSDT,0.6747,2.0740854595757763,0.3253,2024-08-30 14:00:00
BTCUSDT,0.6803,2.127932436659368,0.3197,2024-08-30 14:30:00
BTCUSDT,0.6823,2.147623544224111,0.3177,2024-08-30 15:00:00
BTCUSDT,0.699,2.3222591362126246,0.301,2024-08-30 15:30:00
BTCUSDT,0.7068,2.4106412005457023,0.2932,2024-08-30 16:00:00
BTCUSDT,0.7094,2.4411562284927735,0.2906,2024-08-30 16:30:00
BTCUSDT,0.7123,2.4758428919012863,0.2877,2024-08-30 17:00:00
BTCUSDT,0.7074,2.4176349965823647,0.2926,2024-08-30 17:30:00
BTCUSDT,0.7108,2.457814661134163,0.2892,2024-08-30 18:00:00
BTCUSDT,0.7158,2.518648838845883,0.2842,2024-08-30 18:30:00
BTCUSDT,0.708,2.4246575342465753,0.292,2024-08-30 19:00:00
BTCUSDT,0.7034,2.371544167228591,0.2966,2024-08-30 19:30:00
BTCUSDT,0.7009,2.3433634236041456,0.2991,2024-08-30 20:00:00
BTCUSDT,0.703,2.3670033670033668,0.297,2024-08-30 20:30:00
BTCUSDT,0.7042,2.380662609871535,0.2958,2024-08-30 21:00:00
BTCUSDT,0.7059,2.4002040122407347,0.2941,2024-08-30 21:30:00
BTCUSDT,0.7042,2.380662609871535,0.2958,2024-08-30 22:00:00
BTCUSDT,0.7049,2.388681802778719,0.2951,2024-08-30 22:30:00
BTCUSDT,0.7036,2.3738191632928474,0.2964,2024-08-30 23:00:00
BTCUSDT,0.7027,2.3636057854019508,0.2973,2024-08-30 23:30:00
BTCUSDT,0.7005,2.33889816360601,0.2995,2024-08-31 00:00:00
BTCUSDT,0.6996,2.3288948069241013,0.3004,2024-08-31 00:30:00
BTCUSDT,0.6995,2.327787021630616,0.3005,2024-08-31 01:00:00
BTCUSDT,0.6992,2.3244680851063833,0.3008,2024-08-31 01:30:00
BTCUSDT,0.6982,2.313452617627568,0.3018,2024-08-31 02:00:00
BTCUSDT,0.6962,2.291639236339697,0.3038,2024-08-31 02:30:00
BTCUSDT,0.6949,2.2776138970829236,0.3051,2024-08-31 03:00:00
BTCUSDT,0.6932,2.259452411994785,0.3068,2024-08-31 03:30:00
BTCUSDT,0.6941,2.2690421706440014,0.3059,2024-08-31 04:00:00
BTCUSDT,0.694,2.2679738562091503,0.306,2024-08-31 04:30:00
BTCUSDT,0.6956,2.2851511169513796,0.3044,2024-08-31 05:00:00
BTCUSDT,0.6928,2.2552083333333335,0.3072,2024-08-31 05:30:00
BTCUSDT,0.6911,2.237293622531564,0.3089,2024-08-31 06:00:00
BTCUSDT,0.6896,2.2216494845360826,0.3104,2024-08-31 06:30:00
BTCUSDT,0.6866,2.190810465858328,0.3134,2024-08-31 07:00:00
BTCUSDT,0.6826,2.15059861373661,0.3174,2024-08-31 07:30:00
BTCUSDT,0.6808,2.1328320802005014,0.3192,2024-08-31 08:00:00
BTCUSDT,0.6781,2.1065548306927617,0.3219,2024-08-31 08:30:00
BTCUSDT,0.6721,2.0497102775236353,0.3279,2024-08-31 09:00:00
BTCUSDT,0.6701,2.031221582297666,0.3299,2024-08-31 09:30:00
BTCUSDT,0.6702,2.032140691328078,0.3298,2024-08-31 10:00:00
BTCUSDT,0.6754,2.0807147258163896,0.3246,2024-08-31 10:30:00
BTCUSDT,0.6797,2.1220730565095223,0.3203,2024-08-31 11:00:00
BTCUSDT,0.6811,2.1357792411414236,0.3189,2024-08-31 11:30:00
BTCUSDT,0.6793,2.1181789834736517,0.3207,2024-08-31 12:00:00
BTCUSDT,0.6783,2.108486167236556,0.3217,2024-08-31 12:30:00
BTCUSDT,0.6805,2.1298904538341157,0.3195,2024-08-31 13:00:00
BTCUSDT,0.6807,2.131850923896023,0.3193,2024-08-31 13:30:00
BTCUSDT,0.6718,2.0469226081657523,0.3282,2024-08-31 14:00:00
BTCUSDT,0.6713,2.04228780042592,0.3287,2024-08-31 14:30:00
BTCUSDT,0.6709,2.038590094196293,0.3291,2024-08-31 15:00:00
BTCUSDT,0.6705,2.0349013657056143,0.3295,2024-08-31 15:30:00
BTCUSDT,0.6719,2.047851264858275,0.3281,2024-08-31 16:00:00
BTCUSDT,0.6704,2.0339805825242716,0.3296,2024-08-31 16:30:00
BTCUSDT,0.6701,2.031221582297666,0.3299,2024-08-31 17:00:00
BTCUSDT,0.6695,2.02571860816944,0.3305,2024-08-31 17:30:00
BTCUSDT,0.6707,2.0367446097783177,0.3293,2024-08-31 18:00:00
BTCUSDT,0.6734,2.061849357011635,0.3266,2024-08-31 18:30:00
BTCUSDT,0.6727,2.0553009471432935,0.3273,2024-08-31 19:00:00
BTCUSDT,0.6734,2.061849357011635,0.3266,2024-08-31 19:30:00
BTCUSDT,0.6743,2.0703101013202336,0.3257,2024-08-31 20:00:00
BTCUSDT,0.6746,2.073140749846343,0.3254,2024-08-31 20:30:00
BTCUSDT,0.6761,2.0873726458783577,0.3239,2024-08-31 21:00:00
BTCUSDT,0.6762,2.0883261272390365,0.3238,2024-08-31 21:30:00
BTCUSDT,0.6762,2.0883261272390365,0.3238,2024-08-31 22:00:00
BTCUSDT,0.6756,2.0826140567200984,0.3244,2024-08-31 22:30:00
BTCUSDT,0.6747,2.0740854595757763,0.3253,2024-08-31 23:00:00
BTCUSDT,0.6758,2.084515731030228,0.3242,2024-08-31 23:30:00
BTCUSDT,0.6765,2.0911901081916535,0.3235,2024-09-01 00:00:00
BTCUSDT,0.677,2.0959752321981426,0.323,2024-09-01 00:30:00
BTCUSDT,0.6773,2.098853424233034,0.3227,2024-09-01 01:00:00
BTCUSDT,0.6769,2.095017022593624,0.3231,2024-09-01 01:30:00
BTCUSDT,0.6763,2.089280197713933,0.3237,2024-09-01 02:00:00
BTCUSDT,0.6751,2.077870113881194,0.3249,2024-09-01 02:30:00
BTCUSDT,0.6805,2.1298904538341157,0.3195,2024-09-01 03:00:00
BTCUSDT,0.6839,2.1635558367605188,0.3161,2024-09-01 03:30:00
BTCUSDT,0.6821,2.1456432840515887,0.3179,2024-09-01 04:00:00
BTCUSDT,0.6829,2.15357931251971,0.3171,2024-09-01 04:30:00
BTCUSDT,0.685,2.174603174603175,0.315,2024-09-01 05:00:00
BTCUSDT,0.6983,2.3145508783559827,0.3017,2024-09-01 05:30:00
BTCUSDT,0.7034,2.371544167228591,0.2966,2024-09-01 06:00:00
BTCUSDT,0.7086,2.431708991077557,0.2914,2024-09-01 06:30:00
BTCUSDT,0.7094,2.4411562284927735,0.2906,2024-09-01 07:00:00
BTCUSDT,0.705,2.389830508474576,0.295,2024-09-01 07:30:00
BTCUSDT,0.7076,2.4199726402188784,0.2924,2024-09-01 08:00:00
BTCUSDT,0.7058,2.399048266485384,0.2942,2024-09-01 08:30:00
BTCUSDT,0.7046,2.3852403520649967,0.2954,2024-09-01 09:00:00
BTCUSDT,0.7052,2.3921302578018997,0.2948,2024-09-01 09:30:00
BTCUSDT,0.7064,2.4059945504087192,0.2936,2024-09-01 10:00:00
BTCUSDT,0.7027,2.3636057854019508,0.2973,2024-09-01 10:30:00
BTCUSDT,0.703,2.3670033670033668,0.297,2024-09-01 11:00:00
BTCUSDT,0.7061,2.402517863218782,0.2939,2024-09-01 11:30:00
BTCUSDT,0.709,2.436426116838488,0.291,2024-09-01 12:00:00
BTCUSDT,0.7041,2.3795201081446433,0.2959,2024-09-01 12:30:00
BTCUSDT,0.7033,2.370407819346141,0.2967,2024-09-01 13:00:00
BTCUSDT,0.7026,2.3624747814391394,0.2974,2024-09-01 13:30:00
BTCUSDT,0.7001,2.334444814938313,0.2999,2024-09-01 14:00:00
BTCUSDT,0.6969,2.299241174529858,0.3031,2024-09-01 14:30:00
BTCUSDT,0.6958,2.2873109796186717,0.3042,2024-09-01 15:00:00
BTCUSDT,0.6958,2.2873109796186717,0.3042,2024-09-01 15:30:00
BTCUSDT,0.702,2.3557046979865772,0.298,2024-09-01 16:00:00
BTCUSDT,0.6992,2.3244680851063833,0.3008,2024-09-01 16:30:00
BTCUSDT,0.6989,2.3211557622052474,0.3011,2024-09-01 17:00:00
BTCUSDT,0.6981,2.3123550844650547,0.3019,2024-09-01 17:30:00
BTCUSDT,0.6989,2.3211557622052474,0.3011,2024-09-01 18:00:00
BTCUSDT,0.7069,2.4118048447628793,0.2931,2024-09-01 18:30:00
BTCUSDT,0.7066,2.408316291751875,0.2934,2024-09-01 19:00:00
BTCUSDT,0.705,2.389830508474576,0.295,2024-09-01 19:30:00
BTCUSDT,0.7053,2.39328130302002,0.2947,2024-09-01 20:00:00
BTCUSDT,0.7061,2.402517863218782,0.2939,2024-09-01 20:30:00
BTCUSDT,0.7043,2.381805884342239,0.2957,2024-09-01 21:00:00
BTCUSDT,0.7041,2.3795201081446433,0.2959,2024-09-01 21:30:00
BTCUSDT,0.706,2.401360544217687,0.294,2024-09-01 22:00:00
BTCUSDT,0.7062,2.4036759700476518,0.2938,2024-09-01 22:30:00
BTCUSDT,0.7087,2.4328870580157913,0.2913,2024-09-01 23:00:00
BTCUSDT,0.7103,2.4518467380048325,0.2897,2024-09-01 23:30:00
BTCUSDT,0.7116,2.4674063800277395,0.2884,2024-09-02 00:00:00
BTCUSDT,0.6261,1.674511901577962,0.3739,2024-08-12 13:30:00
BTCUSDT,0.631,1.7100271002710028,0.369,2024-08-12 14:00:00
BTCUSDT,0.6271,1.6816840976133012,0.3729,2024-08-12 14:30:00
BTCUSDT,0.6136,1.587991718426501,0.3864,2024-08-12 15:00:00
BTCUSDT,0.6081,1.5516713447307986,0.3919,2024-08-12 15:30:00
BTCUSDT,0.6167,1.6089225150013047,0.3833,2024-08-12 16:00:00
BTCUSDT,0.6106,1.5680534155110426,0.3894,2024-08-12 16:30:00
BTCUSDT,0.6132,1.5853154084798347,0.3868,2024-08-12 17:00:00
BTCUSDT,0.6157,1.6021337496747334,0.3843,2024-08-12 17:30:00
BTCUSDT,0.6151,1.5980774227071965,0.3849,2024-08-12 18:00:00
BTCUSDT,0.6181,1.6184865147944487,0.3819,2024-08-12 18:30:00
BTCUSDT,0.6197,1.6295030239284776,0.3803,2024-08-12 19:00:00
BTCUSDT,0.6276,1.6852846401718582,0.3724,2024-08-12 19:30:00
BTCUSDT,0.6225,1.6490066225165565,0.3775,2024-08-12 20:00:00
BTCUSDT,0.6255,1.6702269692923897,0.3745,2024-08-12 20:30:00
BTCUSDT,0.6275,1.6845637583892616,0.3725,2024-08-12 21:00:00
BTCUSDT,0.6301,1.7034333603676668,0.3699,2024-08-12 21:30:00
BTCUSDT,0.632,1.7173913043478262,0.368,2024-08-12 22:00:00
BTCUSDT,0.6323,1.719608376393799,0.3677,2024-08-12 22:30:00
BTCUSDT,0.6326,1.7218290691344584,0.3674,2024-08-12 23:00:00
BTCUSDT,0.6392,1.7716186252771617,0.3608,2024-08-12 23:30:00
BTCUSDT,0.6426,1.7979854504756574,0.3574,2024-08-13 00:00:00
BTCUSDT,0.6458,1.8232636928289103,0.3542,2024-08-13 00:30:00
BTCUSDT,0.644,1.808988764044944,0.356,2024-08-13 01:00:00
BTCUSDT,0.6474,1.8360748723766305,0.3526,2024-08-13 01:30:00
BTCUSDT,0.645,1.8169014084507045,0.355,2024-08-13 02:00:00
BTCUSDT,0.6431,1.8019052956010086,0.3569,2024-08-13 02:30:00
BTCUSDT,0.6397,1.775464890369137,0.3603,2024-08-13 03:00:00
BTCUSDT,0.6339,1.7314941272876265,0.3661,2024-08-13 03:30:00
BTCUSDT,0.6363,1.7495188342040142,0.3637,2024-08-13 04:00:00
BTCUSDT,0.6398,1.77623542476402,0.3602,2024-08-13 04:30:00
BTCUSDT,0.6415,1.7894002789400278,0.3585,2024-08-13 05:00:00
BTCUSDT,0.6416,1.7901785714285714,0.3584,2024-08-13 05:30:00
BTCUSDT,0.6407,1.7831895352073477,0.3593,2024-08-13 06:00:00
BTCUSDT,0.6379,1.7616680475006905,0.3621,2024-08-13 06:30:00
BTCUSDT,0.6391,1.770850651149903,0.3609,2024-08-13 07:00:00
BTCUSDT,0.6406,1.7824151363383416,0.3594,2024-08-13 07:30:00
BTCUSDT,0.641,1.785515320334262,0.359,2024-08-13 08:00:00
BTCUSDT,0.6402,1.7793218454697053,0.3598,2024-08-13 08:30:00
BTCUSDT,0.6402,1.7793218454697053,0.3598,2024-08-13 09:00:00
BTCUSDT,0.6375,1.7586206896551724,0.3625,2024-08-13 09:30:00
BTCUSDT,0.638,1.7624309392265194,0.362,2024-08-13 10:00:00
BTCUSDT,0.6425,1.797202797202797,0.3575,2024-08-13 10:30:00
BTCUSDT,0.6438,1.807411566535654,0.3562,2024-08-13 11:00:00
BTCUSDT,0.6469,1.832058906825262,0.3531,2024-08-13 11:30:00
BTCUSDT,0.6468,1.8312570781426953,0.3532,2024-08-13 12:00:00
BTCUSDT,0.6465,1.8288543140028288,0.3535,2024-08-13 12:30:00
BTCUSDT,0.6476,1.8376844494892166,0.3524,2024-08-13 13:00:00
BTCUSDT,0.6441,1.8097780275358246,0.3559,2024-08-13 13:30:00
BTCUSDT,0.6403,1.780094523213789,0.3597,2024-08-13 14:00:00
BTCUSDT,0.6321,1.718129926610492,0.3679,2024-08-13 14:30:00
BTCUSDT,0.6269,1.6802465826856072,0.3731,2024-08-13 15:00:00
BTCUSDT,0.6199,1.6308866087871614,0.3801,2024-08-13 15:30:00
BTCUSDT,0.6195,1.628120893561104,0.3805,2024-08-13 16:00:00
BTCUSDT,0.6164,1.6068821689259645,0.3836,2024-08-13 16:30:00
BTCUSDT,0.5949,1.4685262898049862,0.4051,2024-08-13 17:00:00
BTCUSDT,0.5691,1.3207240659085635,0.4309,2024-08-13 17:30:00
BTCUSDT,0.559,1.2675736961451247,0.441,2024-08-13 18:00:00
BTCUSDT,0.5539,1.2416498542927594,0.4461,2024-08-13 18:30:00
BTCUSDT,0.5533,1.2386389075442132,0.4467,2024-08-13 19:00:00
BTCUSDT,0.5619,1.2825838849577722,0.4381,2024-08-13 19:30:00
BTCUSDT,0.5674,1.3116042533518262,0.4326,2024-08-13 20:00:00
BTCUSDT,0.5664,1.3062730627306274,0.4336,2024-08-13 20:30:00
BTCUSDT,0.5662,1.3052097740894422,0.4338,2024-08-13 21:00:00
BTCUSDT,0.5667,1.3078698361412415,0.4333,2024-08-13 21:30:00
BTCUSDT,0.569,1.3201856148491877,0.431,2024-08-13 22:00:00
BTCUSDT,0.5742,1.3485204321277595,0.4258,2024-08-13 22:30:00
BTCUSDT,0.5759,1.357934449422306,0.4241,2024-08-13 23:00:00
BTCUSDT,0.5753,1.3546032493524842,0.4247,2024-08-13 23:30:00
BTCUSDT,0.5762,1.3596035865974516,0.4238,2024-08-14 00:00:00
BTCUSDT,0.5803,1.382654276864427,0.4197,2024-08-14 00:30:00
BTCUSDT,0.5832,1.3992322456813822,0.4168,2024-08-14 01:00:00
BTCUSDT,0.5794,1.3775558725630053,0.4206,2024-08-14 01:30:00
BTCUSDT,0.5793,1.376990729736154,0.4207,2024-08-14 02:00:00
BTCUSDT,0.5777,1.3679848448969927,0.4223,2024-08-14 02:30:00
BTCUSDT,0.5778,1.3685457129322596,0.4222,2024-08-14 03:00:00
BTCUSDT,0.5769,1.363507445048452,0.4231,2024-08-14 03:30:00
BTCUSDT,0.5698,1.324500232450023,0.4302,2024-08-14 04:00:00
BTCUSDT,0.5689,1.3196474135931338,0.4311,2024-08-14 04:30:00
BTCUSDT,0.5664,1.3062730627306274,0.4336,2024-08-14 05:00:00
BTCUSDT,0.5657,1.3025558369790466,0.4343,2024-08-14 05:30:00
BTCUSDT,0.5637,1.2920009168003666,0.4363,2024-08-14 06:00:00
BTCUSDT,0.5709,1.3304591004427873,0.4291,2024-08-14 06:30:00
BTCUSDT,0.5741,1.3479690068091101,0.4259,2024-08-14 07:00:00
BTCUSDT,0.5749,1.352387673488591,0.4251,2024-08-14 07:30:00
BTCUSDT,0.5791,1.3758612497030172,0.4209,2024-08-14 08:00:00
BTCUSDT,0.5801,1.3815194093831864,0.4199,2024-08-14 08:30:00
BTCUSDT,0.5791,1.3758612497030172,0.4209,2024-08-14 09:00:00
BTCUSDT,0.5812,1.387774594078319,0.4188,2024-08-14 09:30:00
BTCUSDT,0.5808,1.3854961832061068,0.4192,2024-08-14 10:00:00
BTCUSDT,0.5833,1.3998080153587713,0.4167,2024-08-14 10:30:00
BTCUSDT,0.5774,1.3663038334122102,0.4226,2024-08-14 11:00:00
BTCUSDT,0.5833,1.3998080153587713,0.4167,2024-08-14 11:30:00
BTCUSDT,0.5756,1.3562676720075402,0.4244,2024-08-14 12:00:00
BTCUSDT,0.5781,1.3702299123014932,0.4219,2024-08-14 12:30:00
BTCUSDT,0.5796,1.378686964795433,0.4204,2024-08-14 13:00:00
BTCUSDT,0.5791,1.3758612497030172,0.4209,2024-08-14 13:30:00
BTCUSDT,0.6044,1.5278058645096058,0.3956,2024-08-14 14:00:00
BTCUSDT,0.6446,1.8137310073157005,0.3554,2024-08-14 14:30:00
BTCUSDT,0.6544,1.8935185185185184,0.3456,2024-08-14 15:00:00
BTCUSDT,0.6547,1.8960324355632783,0.3453,2024-08-14 15:30:00
BTCUSDT,0.6614,1.9533372711163615,0.3386,2024-08-14 16:00:00
BTCUSDT,0.6664,1.9976019184652278,0.3336,2024-08-14 16:30:00
BTCUSDT,0.6712,2.0413625304136254,0.3288,2024-08-14 17:00:00
BTCUSDT,0.6726,2.054367745876603,0.3274,2024-08-14 17:30:00
BTCUSDT,0.6727,2.0553009471432935,0.3273,2024-08-14 18:00:00
BTCUSDT,0.6729,2.0571690614490983,0.3271,2024-08-14 18:30:00
BTCUSDT,0.6764,2.0902348578491967,0.3236,2024-08-14 19:00:00
BTCUSDT,0.6762,2.0883261272390365,0.3238,2024-08-14 19:30:00
BTCUSDT,0.6769,2.095017022593624,0.3231,2024-08-14 20:00:00
BTCUSDT,0.6779,2.104625892579944,0.3221,2024-08-14 20:30:00
BTCUSDT,0.6785,2.1104199066874028,0.3215,2024-08-14 21:00:00
BTCUSDT,0.6786,2.111387678904791,0.3214,2024-08-14 21:30:00
BTCUSDT,0.6791,2.1162355874104084,0.3209,2024-08-14 22:00:00
BTCUSDT,0.6774,2.0998140111593306,0.3226,2024-08-14 22:30:00
BTCUSDT,0.678,2.1055900621118013,0.322,2024-08-14 23:00:00
BTCUSDT,0.6796,2.121098626716604,0.3204,2024-08-14 23:30:00
BTCUSDT,0.68,2.125,0.32,2024-08-15 00:00:00
BTCUSDT,0.6811,2.1357792411414236,0.3189,2024-08-15 00:30:00
BTCUSDT,0.6833,2.157562361856647,0.3167,2024-08-15 01:00:00
BTCUSDT,0.6843,2.1675641431738994,0.3157,2024-08-15 01:30:00
BTCUSDT,0.6862,2.186743148502231,0.3138,2024-08-15 02:00:00
BTCUSDT,0.6902,2.2278889606197545,0.3098,2024-08-15 02:30:00
BTCUSDT,0.6922,2.248862897985705,0.3078,2024-08-15 03:00:00
BTCUSDT,0.6929,2.2562683165092805,0.3071,2024-08-15 03:30:00
BTCUSDT,0.6947,2.2754667540124465,0.3053,2024-08-15 04:00:00
BTCUSDT,0.6932,2.259452411994785,0.3068,2024-08-15 04:30:00
BTCUSDT,0.6948,2.27653997378768,0.3052,2024-08-15 05:00:00
BTCUSDT,0.6961,2.290556103981573,0.3039,2024-08-15 05:30:00
BTCUSDT,0.6975,2.3057851239669422,0.3025,2024-08-15 06:00:00
BTCUSDT,0.6975,2.3057851239669422,0.3025,2024-08-15 06:30:00
BTCUSDT,0.6968,2.298153034300791,0.3032,2024-08-15 07:00:00
BTCUSDT,0.6961,2.290556103981573,0.3039,2024-08-15 07:30:00
BTCUSDT,0.6985,2.316749585406302,0.3015,2024-08-15 08:00:00
BTCUSDT,0.7012,2.3467202141900936,0.2988,2024-08-15 08:30:00
BTCUSDT,0.7042,2.380662609871535,0.2958,2024-08-15 09:00:00
BTCUSDT,0.7031,2.368137420006736,0.2969,2024-08-15 09:30:00
BTCUSDT,0.7022,2.35795836131632,0.2978,2024-08-15 10:00:00
BTCUSDT,0.6981,2.3123550844650547,0.3019,2024-08-15 10:30:00
BTCUSDT,0.695,2.278688524590164,0.305,2024-08-15 11:00:00
BTCUSDT,0.7068,2.4106412005457023,0.2932,2024-08-15 11:30:00
BTCUSDT,0.7054,2.394433129667346,0.2946,2024-08-15 12:00:00
BTCUSDT,0.7044,2.3829499323410017,0.2956,2024-08-15 12:30:00
BTCUSDT,0.7021,2.356831151393085,0.2979,2024-08-15 13:00:00
BTCUSDT,0.7008,2.3422459893048124,0.2992,2024-08-15 13:30:00
BTCUSDT,0.6906,2.2320620555914674,0.3094,2024-08-15 14:00:00
BTCUSDT,0.6794,2.1191515907673115,0.3206,2024-08-15 14:30:00
BTCUSDT,0.6732,2.0599755201958385,0.3268,2024-08-15 15:00:00
BTCUSDT,0.6637,1.9735355337496283,0.3363,2024-08-15 15:30:00
BTCUSDT,0.6619,1.9577048210588583,0.3381,2024-08-15 16:00:00
BTCUSDT,0.6573,1.9180040852057192,0.3427,2024-08-15 16:30:00
BTCUSDT,0.6523,1.8760425654299684,0.3477,2024-08-15 17:00:00
BTCUSDT,0.6437,1.8066236317709796,0.3563,2024-08-15 17:30:00
BTCUSDT,0.6436,1.8058361391694724,0.3564,2024-08-15 18:00:00
BTCUSDT,0.673,2.058103975535168,0.327,2024-08-15 18:30:00
BTCUSDT,0.6804,2.128911138923655,0.3196,2024-08-15 19:00:00
BTCUSDT,0.6779,2.104625892579944,0.3221,2024-08-15 19:30:00
BTCUSDT,0.6877,2.202049311559398,0.3123,2024-08-15 20:00:00
BTCUSDT,0.6902,2.2278889606197545,0.3098,2024-08-15 20:30:00
BTCUSDT,0.6932,2.259452411994785,0.3068,2024-08-15 21:00:00
BTCUSDT,0.7029,2.365870077415012,0.2971,2024-08-15 21:30:00
BTCUSDT,0.7108,2.457814661134163,0.2892,2024-08-15 22:00:00
BTCUSDT,0.7079,2.4234851078397806,0.2921,2024-08-15 22:30:00
BTCUSDT,0.7078,2.4223134839151266,0.2922,2024-08-15 23:00:00
BTCUSDT,0.7053,2.39328130302002,0.2947,2024-08-15 23:30:00
BTCUSDT,0.7014,2.3489618218352315,0.2986,2024-08-16 00:00:00
BTCUSDT,0.6968,2.298153034300791,0.3032,2024-08-16 00:30:00
BTCUSDT,0.6955,2.284072249589491,0.3045,2024-08-16 01:00:00
BTCUSDT,0.6932,2.259452411994785,0.3068,2024-08-16 01:30:00
BTCUSDT,0.6962,2.291639236339697,0.3038,2024-08-16 02:00:00
BTCUSDT,0.6996,2.3288948069241013,0.3004,2024-08-16 02:30:00
BTCUSDT,0.7026,2.3624747814391394,0.2974,2024-08-16 03:00:00
BTCUSDT,0.6973,2.3036009250082587,0.3027,2024-08-16 03:30:00
BTCUSDT,0.6942,2.2701111837802483,0.3058,2024-08-16 04:00:00
BTCUSDT,0.7003,2.33667000333667,0.2997,2024-08-16 04:30:00
BTCUSDT,0.6982,2.313452617627568,0.3018,2024-08-16 05:00:00
BTCUSDT,0.6917,2.243593902043464,0.3083,2024-08-16 05:30:00
BTCUSDT,0.691,2.2362459546925564,0.309,2024-08-16 06:00:00
BTCUSDT,0.6868,2.1928480204342273,0.3132,2024-08-16 06:30:00
BTCUSDT,0.6852,2.1766200762388817,0.3148,2024-08-16 07:00:00
BTCUSDT,0.6781,2.1065548306927617,0.3219,2024-08-16 07:30:00
BTCUSDT,0.6764,2.0902348578491967,0.3236,2024-08-16 08:00:00
BTCUSDT,0.6682,2.0138637733574445,0.3318,2024-08-16 08:30:00
BTCUSDT,0.6611,1.9507229271171438,0.3389,2024-08-16 09:00:00
BTCUSDT,0.6539,1.889338341519792,0.3461,2024-08-16 09:30:00
BTCUSDT,0.6559,1.9061319383900028,0.3441,2024-08-16 10:00:00
BTCUSDT,0.6491,1.8498147620404675,0.3509,2024-08-16 10:30:00
BTCUSDT,0.6475,1.8368794326241136,0.3525,2024-08-16 11:00:00
BTCUSDT,0.6411,1.7862914460852606,0.3589,2024-08-16 11:30:00
BTCUSDT,0.6361,1.7480076944215444,0.3639,2024-08-16 12:00:00
BTCUSDT,0.623,1.6525198938992043,0.377,2024-08-16 12:30:00
BTCUSDT,0.6301,1.7034333603676668,0.3699,2024-08-16 13:00:00
BTCUSDT,0.6403,1.780094523213789,0.3597,2024-08-16 13:30:00
BTCUSDT,0.644,1.808988764044944,0.356,2024-08-16 14:00:00
BTCUSDT,0.6424,1.796420581655481,0.3576,2024-08-16 14:30:00
BTCUSDT,0.6439,1.808199943836001,0.3561,2024-08-16 15:00:00
BTCUSDT,0.6446,1.8137310073157005,0.3554,2024-08-16 15:30:00
BTCUSDT,0.6441,1.8097780275358246,0.3559,2024-08-16 16:00:00
BTCUSDT,0.6478,1.8392958546280522,0.3522,2024-08-16 16:30:00
BTCUSDT,0.6374,1.7578599007170437,0.3626,2024-08-16 17:00:00
BTCUSDT,0.6308,1.7085590465872158,0.3692,2024-08-16 17:30:00
BTCUSDT,0.6318,1.7159152634437804,0.3682,2024-08-16 18:00:00
BTCUSDT,0.6184,1.620545073375262,0.3816,2024-08-16 18:30:00
BTCUSDT,0.6094,1.5601638504864312,0.3906,2024-08-16 19:00:00
BTCUSDT,0.6033,1.5207965717166623,0.3967,2024-08-16 19:30:00
BTCUSDT,0.5892,1.4342745861733202,0.4108,2024-08-16 20:00:00
BTCUSDT,0.5779,1.369106846718787,0.4221,2024-08-16 20:30:00
BTCUSDT,0.5773,1.3657440264963332,0.4227,2024-08-16 21:00:00
BTCUSDT,0.5771,1.3646252069047056,0.4229,2024-08-16 21:30:00
BTCUSDT,0.5783,1.3713540431586435,0.4217,2024-08-16 22:00:00
BTCUSDT,0.5834,1.400384061449832,0.4166,2024-08-16 22:30:00
BTCUSDT,0.5838,1.4026910139356077,0.4162,2024-08-16 23:00:00
BTCUSDT,0.5866,1.4189646831156266,0.4134,2024-08-16 23:30:00
BTCUSDT,0.5889,1.4324981756263682,0.4111,2024-08-17 00:00:00
BTCUSDT,0.5926,1.454590083456063,0.4074,2024-08-17 00:30:00
BTCUSDT,0.6019,1.5119316754584275,0.3981,2024-08-17 01:00:00
BTCUSDT,0.6021,1.5131942699170646,0.3979,2024-08-17 01:30:00
BTCUSDT,0.6032,1.5201612903225805,0.3968,2024-08-17 02:00:00
BTCUSDT,0.6018,1.5113008538422903,0.3982,2024-08-17 02:30:00
BTCUSDT,0.6019,1.5119316754584275,0.3981,2024-08-17 03:00:00
BTCUSDT,0.5989,1.4931438544003988,0.4011,2024-08-17 03:30:00
BTCUSDT,0.6001,1.5006251562890722,0.3999,2024-08-17 04:00:00
BTCUSDT,0.6029,1.5182573659027951,0.3971,2024-08-17 04:30:00
BTCUSDT,0.6039,1.5246149962130775,0.3961,2024-08-17 05:00:00
BTCUSDT,0.6032,1.5201612903225805,0.3968,2024-08-17 05:30:00
BTCUSDT,0.6044,1.5278058645096058,0.3956,2024-08-17 06:00:00
BTCUSDT,0.6034,1.5214321734745335,0.3966,2024-08-17 06:30:00
BTCUSDT,0.5997,1.498126405196103,0.4003,2024-08-17 07:00:00
BTCUSDT,0.5968,1.4801587301587302,0.4032,2024-08-17 07:30:00
BTCUSDT,0.5982,1.4888003982080635,0.4018,2024-08-17 08:00:00
BTCUSDT,0.5977,1.485707183693761,0.4023,2024-08-17 08:30:00
BTCUSDT,0.5988,1.4925224327018942,0.4012,2024-08-17 09:00:00
BTCUSDT,0.6012,1.5075225677031092,0.3988,2024-08-17 09:30:00
BTCUSDT,0.6029,1.5182573659027951,0.3971,2024-08-17 10:00:00
BTCUSDT,0.5996,1.4975024975024975,0.4004,2024-08-17 10:30:00
BTCUSDT,0.5993,1.4956326428749689,0.4007,2024-08-17 11:00:00
BTCUSDT,0.5996,1.4975024975024975,0.4004,2024-08-17 11:30:00
BTCUSDT,0.5993,1.4956326428749689,0.4007,2024-08-17 12:00:00
BTCUSDT,0.6021,1.5131942699170646,0.3979,2024-08-17 12:30:00
BTCUSDT,0.6046,1.5290844714213456,0.3954,2024-08-17 13:00:00
BTCUSDT,0.6037,1.5233409033560434,0.3963,2024-08-17 13:30:00
BTCUSDT,0.6005,1.5031289111389237,0.3995,2024-08-17 14:00:00
BTCUSDT,0.5986,1.491280518186348,0.4014,2024-08-17 14:30:00
BTCUSDT,0.5994,1.4962556165751373,0.4006,2024-08-17 15:00:00
BTCUSDT,0.5951,1.4697456162015312,0.4049,2024-08-17 15:30:00
BTCUSDT,0.5927,1.4551927326295115,0.4073,2024-08-17 16:00:00
BTCUSDT,0.5931,1.4576062914721062,0.4069,2024-08-17 16:30:00
BTCUSDT,0.5922,1.4521824423737124,0.4078,2024-08-17 17:00:00
BTCUSDT,0.5908,1.4437927663734116,0.4092,2024-08-17 17:30:00
BTCUSDT,0.5885,1.4301336573511545,0.4115,2024-08-17 18:00:00
BTCUSDT,0.5865,1.418379685610641,0.4135,2024-08-17 18:30:00
BTCUSDT,0.5844,1.4061597690086622,0.4156,2024-08-17 19:00:00
BTCUSDT,0.5857,1.4137098720733767,0.4143,2024-08-17 19:30:00
BTCUSDT,0.5852,1.4108003857280618,0.4148,2024-08-17 20:00:00
BTCUSDT,0.5849,1.409058058299205,0.4151,2024-08-17 20:30:00
BTCUSDT,0.585,1.4096385542168675,0.415,2024-08-17 21:00:00
BTCUSDT,0.5845,1.4067388688327318,0.4155,2024-08-17 21:30:00
BTCUSDT,0.5853,1.4113817217265494,0.4147,2024-08-17 22:00:00
BTCUSDT,0.5857,1.4137098720733767,0.4143,2024-08-17 22:30:00
BTCUSDT,0.5864,1.4177949709864603,0.4136,2024-08-17 23:00:00
BTCUSDT,0.5886,1.4307243558580458,0.4114,2024-08-17 23:30:00
BTCUSDT,0.5886,1.4307243558580458,0.4114,2024-08-18 00:00:00
BTCUSDT,0.5876,1.4248302618816684,0.4124,2024-08-18 00:30:00
BTCUSDT,0.5851,1.4102193299590262,0.4149,2024-08-18 01:00:00
BTCUSDT,0.5828,1.3969319271332694,0.4172,2024-08-18 01:30:00
BTCUSDT,0.5824,1.3946360153256705,0.4176,2024-08-18 02:00:00
BTCUSDT,0.5836,1.4015369836695486,0.4164,2024-08-18 02:30:00
BTCUSDT,0.5944,1.4654832347140039,0.4056,2024-08-18 03:00:00
BTCUSDT,0.5978,1.486325211337643,0.4022,2024-08-18 03:30:00
BTCUSDT,0.5952,1.4703557312252964,0.4048,2024-08-18 04:00:00
BTCUSDT,0.6002,1.5012506253126563,0.3998,2024-08-18 04:30:00
BTCUSDT,0.5985,1.4906600249066002,0.4015,2024-08-18 05:00:00
BTCUSDT,0.5998,1.498750624687656,0.4002,2024-08-18 05:30:00
BTCUSDT,0.599,1.4937655860349126,0.401,2024-08-18 06:00:00
BTCUSDT,0.6,1.4999999999999998,0.4,2024-08-18 06:30:00
BTCUSDT,0.6,1.4999999999999998,0.4,2024-08-18 07:00:00
BTCUSDT,0.5988,1.4925224327018942,0.4012,2024-08-18 07:30:00
BTCUSDT,0.5981,1.488181139586962,0.4019,2024-08-18 08:00:00
BTCUSDT,0.596,1.475247524752475,0.404,2024-08-18 08:30:00
BTCUSDT,0.5975,1.484472049689441,0.4025,2024-08-18 09:00:00
BTCUSDT,0.5946,1.46669955599408,0.4054,2024-08-18 09:30:00
BTCUSDT,0.591,1.4449877750611246,0.409,2024-08-18 10:00:00
BTCUSDT,0.5859,1.4148756339048538,0.4141,2024-08-18 10:30:00
BTCUSDT,0.5837,1.4021138601969734,0.4163,2024-08-18 11:00:00
BTCUSDT,0.5842,1.405002405002405,0.4158,2024-08-18 11:30:00
BTCUSDT,0.5843,1.4055809477988934,0.4157,2024-08-18 12:00:00
BTCUSDT,0.5841,1.4044241404183697,0.4159,2024-08-18 12:30:00
BTCUSDT,0.582,1.3923444976076556,0.418,2024-08-18 13:00:00
BTCUSDT,0.58,1.380952380952381,0.42,2024-08-18 13:30:00
BTCUSDT,0.5802,1.3820867079561696,0.4198,2024-08-18 14:00:00
BTCUSDT,0.584,1.4038461538461537,0.416,2024-08-18 14:30:00
BTCUSDT,0.5839,1.403268445085316,0.4161,2024-08-18 15:00:00
BTCUSDT,0.5862,1.416626389560174,0.4138,2024-08-18 15:30:00
BTCUSDT,0.5885,1.4301336573511545,0.4115,2024-08-18 16:00:00
BTCUSDT,0.5878,1.4260067928190199,0.4122,2024-08-18 16:30:00
BTCUSDT,0.589,1.4330900243309002,0.411,2024-08-18 17:00:00
BTCUSDT,0.585,1.4096385542168675,0.415,2024-08-18 17:30:00
BTCUSDT,0.5879,1.4265954865323949,0.4121,2024-08-18 18:00:00
BTCUSDT,0.5885,1.4301336573511545,0.4115,2024-08-18 18:30:00
BTCUSDT,0.59,1.4390243902439024,0.41,2024-08-18 19:00:00
BTCUSDT,0.59,1.4390243902439024,0.41,2024-08-18 19:30:00
BTCUSDT,0.591,1.4449877750611246,0.409,2024-08-18 20:00:00
BTCUSDT,0.5921,1.4515812699190977,0.4079,2024-08-18 20:30:00
BTCUSDT,0.5938,1.4618414574101428,0.4062,2024-08-18 21:00:00
BTCUSDT,0.5925,1.45398773006135,0.4075,2024-08-18 21:30:00
BTCUSDT,0.5938,1.4618414574101428,0.4062,2024-08-18 22:00:00
BTCUSDT,0.5959,1.4746349913387775,0.4041,2024-08-18 22:30:00
BTCUSDT,0.5951,1.4697456162015312,0.4049,2024-08-18 23:00:00
BTCUSDT,0.5924,1.4533856722276741,0.4076,2024-08-18 23:30:00
BTCUSDT,0.6026,1.5163563160543534,0.3974,2024-08-19 00:00:00
BTCUSDT,0.6172,1.612330198537095,0.3828,2024-08-19 00:30:00
BTCUSDT,0.6241,1.6602819898909285,0.3759,2024-08-19 01:00:00
BTCUSDT,0.6301,1.7034333603676668,0.3699,2024-08-19 01:30:00
BTCUSDT,0.6357,1.744990392533626,0.3643,2024-08-19 02:00:00
BTCUSDT,0.6375,1.7586206896551724,0.3625,2024-08-19 02:30:00
BTCUSDT,0.6426,1.7979854504756574,0.3574,2024-08-19 03:00:00
BTCUSDT,0.644,1.808988764044944,0.356,2024-08-19 03:30:00
BTCUSDT,0.646,1.824858757062147,0.354,2024-08-19 04:00:00
BTCUSDT,0.6435,1.8050490883590462,0.3565,2024-08-19 04:30:00
BTCUSDT,0.6444,1.8121484814398199,0.3556,2024-08-19 05:00:00
BTCUSDT,0.6448,1.8153153153153154,0.3552,2024-08-19 05:30:00
BTCUSDT,0.6462,1.826455624646693,0.3538,2024-08-19 06:00:00
BTCUSDT,0.6485,1.844950213371266,0.3515,2024-08-19 06:30:00
BTCUSDT,0.6522,1.875215641173088,0.3478,2024-08-19 07:00:00
BTCUSDT,0.652,1.8735632183908049,0.348,2024-08-19 07:30:00
BTCUSDT,0.6524,1.8768699654775602,0.3476,2024-08-19 08:00:00
BTCUSDT,0.6538,1.8885037550548818,0.3462,2024-08-19 08:30:00
BTCUSDT,0.6541,1.8910089621277828,0.3459,2024-08-19 09:00:00
BTCUSDT,0.6545,1.894356005788712,0.3455,2024-08-19 09:30:00
BTCUSDT,0.6538,1.8885037550548818,0.3462,2024-08-19 10:00:00
BTCUSDT,0.663,1.9673590504451037,0.337,2024-08-19 10:30:00
BTCUSDT,0.6621,1.9594554601953242,0.3379,2024-08-19 11:00:00
BTCUSDT,0.663,1.9673590504451037,0.337,2024-08-19 11:30:00
BTCUSDT,0.6687,2.0184123151222457,0.3313,2024-08-19 12:00:00
BTCUSDT,0.6639,1.9753049687592978,0.3361,2024-08-19 12:30:00
BTCUSDT,0.6636,1.9726516052318668,0.3364,2024-08-19 13:00:00
BTCUSDT,0.6688,2.0193236714975846,0.3312,2024-08-19 13:30:00
BTCUSDT,0.6653,1.9877502240812668,0.3347,2024-08-19 14:00:00
BTCUSDT,0.6674,2.006614552014432,0.3326,2024-08-19 14:30:00
BTCUSDT,0.6692,2.0229746070133015,0.3308,2024-08-19 15:00:00
BTCUSDT,0.6633,1.97000297000297,0.3367,2024-08-19 15:30:00
BTCUSDT,0.6609,1.948982601002654,0.3391,2024-08-19 16:00:00
BTCUSDT,0.658,1.9239766081871343,0.342,2024-08-19 16:30:00
BTCUSDT,0.6586,1.9291154071470415,0.3414,2024-08-19 17:00:00
BTCUSDT,0.6585,1.9282576866764274,0.3415,2024-08-19 17:30:00
BTCUSDT,0.654,1.8901734104046244,0.346,2024-08-19 18:00:00
BTCUSDT,0.6542,1.891844997108155,0.3458,2024-08-19 18:30:00
BTCUSDT,0.6512,1.8669724770642202,0.3488,2024-08-19 19:00:00
BTCUSDT,0.6521,1.8743891922966371,0.3479,2024-08-19 19:30:00
BTCUSDT,0.6513,1.8677946659019213,0.3487,2024-08-19 20:00:00
BTCUSDT,0.6502,1.8587764436821042,0.3498,2024-08-19 20:30:00
BTCUSDT,0.6502,1.8587764436821042,0.3498,2024-08-19 21:00:00
BTCUSDT,0.6475,1.8368794326241136,0.3525,2024-08-19 21:30:00
BTCUSDT,0.6476,1.8376844494892166,0.3524,2024-08-19 22:00:00
BTCUSDT,0.6466,1.8296547821165816,0.3534,2024-08-19 22:30:00
BTCUSDT,0.6441,1.8097780275358246,0.3559,2024-08-19 23:00:00
BTCUSDT,0.6466,1.8296547821165816,0.3534,2024-08-19 23:30:00
BTCUSDT,0.6442,1.8105677346824058,0.3558,2024-08-20 00:00:00
BTCUSDT,0.6283,1.690341673392521,0.3717,2024-08-20 00:30:00
BTCUSDT,0.6104,1.5667351129363452,0.3896,2024-08-20 01:00:00
BTCUSDT,0.6027,1.5169896803423106,0.3973,2024-08-20 01:30:00
BTCUSDT,0.5936,1.4606299212598426,0.4064,2024-08-20 02:00:00
BTCUSDT,0.5872,1.4224806201550388,0.4128,2024-08-20 02:30:00
BTCUSDT,0.5869,1.420721374969741,0.4131,2024-08-20 03:00:00
BTCUSDT,0.5829,1.397506593143131,0.4171,2024-08-20 03:30:00
BTCUSDT,0.5811,1.3872045834328002,0.4189,2024-08-20 04:00:00
BTCUSDT,0.5734,1.3441162681669012,0.4266,2024-08-20 04:30:00
BTCUSDT,0.5691,1.3207240659085635,0.4309,2024-08-20 05:00:00
BTCUSDT,0.5655,1.3014959723820483,0.4345,2024-08-20 05:30:00
BTCUSDT,0.5586,1.2655188038060716,0.4414,2024-08-20 06:00:00
BTCUSDT,0.5532,1.2381378692927485,0.4468,2024-08-20 06:30:00
BTCUSDT,0.5487,1.2158209616662974,0.4513,2024-08-20 07:00:00
BTCUSDT,0.5428,1.1872265966754154,0.4572,2024-08-20 07:30:00
BTCUSDT,0.5431,1.188662727073758,0.4569,2024-08-20 08:00:00
BTCUSDT,0.5363,1.1565667457407807,0.4637,2024-08-20 08:30:00
BTCUSDT,0.5365,1.157497303128371,0.4635,2024-08-20 09:00:00
BTCUSDT,0.5427,1.1867483052700634,0.4573,2024-08-20 09:30:00
BTCUSDT,0.5403,1.1753317380900588,0.4597,2024-08-20 10:00:00
BTCUSDT,0.5398,1.1729682746631898,0.4602,2024-08-20 10:30:00
BTCUSDT,0.5395,1.1715526601520085,0.4605,2024-08-20 11:00:00
BTCUSDT,0.5343,1.1473051320592655,0.4657,2024-08-20 11:30:00
BTCUSDT,0.5396,1.1720243266724588,0.4604,2024-08-20 12:00:00
BTCUSDT,0.5454,1.199736031676199,0.4546,2024-08-20 12:30:00
BTCUSDT,0.5443,1.194426157559798,0.4557,2024-08-20 13:00:00
BTCUSDT,0.5431,1.188662727073758,0.4569,2024-08-20 13:30:00
BTCUSDT,0.5548,1.2461814914645102,0.4452,2024-08-20 14:00:00
BTCUSDT,0.5664,1.3062730627306274,0.4336,2024-08-20 14:30:00
BTCUSDT,0.5934,1.4594195769798328,0.4066,2024-08-20 15:00:00
BTCUSDT,0.6323,1.719608376393799,0.3677,2024-08-20 15:30:00
BTCUSDT,0.6454,1.8200789622109417,0.3546,2024-08-20 16:00:00
BTCUSDT,0.6537,1.8876696505919721,0.3463,2024-08-20 16:30:00
BTCUSDT,0.6582,1.9256875365710944,0.3418,2024-08-20 17:00:00
BTCUSDT,0.6633,1.97000297000297,0.3367,2024-08-20 17:30:00
BTCUSDT,0.6709,2.038590094196293,0.3291,2024-08-20 18:00:00
BTCUSDT,0.6741,2.068425897514575,0.3259,2024-08-20 18:30:00
BTCUSDT,0.6684,2.0156815440289506,0.3316,2024-08-20 19:00:00
BTCUSDT,0.6681,2.0129557095510697,0.3319,2024-08-20 19:30:00
BTCUSDT,0.6706,2.035822707953855,0.3294,2024-08-20 20:00:00
BTCUSDT,0.6701,2.031221582297666,0.3299,2024-08-20 20:30:00
BTCUSDT,0.6651,1.9859659599880564,0.3349,2024-08-20 21:00:00
BTCUSDT,0.6625,1.9629629629629628,0.3375,2024-08-20 21:30:00
BTCUSDT,0.6656,1.9904306220095693,0.3344,2024-08-20 22:00:00
BTCUSDT,0.6651,1.9859659599880564,0.3349,2024-08-20 22:30:00
BTCUSDT,0.6628,1.9655990510083035,0.3372,2024-08-20 23:00:00
BTCUSDT,0.6594,1.935995302407516,0.3406,2024-08-20 23:30:00
BTCUSDT,0.6582,1.9256875365710944,0.3418,2024-08-21 00:00:00
BTCUSDT,0.6623,1.9612081729345574,0.3377,2024-08-21 00:30:00
BTCUSDT,0.6597,1.9385836027034968,0.3403,2024-08-21 01:00:00
BTCUSDT,0.6572,1.9171528588098017,0.3428,2024-08-21 01:30:00
BTCUSDT,0.6598,1.9394473838918285,0.3402,2024-08-21 02:00:00
BTCUSDT,0.6579,1.9231218941829875,0.3421,2024-08-21 02:30:00
BTCUSDT,0.6577,1.9214139643587496,0.3423,2024-08-21 03:00:00
BTCUSDT,0.6559,1.9061319383900028,0.3441,2024-08-21 03:30:00
BTCUSDT,0.6539,1.889338341519792,0.3461,2024-08-21 04:00:00
BTCUSDT,0.6543,1.8926815157651142,0.3457,2024-08-21 04:30:00
BTCUSDT,0.6554,1.901915264074289,0.3446,2024-08-21 05:00:00
BTCUSDT,0.6555,1.902757619738752,0.3445,2024-08-21 05:30:00
BTCUSDT,0.654,1.8901734104046244,0.346,2024-08-21 06:00:00
BTCUSDT,0.6597,1.9385836027034968,0.3403,2024-08-21 06:30:00
BTCUSDT,0.6554,1.901915264074289,0.3446,2024-08-21 07:00:00
BTCUSDT,0.6556,1.9036004645760742,0.3444,2024-08-21 07:30:00
BTCUSDT,0.6554,1.901915264074289,0.3446,2024-08-21 08:00:00
BTCUSDT,0.6511,1.8661507595299514,0.3489,2024-08-21 08:30:00
BTCUSDT,0.6493,1.8514399771884802,0.3507,2024-08-21 09:00:00
BTCUSDT,0.6442,1.8105677346824058,0.3558,2024-08-21 09:30:00
BTCUSDT,0.6474,1.8360748723766305,0.3526,2024-08-21 10:00:00
BTCUSDT,0.6474,1.8360748723766305,0.3526,2024-08-21 10:30:00
BTCUSDT,0.6477,1.838489923360772,0.3523,2024-08-21 11:00:00
BTCUSDT,0.6446,1.8137310073157005,0.3554,2024-08-21 11:30:00
BTCUSDT,0.6446,1.8137310073157005,0.3554,2024-08-21 12:00:00
BTCUSDT,0.6419,1.7925160569673277,0.3581,2024-08-21 12:30:00
BTCUSDT,0.6417,1.7909572983533353,0.3583,2024-08-21 13:00:00
BTCUSDT,0.641,1.785515320334262,0.359,2024-08-21 13:30:00
BTCUSDT,0.6449,1.8161081385525204,0.3551,2024-08-21 14:00:00
BTCUSDT,0.64,1.777777777777778,0.36,2024-08-21 14:30:00
BTCUSDT,0.6472,1.8344671201814058,0.3528,2024-08-21 15:00:00
BTCUSDT,0.6462,1.826455624646693,0.3538,2024-08-21 15:30:00
BTCUSDT,0.6428,1.7995520716685331,0.3572,2024-08-21 16:00:00
BTCUSDT,0.6471,1.8336639274582036,0.3529,2024-08-21 16:30:00
BTCUSDT,0.6368,1.7533039647577093,0.3632,2024-08-21 17:00:00
BTCUSDT,0.6347,1.737476047084588,0.3653,2024-08-21 17:30:00
BTCUSDT,0.6283,1.690341673392521,0.3717,2024-08-21 18:00:00
BTCUSDT,0.6225,1.6490066225165565,0.3775,2024-08-21 18:30:00
BTCUSDT,0.5996,1.4975024975024975,0.4004,2024-08-21 19:00:00
BTCUSDT,0.5786,1.3730422401518747,0.4214,2024-08-21 19:30:00
BTCUSDT,0.567,1.3094688221709005,0.433,2024-08-21 20:00:00
BTCUSDT,0.5468,1.206531332744925,0.4532,2024-08-21 20:30:00
BTCUSDT,0.5454,1.199736031676199,0.4546,2024-08-21 21:00:00
BTCUSDT,0.5451,1.1982853374367992,0.4549,2024-08-21 21:30:00
BTCUSDT,0.5409,1.1781746896101069,0.4591,2024-08-21 22:00:00
BTCUSDT,0.5393,1.1706099413935316,0.4607,2024-08-21 22:30:00
BTCUSDT,0.5352,1.151462994836489,0.4648,2024-08-21 23:00:00
BTCUSDT,0.5328,1.1404109589041096,0.4672,2024-08-21 23:30:00
BTCUSDT,0.5303,1.1290185224611453,0.4697,2024-08-22 00:00:00
BTCUSDT,0.528,1.1186440677966103,0.472,2024-08-22 00:30:00
BTCUSDT,0.5218,1.0911752404851527,0.4782,2024-08-22 01:00:00
BTCUSDT,0.5245,1.103049421661409,0.4755,2024-08-22 01:30:00
BTCUSDT,0.5244,1.1026072329688814,0.4756,2024-08-22 02:00:00
BTCUSDT,0.5236,1.0990764063811922,0.4764,2024-08-22 02:30:00
BTCUSDT,0.5502,1.223210315695865,0.4498,2024-08-22 03:00:00
BTCUSDT,0.5558,1.2512381809995496,0.4442,2024-08-22 03:30:00
BTCUSDT,0.5619,1.2825838849577722,0.4381,2024-08-22 04:00:00
BTCUSDT,0.5636,1.29147571035747,0.4364,2024-08-22 04:30:00
BTCUSDT,0.5648,1.2977941176470589,0.4352,2024-08-22 05:00:00
BTCUSDT,0.5599,1.2722108611679164,0.4401,2024-08-22 05:30:00
BTCUSDT,0.5555,1.249718785151856,0.4445,2024-08-22 06:00:00
BTCUSDT,0.5601,1.2732439190725164,0.4399,2024-08-22 06:30:00
BTCUSDT,0.5603,1.2742779167614284,0.4397,2024-08-22 07:00:00
BTCUSDT,0.5599,1.2722108611679164,0.4401,2024-08-22 07:30:00
BTCUSDT,0.5637,1.2920009168003666,0.4363,2024-08-22 08:00:00
BTCUSDT,0.5585,1.2650056625141564,0.4415,2024-08-22 08:30:00
BTCUSDT,0.5576,1.2603978300180831,0.4424,2024-08-22 09:00:00
BTCUSDT,0.5537,1.2406453058480842,0.4463,2024-08-22 09:30:00
BTCUSDT,0.552,1.2321428571428572,0.448,2024-08-22 10:00:00
BTCUSDT,0.554,1.242152466367713,0.446,2024-08-22 10:30:00
BTCUSDT,0.5551,1.2476961114857272,0.4449,2024-08-22 11:00:00
BTCUSDT,0.5469,1.2070183182520415,0.4531,2024-08-22 11:30:00
BTCUSDT,0.5462,1.2036139268400177,0.4538,2024-08-22 12:00:00
BTCUSDT,0.5402,1.174858634188778,0.4598,2024-08-22 12:30:00
BTCUSDT,0.542,1.1834061135371179,0.458,2024-08-22 13:00:00
BTCUSDT,0.5427,1.1867483052700634,0.4573,2024-08-22 13:30:00
BTCUSDT,0.5522,1.233139794551139,0.4478,2024-08-22 14:00:00
