,symbol,longAccount,longShortRatio,shortAccount,timestamp
0,BTCUSDT,0.7103,2.4518,0.2897,2024-09-01 23:30:00
1,BTCUSDT,0.7116,2.4674,0.2884,2024-09-02 00:00:00
2,BTCUSDT,0.7141,2.4977,0.2859,2024-09-02 00:30:00
3,BTCUSDT,0.7127,2.4807,0.2873,2024-09-02 01:00:00
4,BTCUSDT,0.7126,2.4795,0.2874,2024-09-02 01:30:00
5,BTCUSDT,0.7128,2.4819,0.2872,2024-09-02 02:00:00
6,BTCUSDT,0.7116,2.4674,0.2884,2024-09-02 02:30:00
7,BTCUSDT,0.7126,2.4795,0.2874,2024-09-02 03:00:00
8,BTCUSDT,0.7068,2.4106,0.2932,2024-09-02 03:30:00
9,BTCUSDT,0.7077,2.4211,0.2923,2024-09-02 04:00:00
10,BTCUSDT,0.7075,2.4188,0.2925,2024-09-02 04:30:00
11,BTCUSDT,0.7069,2.4118,0.2931,2024-09-02 05:00:00
12,BTCUSDT,0.7076,2.42,0.2924,2024-09-02 05:30:00
13,BTCUSDT,0.7057,2.3979,0.2943,2024-09-02 06:00:00
14,BTCUSDT,0.7036,2.3738,0.2964,2024-09-02 06:30:00
15,BTCUSDT,0.7025,2.3613,0.2975,2024-09-02 07:00:00
16,BTCUSDT,0.7007,2.3411,0.2993,2024-09-02 07:30:00
17,BTCUSDT,0.7025,2.3613,0.2975,2024-09-02 08:00:00
18,BTCUSDT,0.6959,2.2884,0.3041,2024-09-02 08:30:00
19,BTCUSDT,0.6862,2.1867,0.3138,2024-09-02 09:00:00
20,BTCUSDT,0.6838,2.1626,0.3162,2024-09-02 09:30:00
21,BTCUSDT,0.6897,2.2227,0.3103,2024-09-02 10:00:00
22,BTCUSDT,0.6873,2.198,0.3127,2024-09-02 10:30:00
23,BTCUSDT,0.6814,2.1387,0.3186,2024-09-02 11:00:00
24,BTCUSDT,0.6798,2.123,0.3202,2024-09-02 11:30:00
25,BTCUSDT,0.6759,2.0855,0.3241,2024-09-02 12:00:00
26,BTCUSDT,0.6728,2.0562,0.3272,2024-09-02 12:30:00
27,BTCUSDT,0.6697,2.0276,0.3303,2024-09-02 13:00:00
28,BTCUSDT,0.6709,2.0386,0.3291,2024-09-02 13:30:00
29,BTCUSDT,0.6670,2.003,0.3330,2024-09-02 14:00:00
30,BTCUSDT,0.6696,2.0266,0.3304,2024-09-02 14:30:00
31,BTCUSDT,0.6705,2.0349,0.3295,2024-09-02 15:00:00
32,BTCUSDT,0.6689,2.0202,0.3311,2024-09-02 15:30:00
33,BTCUSDT,0.6684,2.0157,0.3316,2024-09-02 16:00:00
34,BTCUSDT,0.6665,1.9985,0.3335,2024-09-02 16:30:00
35,BTCUSDT,0.6652,1.9869,0.3348,2024-09-02 17:00:00
36,BTCUSDT,0.6698,2.0285,0.3302,2024-09-02 17:30:00
37,BTCUSDT,0.6713,2.0423,0.3287,2024-09-02 18:00:00
38,BTCUSDT,0.6730,2.0581,0.3270,2024-09-02 18:30:00
39,BTCUSDT,0.6715,2.0441,0.3285,2024-09-02 19:00:00
40,BTCUSDT,0.6707,2.0367,0.3293,2024-09-02 19:30:00
41,BTCUSDT,0.6702,2.0321,0.3298,2024-09-02 20:00:00
42,BTCUSDT,0.6696,2.0266,0.3304,2024-09-02 20:30:00
43,BTCUSDT,0.6830,2.1546,0.3170,2024-09-02 21:00:00
44,BTCUSDT,0.6754,2.0807,0.3246,2024-09-02 21:30:00
45,BTCUSDT,0.6736,2.0637,0.3264,2024-09-02 22:00:00
46,BTCUSDT,0.6731,2.059,0.3269,2024-09-02 22:30:00
47,BTCUSDT,0.6728,2.0562,0.3272,2024-09-02 23:00:00
48,BTCUSDT,0.6682,2.0139,0.3318,2024-09-02 23:30:00
49,BTCUSDT,0.6684,2.0157,0.3316,2024-09-03 00:00:00
50,BTCUSDT,0.6685,2.0166,0.3315,2024-09-03 00:30:00
51,BTCUSDT,0.6715,2.0441,0.3285,2024-09-03 01:00:00
52,BTCUSDT,0.6681,2.013,0.3319,2024-09-03 01:30:00
53,BTCUSDT,0.6661,1.9949,0.3339,2024-09-03 02:00:00
54,BTCUSDT,0.6624,1.9621,0.3376,2024-09-03 02:30:00
55,BTCUSDT,0.6628,1.9656,0.3372,2024-09-03 03:00:00
56,BTCUSDT,0.6618,1.9568,0.3382,2024-09-03 03:30:00
57,BTCUSDT,0.6606,1.9464,0.3394,2024-09-03 04:00:00
58,BTCUSDT,0.6603,1.9438,0.3397,2024-09-03 04:30:00
59,BTCUSDT,0.6606,1.9464,0.3394,2024-09-03 05:00:00
60,BTCUSDT,0.6595,1.9369,0.3405,2024-09-03 05:30:00
61,BTCUSDT,0.6585,1.9283,0.3415,2024-09-03 06:00:00
62,BTCUSDT,0.6554,1.9019,0.3446,2024-09-03 06:30:00
63,BTCUSDT,0.6530,1.8818,0.3470,2024-09-03 07:00:00
64,BTCUSDT,0.6544,1.8935,0.3456,2024-09-03 07:30:00
65,BTCUSDT,0.6581,1.9248,0.3419,2024-09-03 08:00:00
66,BTCUSDT,0.6560,1.907,0.3440,2024-09-03 08:30:00
67,BTCUSDT,0.6556,1.9036,0.3444,2024-09-03 09:00:00
68,BTCUSDT,0.6571,1.9163,0.3429,2024-09-03 09:30:00
69,BTCUSDT,0.6559,1.9061,0.3441,2024-09-03 10:00:00
70,BTCUSDT,0.6609,1.949,0.3391,2024-09-03 10:30:00
71,BTCUSDT,0.6606,1.9464,0.3394,2024-09-03 11:00:00
72,BTCUSDT,0.6610,1.9499,0.3390,2024-09-03 11:30:00
73,BTCUSDT,0.6614,1.9533,0.3386,2024-09-03 12:00:00
74,BTCUSDT,0.6652,1.9869,0.3348,2024-09-03 12:30:00
75,BTCUSDT,0.6639,1.9753,0.3361,2024-09-03 13:00:00
76,BTCUSDT,0.6617,1.956,0.3383,2024-09-03 13:30:00
77,BTCUSDT,0.6716,2.0451,0.3284,2024-09-03 14:00:00
78,BTCUSDT,0.6910,2.2362,0.3090,2024-09-03 14:30:00
79,BTCUSDT,0.6979,2.3102,0.3021,2024-09-03 15:00:00
80,BTCUSDT,0.7061,2.4025,0.2939,2024-09-03 15:30:00
81,BTCUSDT,0.7086,2.4317,0.2914,2024-09-03 16:00:00
82,BTCUSDT,0.7134,2.4892,0.2866,2024-09-03 16:30:00
83,BTCUSDT,0.7141,2.4977,0.2859,2024-09-03 17:00:00
84,BTCUSDT,0.7182,2.5486,0.2818,2024-09-03 17:30:00
85,BTCUSDT,0.7186,2.5537,0.2814,2024-09-03 18:00:00
86,BTCUSDT,0.7193,2.5625,0.2807,2024-09-03 18:30:00
87,BTCUSDT,0.7153,2.5125,0.2847,2024-09-03 19:00:00
88,BTCUSDT,0.7188,2.5562,0.2812,2024-09-03 19:30:00
89,BTCUSDT,0.7173,2.5373,0.2827,2024-09-03 20:00:00
90,BTCUSDT,0.7157,2.5174,0.2843,2024-09-03 20:30:00
91,BTCUSDT,0.7145,2.5026,0.2855,2024-09-03 21:00:00
92,BTCUSDT,0.7138,2.4941,0.2862,2024-09-03 21:30:00
93,BTCUSDT,0.7133,2.488,0.2867,2024-09-03 22:00:00
94,BTCUSDT,0.7124,2.4771,0.2876,2024-09-03 22:30:00
95,BTCUSDT,0.7092,2.4388,0.2908,2024-09-03 23:00:00
96,BTCUSDT,0.7093,2.44,0.2907,2024-09-03 23:30:00
97,BTCUSDT,0.7070,2.413,0.2930,2024-09-04 00:00:00
98,BTCUSDT,0.7115,2.4662,0.2885,2024-09-04 00:30:00
99,BTCUSDT,0.7113,2.4638,0.2887,2024-09-04 01:00:00
100,BTCUSDT,0.7280,2.6765,0.2720,2024-09-04 01:30:00
101,BTCUSDT,0.7182,2.5486,0.2818,2024-09-04 02:00:00
102,BTCUSDT,0.7151,2.51,0.2849,2024-09-04 02:30:00
103,BTCUSDT,0.7166,2.5286,0.2834,2024-09-04 03:00:00
104,BTCUSDT,0.7202,2.574,0.2798,2024-09-04 03:30:00
105,BTCUSDT,0.7196,2.5663,0.2804,2024-09-04 04:00:00
106,BTCUSDT,0.7175,2.5398,0.2825,2024-09-04 04:30:00
107,BTCUSDT,0.7206,2.5791,0.2794,2024-09-04 05:00:00
108,BTCUSDT,0.7192,2.5613,0.2808,2024-09-04 05:30:00
109,BTCUSDT,0.7181,2.5474,0.2819,2024-09-04 06:00:00
110,BTCUSDT,0.7266,2.6576,0.2734,2024-09-04 06:30:00
111,BTCUSDT,0.7290,2.69,0.2710,2024-09-04 07:00:00
112,BTCUSDT,0.7301,2.7051,0.2699,2024-09-04 07:30:00
113,BTCUSDT,0.7288,2.6873,0.2712,2024-09-04 08:00:00
114,BTCUSDT,0.7287,2.686,0.2713,2024-09-04 08:30:00
115,BTCUSDT,0.7272,2.6657,0.2728,2024-09-04 09:00:00
116,BTCUSDT,0.7230,2.6101,0.2770,2024-09-04 09:30:00
117,BTCUSDT,0.7186,2.5537,0.2814,2024-09-04 10:00:00
118,BTCUSDT,0.7161,2.5224,0.2839,2024-09-04 10:30:00
119,BTCUSDT,0.7152,2.5112,0.2848,2024-09-04 11:00:00
120,BTCUSDT,0.7167,2.5298,0.2833,2024-09-04 11:30:00
121,BTCUSDT,0.7190,2.5587,0.2810,2024-09-04 12:00:00
122,BTCUSDT,0.7194,2.5638,0.2806,2024-09-04 12:30:00
123,BTCUSDT,0.7214,2.5894,0.2786,2024-09-04 13:00:00
124,BTCUSDT,0.7183,2.5499,0.2817,2024-09-04 13:30:00
125,BTCUSDT,0.7174,2.5386,0.2826,2024-09-04 14:00:00
126,BTCUSDT,0.7212,2.5868,0.2788,2024-09-04 14:30:00
127,BTCUSDT,0.7178,2.5436,0.2822,2024-09-04 15:00:00
128,BTCUSDT,0.6970,2.3003,0.3030,2024-09-04 15:30:00
129,BTCUSDT,0.6949,2.2776,0.3051,2024-09-04 16:00:00
130,BTCUSDT,0.6823,2.1476,0.3177,2024-09-04 16:30:00
131,BTCUSDT,0.6706,2.0358,0.3294,2024-09-04 17:00:00
132,BTCUSDT,0.6576,1.9206,0.3424,2024-09-04 17:30:00
133,BTCUSDT,0.6586,1.9291,0.3414,2024-09-04 18:00:00
134,BTCUSDT,0.6597,1.9386,0.3403,2024-09-04 18:30:00
135,BTCUSDT,0.6579,1.9231,0.3421,2024-09-04 19:00:00
136,BTCUSDT,0.6621,1.9595,0.3379,2024-09-04 19:30:00
137,BTCUSDT,0.6665,1.9985,0.3335,2024-09-04 20:00:00
138,BTCUSDT,0.6625,1.963,0.3375,2024-09-04 20:30:00
139,BTCUSDT,0.6627,1.9647,0.3373,2024-09-04 21:00:00
140,BTCUSDT,0.6607,1.9472,0.3393,2024-09-04 21:30:00
141,BTCUSDT,0.6611,1.9507,0.3389,2024-09-04 22:00:00
142,BTCUSDT,0.6645,1.9806,0.3355,2024-09-04 22:30:00
143,BTCUSDT,0.6644,1.9797,0.3356,2024-09-04 23:00:00
144,BTCUSDT,0.6650,1.9851,0.3350,2024-09-04 23:30:00
145,BTCUSDT,0.6605,1.9455,0.3395,2024-09-05 00:00:00
146,BTCUSDT,0.6624,1.9621,0.3376,2024-09-05 00:30:00
147,BTCUSDT,0.6606,1.9464,0.3394,2024-09-05 01:00:00
148,BTCUSDT,0.6609,1.949,0.3391,2024-09-05 01:30:00
149,BTCUSDT,0.6632,1.9691,0.3368,2024-09-05 02:00:00
150,BTCUSDT,0.6630,1.9674,0.3370,2024-09-05 02:30:00
151,BTCUSDT,0.6602,1.9429,0.3398,2024-09-05 03:00:00
152,BTCUSDT,0.6668,2.0012,0.3332,2024-09-05 03:30:00
153,BTCUSDT,0.6762,2.0883,0.3238,2024-09-05 04:00:00
154,BTCUSDT,0.6833,2.1576,0.3167,2024-09-05 04:30:00
155,BTCUSDT,0.6853,2.1776,0.3147,2024-09-05 05:00:00
156,BTCUSDT,0.6879,2.2041,0.3121,2024-09-05 05:30:00
157,BTCUSDT,0.6887,2.2123,0.3113,2024-09-05 06:00:00
158,BTCUSDT,0.6921,2.2478,0.3079,2024-09-05 06:30:00
159,BTCUSDT,0.6978,2.3091,0.3022,2024-09-05 07:00:00
160,BTCUSDT,0.7042,2.3807,0.2958,2024-09-05 07:30:00
161,BTCUSDT,0.7020,2.3557,0.2980,2024-09-05 08:00:00
162,BTCUSDT,0.7026,2.3625,0.2974,2024-09-05 08:30:00
163,BTCUSDT,0.6978,2.3091,0.3022,2024-09-05 09:00:00
164,BTCUSDT,0.6972,2.3025,0.3028,2024-09-05 09:30:00
165,BTCUSDT,0.7054,2.3944,0.2946,2024-09-05 10:00:00
166,BTCUSDT,0.7082,2.427,0.2918,2024-09-05 10:30:00
167,BTCUSDT,0.7131,2.4855,0.2869,2024-09-05 11:00:00
168,BTCUSDT,0.7163,2.5249,0.2837,2024-09-05 11:30:00
169,BTCUSDT,0.7198,2.5689,0.2802,2024-09-05 12:00:00
170,BTCUSDT,0.7198,2.5689,0.2802,2024-09-05 12:30:00
171,BTCUSDT,0.7239,2.6219,0.2761,2024-09-05 13:00:00
172,BTCUSDT,0.7257,2.6456,0.2743,2024-09-05 13:30:00
173,BTCUSDT,0.7357,2.7836,0.2643,2024-09-05 14:00:00
174,BTCUSDT,0.7299,2.7023,0.2701,2024-09-05 14:30:00
175,BTCUSDT,0.7328,2.7425,0.2672,2024-09-05 15:00:00
176,BTCUSDT,0.7348,2.7707,0.2652,2024-09-05 15:30:00
177,BTCUSDT,0.7451,2.9231,0.2549,2024-09-05 16:00:00
178,BTCUSDT,0.7481,2.9698,0.2519,2024-09-05 16:30:00
179,BTCUSDT,0.7466,2.9463,0.2534,2024-09-05 17:00:00
180,BTCUSDT,0.7441,2.9078,0.2559,2024-09-05 17:30:00
181,BTCUSDT,0.7426,2.885,0.2574,2024-09-05 18:00:00
182,BTCUSDT,0.7390,2.8314,0.2610,2024-09-05 18:30:00
183,BTCUSDT,0.7366,2.7965,0.2634,2024-09-05 19:00:00
184,BTCUSDT,0.7338,2.7566,0.2662,2024-09-05 19:30:00
185,BTCUSDT,0.7374,2.8081,0.2626,2024-09-05 20:00:00
186,BTCUSDT,0.7394,2.8373,0.2606,2024-09-05 20:30:00
187,BTCUSDT,0.7406,2.8551,0.2594,2024-09-05 21:00:00
188,BTCUSDT,0.7425,2.8835,0.2575,2024-09-05 21:30:00
189,BTCUSDT,0.7417,2.8715,0.2583,2024-09-05 22:00:00
190,BTCUSDT,0.7428,2.888,0.2572,2024-09-05 22:30:00
191,BTCUSDT,0.7428,2.888,0.2572,2024-09-05 23:00:00
192,BTCUSDT,0.7429,2.8895,0.2571,2024-09-05 23:30:00
193,BTCUSDT,0.7442,2.9093,0.2558,2024-09-06 00:00:00
194,BTCUSDT,0.7484,2.9746,0.2516,2024-09-06 00:30:00
195,BTCUSDT,0.7446,2.9154,0.2554,2024-09-06 01:00:00
196,BTCUSDT,0.7449,2.92,0.2551,2024-09-06 01:30:00
197,BTCUSDT,0.7470,2.9526,0.2530,2024-09-06 02:00:00
198,BTCUSDT,0.7449,2.92,0.2551,2024-09-06 02:30:00
199,BTCUSDT,0.7410,2.861,0.2590,2024-09-06 03:00:00
200,BTCUSDT,0.7380,2.8168,0.2620,2024-09-06 03:30:00
201,BTCUSDT,0.7347,2.7693,0.2653,2024-09-06 04:00:00
202,BTCUSDT,0.7323,2.7355,0.2677,2024-09-06 04:30:00
203,BTCUSDT,0.7278,2.6738,0.2722,2024-09-06 05:00:00
204,BTCUSDT,0.7258,2.647,0.2742,2024-09-06 05:30:00
205,BTCUSDT,0.7291,2.6914,0.2709,2024-09-06 06:00:00
206,BTCUSDT,0.7282,2.6792,0.2718,2024-09-06 06:30:00
207,BTCUSDT,0.7284,2.6819,0.2716,2024-09-06 07:00:00
208,BTCUSDT,0.7454,2.9277,0.2546,2024-09-06 07:30:00
209,BTCUSDT,0.7511,3.0177,0.2489,2024-09-06 08:00:00
210,BTCUSDT,0.7441,2.9078,0.2559,2024-09-06 08:30:00
211,BTCUSDT,0.7391,2.8329,0.2609,2024-09-06 09:00:00
212,BTCUSDT,0.7387,2.827,0.2613,2024-09-06 09:30:00
213,BTCUSDT,0.7413,2.8655,0.2587,2024-09-06 10:00:00
214,BTCUSDT,0.7460,2.937,0.2540,2024-09-06 10:30:00
215,BTCUSDT,0.7361,2.7893,0.2639,2024-09-06 11:00:00
216,BTCUSDT,0.7299,2.7023,0.2701,2024-09-06 11:30:00
217,BTCUSDT,0.7313,2.7216,0.2687,2024-09-06 12:00:00
218,BTCUSDT,0.7350,2.7736,0.2650,2024-09-06 12:30:00
219,BTCUSDT,0.7242,2.6258,0.2758,2024-09-06 13:00:00
220,BTCUSDT,0.7102,2.4507,0.2898,2024-09-06 13:30:00
221,BTCUSDT,0.7233,2.614,0.2767,2024-09-06 14:00:00
222,BTCUSDT,0.7516,3.0258,0.2484,2024-09-06 14:30:00
223,BTCUSDT,0.7657,3.268,0.2343,2024-09-06 15:00:00
224,BTCUSDT,0.7732,3.4092,0.2268,2024-09-06 15:30:00
225,BTCUSDT,0.7798,3.5413,0.2202,2024-09-06 16:00:00
226,BTCUSDT,0.7843,3.6361,0.2157,2024-09-06 16:30:00
227,BTCUSDT,0.7801,3.5475,0.2199,2024-09-06 17:00:00
228,BTCUSDT,0.7901,3.7642,0.2099,2024-09-06 17:30:00
229,BTCUSDT,0.7884,3.7259,0.2116,2024-09-06 18:00:00
230,BTCUSDT,0.7866,3.686,0.2134,2024-09-06 18:30:00
231,BTCUSDT,0.7786,3.5167,0.2214,2024-09-06 19:00:00
232,BTCUSDT,0.7801,3.5475,0.2199,2024-09-06 19:30:00
233,BTCUSDT,0.7834,3.6168,0.2166,2024-09-06 20:00:00
234,BTCUSDT,0.7852,3.6555,0.2148,2024-09-06 20:30:00
235,BTCUSDT,0.7770,3.4843,0.2230,2024-09-06 21:00:00
236,BTCUSDT,0.7753,3.4504,0.2247,2024-09-06 21:30:00
237,BTCUSDT,0.7781,3.5065,0.2219,2024-09-06 22:00:00
238,BTCUSDT,0.7792,3.529,0.2208,2024-09-06 22:30:00
239,BTCUSDT,0.7780,3.5045,0.2220,2024-09-06 23:00:00
240,BTCUSDT,0.7804,3.5537,0.2196,2024-09-06 23:30:00
241,BTCUSDT,0.7854,3.6598,0.2146,2024-09-07 00:00:00
242,BTCUSDT,0.7850,3.6512,0.2150,2024-09-07 00:30:00
243,BTCUSDT,0.7853,3.6577,0.2147,2024-09-07 01:00:00
244,BTCUSDT,0.7815,3.5767,0.2185,2024-09-07 01:30:00
245,BTCUSDT,0.7769,3.4823,0.2231,2024-09-07 02:00:00
246,BTCUSDT,0.7800,3.5455,0.2200,2024-09-07 02:30:00
247,BTCUSDT,0.7791,3.5269,0.2209,2024-09-07 03:00:00
248,BTCUSDT,0.7790,3.5249,0.2210,2024-09-07 03:30:00
249,BTCUSDT,0.7784,3.5126,0.2216,2024-09-07 04:00:00
250,BTCUSDT,0.7786,3.5167,0.2214,2024-09-07 04:30:00
251,BTCUSDT,0.7828,3.6041,0.2172,2024-09-07 05:00:00
252,BTCUSDT,0.7845,3.6404,0.2155,2024-09-07 05:30:00
253,BTCUSDT,0.7843,3.6361,0.2157,2024-09-07 06:00:00
254,BTCUSDT,0.7830,3.6083,0.2170,2024-09-07 06:30:00
255,BTCUSDT,0.7830,3.6083,0.2170,2024-09-07 07:00:00
256,BTCUSDT,0.7803,3.5517,0.2197,2024-09-07 07:30:00
257,BTCUSDT,0.7767,3.4783,0.2233,2024-09-07 08:00:00
258,BTCUSDT,0.7743,3.4307,0.2257,2024-09-07 08:30:00
259,BTCUSDT,0.7728,3.4014,0.2272,2024-09-07 09:00:00
260,BTCUSDT,0.7701,3.3497,0.2299,2024-09-07 09:30:00
261,BTCUSDT,0.7691,3.3309,0.2309,2024-09-07 10:00:00
262,BTCUSDT,0.7680,3.3103,0.2320,2024-09-07 10:30:00
263,BTCUSDT,0.7668,3.2882,0.2332,2024-09-07 11:00:00
264,BTCUSDT,0.7669,3.29,0.2331,2024-09-07 11:30:00
265,BTCUSDT,0.7653,3.2608,0.2347,2024-09-07 12:00:00
266,BTCUSDT,0.7645,3.2463,0.2355,2024-09-07 12:30:00
267,BTCUSDT,0.7703,3.3535,0.2297,2024-09-07 13:00:00
268,BTCUSDT,0.7666,3.2845,0.2334,2024-09-07 13:30:00
269,BTCUSDT,0.7633,3.2248,0.2367,2024-09-07 14:00:00
270,BTCUSDT,0.7612,3.1876,0.2388,2024-09-07 14:30:00
271,BTCUSDT,0.7579,3.1305,0.2421,2024-09-07 15:00:00
272,BTCUSDT,0.7590,3.1494,0.2410,2024-09-07 15:30:00
273,BTCUSDT,0.7571,3.1169,0.2429,2024-09-07 16:00:00
274,BTCUSDT,0.7520,3.0323,0.2480,2024-09-07 16:30:00
275,BTCUSDT,0.7425,2.8835,0.2575,2024-09-07 17:00:00
276,BTCUSDT,0.7355,2.7807,0.2645,2024-09-07 17:30:00
277,BTCUSDT,0.7288,2.6873,0.2712,2024-09-07 18:00:00
278,BTCUSDT,0.7349,2.7722,0.2651,2024-09-07 18:30:00
279,BTCUSDT,0.7373,2.8066,0.2627,2024-09-07 19:00:00
280,BTCUSDT,0.7373,2.8066,0.2627,2024-09-07 19:30:00
281,BTCUSDT,0.7395,2.8388,0.2605,2024-09-07 20:00:00
282,BTCUSDT,0.7349,2.7722,0.2651,2024-09-07 20:30:00
283,BTCUSDT,0.7333,2.7495,0.2667,2024-09-07 21:00:00
284,BTCUSDT,0.7332,2.7481,0.2668,2024-09-07 21:30:00
285,BTCUSDT,0.7320,2.7313,0.2680,2024-09-07 22:00:00
286,BTCUSDT,0.7319,2.73,0.2681,2024-09-07 22:30:00
287,BTCUSDT,0.7323,2.7355,0.2677,2024-09-07 23:00:00
288,BTCUSDT,0.7353,2.7779,0.2647,2024-09-07 23:30:00
289,BTCUSDT,0.7377,2.8124,0.2623,2024-09-08 00:00:00
290,BTCUSDT,0.7372,2.8052,0.2628,2024-09-08 00:30:00
291,BTCUSDT,0.7380,2.8168,0.2620,2024-09-08 01:00:00
292,BTCUSDT,0.7448,2.9185,0.2552,2024-09-08 01:30:00
293,BTCUSDT,0.7449,2.92,0.2551,2024-09-08 02:00:00
294,BTCUSDT,0.7503,3.0048,0.2497,2024-09-08 02:30:00
295,BTCUSDT,0.7505,3.008,0.2495,2024-09-08 03:00:00
296,BTCUSDT,0.7482,2.9714,0.2518,2024-09-08 03:30:00
297,BTCUSDT,0.7501,3.0016,0.2499,2024-09-08 04:00:00
298,BTCUSDT,0.7511,3.0177,0.2489,2024-09-08 04:30:00
299,BTCUSDT,0.7530,3.0486,0.2470,2024-09-08 05:00:00
300,BTCUSDT,0.7521,3.0339,0.2479,2024-09-08 05:30:00
301,BTCUSDT,0.7487,2.9793,0.2513,2024-09-08 06:00:00
302,BTCUSDT,0.7481,2.9698,0.2519,2024-09-08 06:30:00
303,BTCUSDT,0.7450,2.9216,0.2550,2024-09-08 07:00:00
304,BTCUSDT,0.7452,2.9246,0.2548,2024-09-08 07:30:00
305,BTCUSDT,0.7461,2.9386,0.2539,2024-09-08 08:00:00
306,BTCUSDT,0.7455,2.9293,0.2545,2024-09-08 08:30:00
307,BTCUSDT,0.7463,2.9417,0.2537,2024-09-08 09:00:00
308,BTCUSDT,0.7485,2.9761,0.2515,2024-09-08 09:30:00
309,BTCUSDT,0.7478,2.9651,0.2522,2024-09-08 10:00:00
310,BTCUSDT,0.7479,2.9667,0.2521,2024-09-08 10:30:00
311,BTCUSDT,0.7457,2.9324,0.2543,2024-09-08 11:00:00
312,BTCUSDT,0.7437,2.9017,0.2563,2024-09-08 11:30:00
313,BTCUSDT,0.7408,2.858,0.2592,2024-09-08 12:00:00
314,BTCUSDT,0.7364,2.7936,0.2636,2024-09-08 12:30:00
315,BTCUSDT,0.7339,2.758,0.2661,2024-09-08 13:00:00
316,BTCUSDT,0.7325,2.7383,0.2675,2024-09-08 13:30:00
317,BTCUSDT,0.7329,2.7439,0.2671,2024-09-08 14:00:00
318,BTCUSDT,0.7292,2.6928,0.2708,2024-09-08 14:30:00
319,BTCUSDT,0.7271,2.6643,0.2729,2024-09-08 15:00:00
320,BTCUSDT,0.7244,2.6284,0.2756,2024-09-08 15:30:00
321,BTCUSDT,0.7238,2.6206,0.2762,2024-09-08 16:00:00
322,BTCUSDT,0.7264,2.655,0.2736,2024-09-08 16:30:00
323,BTCUSDT,0.7283,2.6805,0.2717,2024-09-08 17:00:00
324,BTCUSDT,0.7334,2.7509,0.2666,2024-09-08 17:30:00
325,BTCUSDT,0.7357,2.7836,0.2643,2024-09-08 18:00:00
326,BTCUSDT,0.7262,2.6523,0.2738,2024-09-08 18:30:00
327,BTCUSDT,0.7255,2.643,0.2745,2024-09-08 19:00:00
328,BTCUSDT,0.7239,2.6219,0.2761,2024-09-08 19:30:00
329,BTCUSDT,0.7225,2.6036,0.2775,2024-09-08 20:00:00
330,BTCUSDT,0.7207,2.5804,0.2793,2024-09-08 20:30:00
331,BTCUSDT,0.7202,2.574,0.2798,2024-09-08 21:00:00
332,BTCUSDT,0.7253,2.6403,0.2747,2024-09-08 21:30:00
333,BTCUSDT,0.7244,2.6284,0.2756,2024-09-08 22:00:00
334,BTCUSDT,0.7345,2.7665,0.2655,2024-09-08 22:30:00
335,BTCUSDT,0.7351,2.775,0.2649,2024-09-08 23:00:00
336,BTCUSDT,0.7349,2.7722,0.2651,2024-09-08 23:30:00
337,BTCUSDT,0.7325,2.7383,0.2675,2024-09-09 00:00:00
338,BTCUSDT,0.7326,2.7397,0.2674,2024-09-09 00:30:00
339,BTCUSDT,0.7292,2.6928,0.2708,2024-09-09 01:00:00
340,BTCUSDT,0.7267,2.659,0.2733,2024-09-09 01:30:00
341,BTCUSDT,0.7238,2.6206,0.2762,2024-09-09 02:00:00
342,BTCUSDT,0.7230,2.6101,0.2770,2024-09-09 02:30:00
343,BTCUSDT,0.7215,2.5907,0.2785,2024-09-09 03:00:00
344,BTCUSDT,0.7173,2.5373,0.2827,2024-09-09 03:30:00
345,BTCUSDT,0.7127,2.4807,0.2873,2024-09-09 04:00:00
346,BTCUSDT,0.7092,2.4388,0.2908,2024-09-09 04:30:00
347,BTCUSDT,0.7091,2.4376,0.2909,2024-09-09 05:00:00
348,BTCUSDT,0.7106,2.4554,0.2894,2024-09-09 05:30:00
349,BTCUSDT,0.7102,2.4507,0.2898,2024-09-09 06:00:00
350,BTCUSDT,0.7097,2.4447,0.2903,2024-09-09 06:30:00
351,BTCUSDT,0.7110,2.4602,0.2890,2024-09-09 07:00:00
352,BTCUSDT,0.7108,2.4578,0.2892,2024-09-09 07:30:00
353,BTCUSDT,0.7147,2.5051,0.2853,2024-09-09 08:00:00
354,BTCUSDT,0.7102,2.4507,0.2898,2024-09-09 08:30:00
355,BTCUSDT,0.6994,2.3267,0.3006,2024-09-09 09:00:00
356,BTCUSDT,0.6989,2.3212,0.3011,2024-09-09 09:30:00
357,BTCUSDT,0.6923,2.2499,0.3077,2024-09-09 10:00:00
358,BTCUSDT,0.6907,2.2331,0.3093,2024-09-09 10:30:00
359,BTCUSDT,0.6862,2.1867,0.3138,2024-09-09 11:00:00
360,BTCUSDT,0.6867,2.1918,0.3133,2024-09-09 11:30:00
361,BTCUSDT,0.6851,2.1756,0.3149,2024-09-09 12:00:00
362,BTCUSDT,0.6848,2.1726,0.3152,2024-09-09 12:30:00
363,BTCUSDT,0.6889,2.2144,0.3111,2024-09-09 13:00:00
364,BTCUSDT,0.6870,2.1949,0.3130,2024-09-09 13:30:00
365,BTCUSDT,0.6840,2.1646,0.3160,2024-09-09 14:00:00
366,BTCUSDT,0.6829,2.1536,0.3171,2024-09-09 14:30:00
367,BTCUSDT,0.6921,2.2478,0.3079,2024-09-09 15:00:00
368,BTCUSDT,0.6897,2.2227,0.3103,2024-09-09 15:30:00
369,BTCUSDT,0.6825,2.1496,0.3175,2024-09-09 16:00:00
370,BTCUSDT,0.6655,1.9895,0.3345,2024-09-09 16:30:00
371,BTCUSDT,0.6531,1.8827,0.3469,2024-09-09 17:00:00
372,BTCUSDT,0.6427,1.7988,0.3573,2024-09-09 17:30:00
373,BTCUSDT,0.6333,1.727,0.3667,2024-09-09 18:00:00
374,BTCUSDT,0.6290,1.6954,0.3710,2024-09-09 18:30:00
375,BTCUSDT,0.6289,1.6947,0.3711,2024-09-09 19:00:00
376,BTCUSDT,0.6330,1.7248,0.3670,2024-09-09 19:30:00
377,BTCUSDT,0.6345,1.736,0.3655,2024-09-09 20:00:00
378,BTCUSDT,0.6266,1.6781,0.3734,2024-09-09 20:30:00
379,BTCUSDT,0.6253,1.6688,0.3747,2024-09-09 21:00:00
380,BTCUSDT,0.6336,1.7293,0.3664,2024-09-09 21:30:00
381,BTCUSDT,0.6317,1.7152,0.3683,2024-09-09 22:00:00
382,BTCUSDT,0.6306,1.7071,0.3694,2024-09-09 22:30:00
383,BTCUSDT,0.6258,1.6724,0.3742,2024-09-09 23:00:00
384,BTCUSDT,0.6256,1.6709,0.3744,2024-09-09 23:30:00
385,BTCUSDT,0.6198,1.6302,0.3802,2024-09-10 00:00:00
386,BTCUSDT,0.6128,1.5826,0.3872,2024-09-10 00:30:00
387,BTCUSDT,0.6202,1.633,0.3798,2024-09-10 01:00:00
388,BTCUSDT,0.6165,1.6076,0.3835,2024-09-10 01:30:00
389,BTCUSDT,0.6140,1.5907,0.3860,2024-09-10 02:00:00
390,BTCUSDT,0.6127,1.582,0.3873,2024-09-10 02:30:00
391,BTCUSDT,0.6133,1.586,0.3867,2024-09-10 03:00:00
392,BTCUSDT,0.6130,1.584,0.3870,2024-09-10 03:30:00
393,BTCUSDT,0.6118,1.576,0.3882,2024-09-10 04:00:00
394,BTCUSDT,0.6174,1.6137,0.3826,2024-09-10 04:30:00
395,BTCUSDT,0.6178,1.6164,0.3822,2024-09-10 05:00:00
396,BTCUSDT,0.6284,1.6911,0.3716,2024-09-10 05:30:00
397,BTCUSDT,0.6279,1.6874,0.3721,2024-09-10 06:00:00
398,BTCUSDT,0.6245,1.6631,0.3755,2024-09-10 06:30:00
399,BTCUSDT,0.6248,1.6652,0.3752,2024-09-10 07:00:00
400,BTCUSDT,0.6316,1.7144,0.3684,2024-09-10 07:30:00
401,BTCUSDT,0.6311,1.7108,0.3689,2024-09-10 08:00:00
402,BTCUSDT,0.6295,1.6991,0.3705,2024-09-10 08:30:00
403,BTCUSDT,0.6216,1.6427,0.3784,2024-09-10 09:00:00
404,BTCUSDT,0.6249,1.666,0.3751,2024-09-10 09:30:00
405,BTCUSDT,0.6262,1.6752,0.3738,2024-09-10 10:00:00
406,BTCUSDT,0.6248,1.6652,0.3752,2024-09-10 10:30:00
407,BTCUSDT,0.6246,1.6638,0.3754,2024-09-10 11:00:00
408,BTCUSDT,0.6245,1.6631,0.3755,2024-09-10 11:30:00
409,BTCUSDT,0.6250,1.6667,0.3750,2024-09-10 12:00:00
410,BTCUSDT,0.6233,1.6546,0.3767,2024-09-10 12:30:00
411,BTCUSDT,0.6214,1.6413,0.3786,2024-09-10 13:00:00
412,BTCUSDT,0.6134,1.5867,0.3866,2024-09-10 13:30:00
413,BTCUSDT,0.6183,1.6199,0.3817,2024-09-10 14:00:00
414,BTCUSDT,0.6210,1.6385,0.3790,2024-09-10 14:30:00
415,BTCUSDT,0.6199,1.6309,0.3801,2024-09-10 15:00:00
416,BTCUSDT,0.6226,1.6497,0.3774,2024-09-10 15:30:00
417,BTCUSDT,0.6290,1.6954,0.3710,2024-09-10 16:00:00
418,BTCUSDT,0.6330,1.7248,0.3670,2024-09-10 16:30:00
419,BTCUSDT,0.6320,1.7174,0.3680,2024-09-10 17:00:00
420,BTCUSDT,0.6279,1.6874,0.3721,2024-09-10 17:30:00
421,BTCUSDT,0.6269,1.6802,0.3731,2024-09-10 18:00:00
422,BTCUSDT,0.6299,1.702,0.3701,2024-09-10 18:30:00
423,BTCUSDT,0.6231,1.6532,0.3769,2024-09-10 19:00:00
424,BTCUSDT,0.6245,1.6631,0.3755,2024-09-10 19:30:00
425,BTCUSDT,0.6185,1.6212,0.3815,2024-09-10 20:00:00
426,BTCUSDT,0.6160,1.6042,0.3840,2024-09-10 20:30:00
427,BTCUSDT,0.6165,1.6076,0.3835,2024-09-10 21:00:00
428,BTCUSDT,0.6147,1.5954,0.3853,2024-09-10 21:30:00
429,BTCUSDT,0.6138,1.5893,0.3862,2024-09-10 22:00:00
430,BTCUSDT,0.6127,1.582,0.3873,2024-09-10 22:30:00
431,BTCUSDT,0.6137,1.5887,0.3863,2024-09-10 23:00:00
432,BTCUSDT,0.6140,1.5907,0.3860,2024-09-10 23:30:00
433,BTCUSDT,0.6117,1.5753,0.3883,2024-09-11 00:00:00
434,BTCUSDT,0.6063,1.54,0.3937,2024-09-11 00:30:00
435,BTCUSDT,0.6060,1.5381,0.3940,2024-09-11 01:00:00
436,BTCUSDT,0.6051,1.5323,0.3949,2024-09-11 01:30:00
437,BTCUSDT,0.6143,1.5927,0.3857,2024-09-11 02:00:00
438,BTCUSDT,0.6194,1.6274,0.3806,2024-09-11 02:30:00
439,BTCUSDT,0.6208,1.6371,0.3792,2024-09-11 03:00:00
440,BTCUSDT,0.6254,1.6695,0.3746,2024-09-11 03:30:00
441,BTCUSDT,0.6293,1.6976,0.3707,2024-09-11 04:00:00
442,BTCUSDT,0.6371,1.7556,0.3629,2024-09-11 04:30:00
443,BTCUSDT,0.6393,1.7724,0.3607,2024-09-11 05:00:00
444,BTCUSDT,0.6411,1.7863,0.3589,2024-09-11 05:30:00
445,BTCUSDT,0.6464,1.8281,0.3536,2024-09-11 06:00:00
446,BTCUSDT,0.6531,1.8827,0.3469,2024-09-11 06:30:00
447,BTCUSDT,0.6538,1.8885,0.3462,2024-09-11 07:00:00
448,BTCUSDT,0.6573,1.918,0.3427,2024-09-11 07:30:00
449,BTCUSDT,0.6597,1.9386,0.3403,2024-09-11 08:00:00
450,BTCUSDT,0.6554,1.9019,0.3446,2024-09-11 08:30:00
451,BTCUSDT,0.6523,1.876,0.3477,2024-09-11 09:00:00
452,BTCUSDT,0.6563,1.9095,0.3437,2024-09-11 09:30:00
453,BTCUSDT,0.6567,1.9129,0.3433,2024-09-11 10:00:00
454,BTCUSDT,0.6543,1.8927,0.3457,2024-09-11 10:30:00
455,BTCUSDT,0.6548,1.8969,0.3452,2024-09-11 11:00:00
456,BTCUSDT,0.6552,1.9002,0.3448,2024-09-11 11:30:00
457,BTCUSDT,0.6583,1.9265,0.3417,2024-09-11 12:00:00
458,BTCUSDT,0.6630,1.9674,0.3370,2024-09-11 12:30:00
459,BTCUSDT,0.6642,1.978,0.3358,2024-09-11 13:00:00
460,BTCUSDT,0.6615,1.9542,0.3385,2024-09-11 13:30:00
461,BTCUSDT,0.6740,2.0675,0.3260,2024-09-11 14:00:00
462,BTCUSDT,0.6916,2.2425,0.3084,2024-09-11 14:30:00
463,BTCUSDT,0.6952,2.2808,0.3048,2024-09-11 15:00:00
464,BTCUSDT,0.6944,2.2723,0.3056,2024-09-11 15:30:00
465,BTCUSDT,0.6697,2.0276,0.3303,2024-09-11 16:00:00
466,BTCUSDT,0.6656,1.9904,0.3344,2024-09-11 16:30:00
467,BTCUSDT,0.6622,1.9603,0.3378,2024-09-11 17:00:00
468,BTCUSDT,0.6462,1.8265,0.3538,2024-09-11 17:30:00
469,BTCUSDT,0.6335,1.7285,0.3665,2024-09-11 18:00:00
470,BTCUSDT,0.6242,1.661,0.3758,2024-09-11 18:30:00
471,BTCUSDT,0.6132,1.5853,0.3868,2024-09-11 19:00:00
472,BTCUSDT,0.6158,1.6028,0.3842,2024-09-11 19:30:00
473,BTCUSDT,0.6164,1.6069,0.3836,2024-09-11 20:00:00
474,BTCUSDT,0.6154,1.6001,0.3846,2024-09-11 20:30:00
475,BTCUSDT,0.6137,1.5887,0.3863,2024-09-11 21:00:00
476,BTCUSDT,0.6124,1.58,0.3876,2024-09-11 21:30:00
477,BTCUSDT,0.6130,1.584,0.3870,2024-09-11 22:00:00
478,BTCUSDT,0.6124,1.58,0.3876,2024-09-11 22:30:00
479,BTCUSDT,0.6118,1.576,0.3882,2024-09-11 23:00:00
480,BTCUSDT,0.6126,1.5813,0.3874,2024-09-11 23:30:00
481,BTCUSDT,0.6119,1.5767,0.3881,2024-09-12 00:00:00
482,BTCUSDT,0.6156,1.6015,0.3844,2024-09-12 00:30:00
483,BTCUSDT,0.6128,1.5826,0.3872,2024-09-12 01:00:00
484,BTCUSDT,0.6119,1.5767,0.3881,2024-09-12 01:30:00
485,BTCUSDT,0.6115,1.574,0.3885,2024-09-12 02:00:00
486,BTCUSDT,0.6099,1.5634,0.3901,2024-09-12 02:30:00
487,BTCUSDT,0.6082,1.5523,0.3918,2024-09-12 03:00:00
488,BTCUSDT,0.6021,1.5132,0.3979,2024-09-12 03:30:00
489,BTCUSDT,0.5970,1.4814,0.4030,2024-09-12 04:00:00
490,BTCUSDT,0.5957,1.4734,0.4043,2024-09-12 04:30:00
491,BTCUSDT,0.5876,1.4248,0.4124,2024-09-12 05:00:00
492,BTCUSDT,0.5837,1.4021,0.4163,2024-09-12 05:30:00
493,BTCUSDT,0.5831,1.3987,0.4169,2024-09-12 06:00:00
494,BTCUSDT,0.5836,1.4015,0.4164,2024-09-12 06:30:00
495,BTCUSDT,0.5850,1.4096,0.4150,2024-09-12 07:00:00
496,BTCUSDT,0.5888,1.4319,0.4112,2024-09-12 07:30:00
497,BTCUSDT,0.5908,1.4438,0.4092,2024-09-12 08:00:00
498,BTCUSDT,0.5920,1.451,0.4080,2024-09-12 08:30:00
499,BTCUSDT,0.5831,1.3987,0.4169,2024-09-12 09:00:00
500,BTCUSDT,0.5427,1.1867,0.4573,2024-08-22 13:30:00
501,BTCUSDT,0.5522,1.2331,0.4478,2024-08-22 14:00:00
502,BTCUSDT,0.5609,1.2774,0.4391,2024-08-22 14:30:00
503,BTCUSDT,0.5653,1.3004,0.4347,2024-08-22 15:00:00
504,BTCUSDT,0.5730,1.3419,0.4270,2024-08-22 15:30:00
505,BTCUSDT,0.5832,1.3992,0.4168,2024-08-22 16:00:00
506,BTCUSDT,0.5886,1.4307,0.4114,2024-08-22 16:30:00
507,BTCUSDT,0.5912,1.4462,0.4088,2024-08-22 17:00:00
508,BTCUSDT,0.5938,1.4618,0.4062,2024-08-22 17:30:00
509,BTCUSDT,0.5957,1.4734,0.4043,2024-08-22 18:00:00
510,BTCUSDT,0.5972,1.4826,0.4028,2024-08-22 18:30:00
511,BTCUSDT,0.5975,1.4845,0.4025,2024-08-22 19:00:00
512,BTCUSDT,0.6018,1.5113,0.3982,2024-08-22 19:30:00
513,BTCUSDT,0.6044,1.5278,0.3956,2024-08-22 20:00:00
514,BTCUSDT,0.6049,1.531,0.3951,2024-08-22 20:30:00
515,BTCUSDT,0.6055,1.5349,0.3945,2024-08-22 21:00:00
516,BTCUSDT,0.6051,1.5323,0.3949,2024-08-22 21:30:00
517,BTCUSDT,0.6057,1.5361,0.3943,2024-08-22 22:00:00
518,BTCUSDT,0.6056,1.5355,0.3944,2024-08-22 22:30:00
519,BTCUSDT,0.6062,1.5394,0.3938,2024-08-22 23:00:00
520,BTCUSDT,0.6062,1.5394,0.3938,2024-08-22 23:30:00
521,BTCUSDT,0.6104,1.5667,0.3896,2024-08-23 00:00:00
522,BTCUSDT,0.6119,1.5767,0.3881,2024-08-23 00:30:00
523,BTCUSDT,0.6064,1.5407,0.3936,2024-08-23 01:00:00
524,BTCUSDT,0.6056,1.5355,0.3944,2024-08-23 01:30:00
525,BTCUSDT,0.6061,1.5387,0.3939,2024-08-23 02:00:00
526,BTCUSDT,0.6064,1.5407,0.3936,2024-08-23 02:30:00
527,BTCUSDT,0.6050,1.5316,0.3950,2024-08-23 03:00:00
528,BTCUSDT,0.6054,1.5342,0.3946,2024-08-23 03:30:00
529,BTCUSDT,0.6058,1.5368,0.3942,2024-08-23 04:00:00
530,BTCUSDT,0.6100,1.5641,0.3900,2024-08-23 04:30:00
531,BTCUSDT,0.6097,1.5621,0.3903,2024-08-23 05:00:00
532,BTCUSDT,0.5992,1.495,0.4008,2024-08-23 05:30:00
533,BTCUSDT,0.5982,1.4888,0.4018,2024-08-23 06:00:00
534,BTCUSDT,0.5935,1.46,0.4065,2024-08-23 06:30:00
535,BTCUSDT,0.5800,1.381,0.4200,2024-08-23 07:00:00
536,BTCUSDT,0.5759,1.3579,0.4241,2024-08-23 07:30:00
537,BTCUSDT,0.5767,1.3624,0.4233,2024-08-23 08:00:00
538,BTCUSDT,0.5791,1.3759,0.4209,2024-08-23 08:30:00
539,BTCUSDT,0.5740,1.3474,0.4260,2024-08-23 09:00:00
540,BTCUSDT,0.5680,1.3148,0.4320,2024-08-23 09:30:00
541,BTCUSDT,0.5644,1.2957,0.4356,2024-08-23 10:00:00
542,BTCUSDT,0.5663,1.3057,0.4337,2024-08-23 10:30:00
543,BTCUSDT,0.5661,1.3047,0.4339,2024-08-23 11:00:00
544,BTCUSDT,0.5660,1.3041,0.4340,2024-08-23 11:30:00
545,BTCUSDT,0.5708,1.3299,0.4292,2024-08-23 12:00:00
546,BTCUSDT,0.5788,1.3742,0.4212,2024-08-23 12:30:00
547,BTCUSDT,0.5772,1.3652,0.4228,2024-08-23 13:00:00
548,BTCUSDT,0.5760,1.3585,0.4240,2024-08-23 13:30:00
549,BTCUSDT,0.5750,1.3529,0.4250,2024-08-23 14:00:00
550,BTCUSDT,0.5499,1.2217,0.4501,2024-08-23 14:30:00
551,BTCUSDT,0.5713,1.3326,0.4287,2024-08-23 15:00:00
552,BTCUSDT,0.5669,1.3089,0.4331,2024-08-23 15:30:00
553,BTCUSDT,0.5517,1.2306,0.4483,2024-08-23 16:00:00
554,BTCUSDT,0.5525,1.2346,0.4475,2024-08-23 16:30:00
555,BTCUSDT,0.5516,1.2302,0.4484,2024-08-23 17:00:00
556,BTCUSDT,0.5487,1.2158,0.4513,2024-08-23 17:30:00
557,BTCUSDT,0.5202,1.0842,0.4798,2024-08-23 18:00:00
558,BTCUSDT,0.5031,1.0125,0.4969,2024-08-23 18:30:00
559,BTCUSDT,0.4909,0.9643,0.5091,2024-08-23 19:00:00
560,BTCUSDT,0.4942,0.9771,0.5058,2024-08-23 19:30:00
561,BTCUSDT,0.4861,0.9459,0.5139,2024-08-23 20:00:00
562,BTCUSDT,0.4823,0.9316,0.5177,2024-08-23 20:30:00
563,BTCUSDT,0.4760,0.9084,0.5240,2024-08-23 21:00:00
564,BTCUSDT,0.4898,0.96,0.5102,2024-08-23 21:30:00
565,BTCUSDT,0.4873,0.9505,0.5127,2024-08-23 22:00:00
566,BTCUSDT,0.4858,0.9448,0.5142,2024-08-23 22:30:00
567,BTCUSDT,0.4809,0.9264,0.5191,2024-08-23 23:00:00
568,BTCUSDT,0.4804,0.9246,0.5196,2024-08-23 23:30:00
569,BTCUSDT,0.4745,0.9029,0.5255,2024-08-24 00:00:00
570,BTCUSDT,0.4735,0.8993,0.5265,2024-08-24 00:30:00
571,BTCUSDT,0.4757,0.9073,0.5243,2024-08-24 01:00:00
572,BTCUSDT,0.4695,0.885,0.5305,2024-08-24 01:30:00
573,BTCUSDT,0.4701,0.8871,0.5299,2024-08-24 02:00:00
574,BTCUSDT,0.4730,0.8975,0.5270,2024-08-24 02:30:00
575,BTCUSDT,0.4740,0.9011,0.5260,2024-08-24 03:00:00
576,BTCUSDT,0.4747,0.9037,0.5253,2024-08-24 03:30:00
577,BTCUSDT,0.4726,0.8961,0.5274,2024-08-24 04:00:00
578,BTCUSDT,0.4735,0.8993,0.5265,2024-08-24 04:30:00
579,BTCUSDT,0.4728,0.8968,0.5272,2024-08-24 05:00:00
580,BTCUSDT,0.4750,0.9048,0.5250,2024-08-24 05:30:00
581,BTCUSDT,0.4763,0.9095,0.5237,2024-08-24 06:00:00
582,BTCUSDT,0.4772,0.9128,0.5228,2024-08-24 06:30:00
583,BTCUSDT,0.4847,0.9406,0.5153,2024-08-24 07:00:00
584,BTCUSDT,0.4868,0.9486,0.5132,2024-08-24 07:30:00
585,BTCUSDT,0.4889,0.9566,0.5111,2024-08-24 08:00:00
586,BTCUSDT,0.4854,0.9433,0.5146,2024-08-24 08:30:00
587,BTCUSDT,0.4867,0.9482,0.5133,2024-08-24 09:00:00
588,BTCUSDT,0.4839,0.9376,0.5161,2024-08-24 09:30:00
589,BTCUSDT,0.4827,0.9331,0.5173,2024-08-24 10:00:00
590,BTCUSDT,0.4818,0.9298,0.5182,2024-08-24 10:30:00
591,BTCUSDT,0.4754,0.9062,0.5246,2024-08-24 11:00:00
592,BTCUSDT,0.4737,0.9001,0.5263,2024-08-24 11:30:00
593,BTCUSDT,0.4700,0.8868,0.5300,2024-08-24 12:00:00
594,BTCUSDT,0.4753,0.9059,0.5247,2024-08-24 12:30:00
595,BTCUSDT,0.4755,0.9066,0.5245,2024-08-24 13:00:00
596,BTCUSDT,0.4781,0.9161,0.5219,2024-08-24 13:30:00
597,BTCUSDT,0.4787,0.9183,0.5213,2024-08-24 14:00:00
598,BTCUSDT,0.4799,0.9227,0.5201,2024-08-24 14:30:00
599,BTCUSDT,0.4808,0.926,0.5192,2024-08-24 15:00:00
600,BTCUSDT,0.4800,0.9231,0.5200,2024-08-24 15:30:00
601,BTCUSDT,0.4779,0.9153,0.5221,2024-08-24 16:00:00
602,BTCUSDT,0.4880,0.9531,0.5120,2024-08-24 16:30:00
603,BTCUSDT,0.4899,0.9604,0.5101,2024-08-24 17:00:00
604,BTCUSDT,0.4909,0.9643,0.5091,2024-08-24 17:30:00
605,BTCUSDT,0.4919,0.9681,0.5081,2024-08-24 18:00:00
606,BTCUSDT,0.4883,0.9543,0.5117,2024-08-24 18:30:00
607,BTCUSDT,0.4897,0.9596,0.5103,2024-08-24 19:00:00
608,BTCUSDT,0.4906,0.9631,0.5094,2024-08-24 19:30:00
609,BTCUSDT,0.4887,0.9558,0.5113,2024-08-24 20:00:00
610,BTCUSDT,0.4896,0.9592,0.5104,2024-08-24 20:30:00
611,BTCUSDT,0.4895,0.9589,0.5105,2024-08-24 21:00:00
612,BTCUSDT,0.4900,0.9608,0.5100,2024-08-24 21:30:00
613,BTCUSDT,0.4821,0.9309,0.5179,2024-08-24 22:00:00
614,BTCUSDT,0.4863,0.9467,0.5137,2024-08-24 22:30:00
615,BTCUSDT,0.4874,0.9508,0.5126,2024-08-24 23:00:00
616,BTCUSDT,0.4887,0.9558,0.5113,2024-08-24 23:30:00
617,BTCUSDT,0.4905,0.9627,0.5095,2024-08-25 00:00:00
618,BTCUSDT,0.4864,0.947,0.5136,2024-08-25 00:30:00
619,BTCUSDT,0.4816,0.929,0.5184,2024-08-25 01:00:00
620,BTCUSDT,0.4812,0.9275,0.5188,2024-08-25 01:30:00
621,BTCUSDT,0.4800,0.9231,0.5200,2024-08-25 02:00:00
622,BTCUSDT,0.4819,0.9301,0.5181,2024-08-25 02:30:00
623,BTCUSDT,0.4807,0.9257,0.5193,2024-08-25 03:00:00
624,BTCUSDT,0.4802,0.9238,0.5198,2024-08-25 03:30:00
625,BTCUSDT,0.4789,0.919,0.5211,2024-08-25 04:00:00
626,BTCUSDT,0.4784,0.9172,0.5216,2024-08-25 04:30:00
627,BTCUSDT,0.4812,0.9275,0.5188,2024-08-25 05:00:00
628,BTCUSDT,0.4837,0.9369,0.5163,2024-08-25 05:30:00
629,BTCUSDT,0.4825,0.9324,0.5175,2024-08-25 06:00:00
630,BTCUSDT,0.4813,0.9279,0.5187,2024-08-25 06:30:00
631,BTCUSDT,0.4802,0.9238,0.5198,2024-08-25 07:00:00
632,BTCUSDT,0.4766,0.9106,0.5234,2024-08-25 07:30:00
633,BTCUSDT,0.4765,0.9102,0.5235,2024-08-25 08:00:00
634,BTCUSDT,0.4802,0.9238,0.5198,2024-08-25 08:30:00
635,BTCUSDT,0.4796,0.9216,0.5204,2024-08-25 09:00:00
636,BTCUSDT,0.4790,0.9194,0.5210,2024-08-25 09:30:00
637,BTCUSDT,0.4820,0.9305,0.5180,2024-08-25 10:00:00
638,BTCUSDT,0.4838,0.9372,0.5162,2024-08-25 10:30:00
639,BTCUSDT,0.4829,0.9339,0.5171,2024-08-25 11:00:00
640,BTCUSDT,0.4865,0.9474,0.5135,2024-08-25 11:30:00
641,BTCUSDT,0.4878,0.9524,0.5122,2024-08-25 12:00:00
642,BTCUSDT,0.4890,0.9569,0.5110,2024-08-25 12:30:00
643,BTCUSDT,0.4902,0.9616,0.5098,2024-08-25 13:00:00
644,BTCUSDT,0.4935,0.9743,0.5065,2024-08-25 13:30:00
645,BTCUSDT,0.4943,0.9775,0.5057,2024-08-25 14:00:00
646,BTCUSDT,0.4915,0.9666,0.5085,2024-08-25 14:30:00
647,BTCUSDT,0.4912,0.9654,0.5088,2024-08-25 15:00:00
648,BTCUSDT,0.4911,0.965,0.5089,2024-08-25 15:30:00
649,BTCUSDT,0.4880,0.9531,0.5120,2024-08-25 16:00:00
650,BTCUSDT,0.4865,0.9474,0.5135,2024-08-25 16:30:00
651,BTCUSDT,0.4853,0.9429,0.5147,2024-08-25 17:00:00
652,BTCUSDT,0.4863,0.9467,0.5137,2024-08-25 17:30:00
653,BTCUSDT,0.4878,0.9524,0.5122,2024-08-25 18:00:00
654,BTCUSDT,0.4881,0.9535,0.5119,2024-08-25 18:30:00
655,BTCUSDT,0.4886,0.9554,0.5114,2024-08-25 19:00:00
656,BTCUSDT,0.4879,0.9527,0.5121,2024-08-25 19:30:00
657,BTCUSDT,0.4877,0.952,0.5123,2024-08-25 20:00:00
658,BTCUSDT,0.4871,0.9497,0.5129,2024-08-25 20:30:00
659,BTCUSDT,0.4861,0.9459,0.5139,2024-08-25 21:00:00
660,BTCUSDT,0.4876,0.9516,0.5124,2024-08-25 21:30:00
661,BTCUSDT,0.4872,0.9501,0.5128,2024-08-25 22:00:00
662,BTCUSDT,0.4868,0.9486,0.5132,2024-08-25 22:30:00
663,BTCUSDT,0.4860,0.9455,0.5140,2024-08-25 23:00:00
664,BTCUSDT,0.4828,0.9335,0.5172,2024-08-25 23:30:00
665,BTCUSDT,0.4842,0.9387,0.5158,2024-08-26 00:00:00
666,BTCUSDT,0.4829,0.9339,0.5171,2024-08-26 00:30:00
667,BTCUSDT,0.4828,0.9335,0.5172,2024-08-26 01:00:00
668,BTCUSDT,0.4838,0.9372,0.5162,2024-08-26 01:30:00
669,BTCUSDT,0.4833,0.9354,0.5167,2024-08-26 02:00:00
670,BTCUSDT,0.4861,0.9459,0.5139,2024-08-26 02:30:00
671,BTCUSDT,0.4883,0.9543,0.5117,2024-08-26 03:00:00
672,BTCUSDT,0.4909,0.9643,0.5091,2024-08-26 03:30:00
673,BTCUSDT,0.4912,0.9654,0.5088,2024-08-26 04:00:00
674,BTCUSDT,0.4932,0.9732,0.5068,2024-08-26 04:30:00
675,BTCUSDT,0.4923,0.9697,0.5077,2024-08-26 05:00:00
676,BTCUSDT,0.4921,0.9689,0.5079,2024-08-26 05:30:00
677,BTCUSDT,0.4936,0.9747,0.5064,2024-08-26 06:00:00
678,BTCUSDT,0.4921,0.9689,0.5079,2024-08-26 06:30:00
679,BTCUSDT,0.4929,0.972,0.5071,2024-08-26 07:00:00
680,BTCUSDT,0.4959,0.9837,0.5041,2024-08-26 07:30:00
681,BTCUSDT,0.4956,0.9826,0.5044,2024-08-26 08:00:00
682,BTCUSDT,0.4986,0.9944,0.5014,2024-08-26 08:30:00
683,BTCUSDT,0.5001,1.0004,0.4999,2024-08-26 09:00:00
684,BTCUSDT,0.5024,1.0096,0.4976,2024-08-26 09:30:00
685,BTCUSDT,0.5043,1.0173,0.4957,2024-08-26 10:00:00
686,BTCUSDT,0.5074,1.03,0.4926,2024-08-26 10:30:00
687,BTCUSDT,0.5077,1.0313,0.4923,2024-08-26 11:00:00
688,BTCUSDT,0.5094,1.0383,0.4906,2024-08-26 11:30:00
689,BTCUSDT,0.5101,1.0412,0.4899,2024-08-26 12:00:00
690,BTCUSDT,0.5095,1.0387,0.4905,2024-08-26 12:30:00
691,BTCUSDT,0.5086,1.035,0.4914,2024-08-26 13:00:00
692,BTCUSDT,0.5129,1.053,0.4871,2024-08-26 13:30:00
693,BTCUSDT,0.5131,1.0538,0.4869,2024-08-26 14:00:00
694,BTCUSDT,0.5161,1.0665,0.4839,2024-08-26 14:30:00
695,BTCUSDT,0.5204,1.0851,0.4796,2024-08-26 15:00:00
696,BTCUSDT,0.5209,1.0872,0.4791,2024-08-26 15:30:00
697,BTCUSDT,0.5187,1.0777,0.4813,2024-08-26 16:00:00
698,BTCUSDT,0.5165,1.0683,0.4835,2024-08-26 16:30:00
699,BTCUSDT,0.5170,1.0704,0.4830,2024-08-26 17:00:00
700,BTCUSDT,0.5142,1.0585,0.4858,2024-08-26 17:30:00
701,BTCUSDT,0.5172,1.0713,0.4828,2024-08-26 18:00:00
702,BTCUSDT,0.5177,1.0734,0.4823,2024-08-26 18:30:00
703,BTCUSDT,0.5125,1.0513,0.4875,2024-08-26 19:00:00
704,BTCUSDT,0.5111,1.0454,0.4889,2024-08-26 19:30:00
705,BTCUSDT,0.5134,1.0551,0.4866,2024-08-26 20:00:00
706,BTCUSDT,0.5168,1.0695,0.4832,2024-08-26 20:30:00
707,BTCUSDT,0.5179,1.0743,0.4821,2024-08-26 21:00:00
708,BTCUSDT,0.5228,1.0956,0.4772,2024-08-26 21:30:00
709,BTCUSDT,0.5256,1.1079,0.4744,2024-08-26 22:00:00
710,BTCUSDT,0.5242,1.1017,0.4758,2024-08-26 22:30:00
711,BTCUSDT,0.5262,1.1106,0.4738,2024-08-26 23:00:00
712,BTCUSDT,0.5287,1.1218,0.4713,2024-08-26 23:30:00
713,BTCUSDT,0.5307,1.1308,0.4693,2024-08-27 00:00:00
714,BTCUSDT,0.5347,1.1492,0.4653,2024-08-27 00:30:00
715,BTCUSDT,0.5378,1.1636,0.4622,2024-08-27 01:00:00
716,BTCUSDT,0.5377,1.1631,0.4623,2024-08-27 01:30:00
717,BTCUSDT,0.5393,1.1706,0.4607,2024-08-27 02:00:00
718,BTCUSDT,0.5389,1.1687,0.4611,2024-08-27 02:30:00
719,BTCUSDT,0.5417,1.182,0.4583,2024-08-27 03:00:00
720,BTCUSDT,0.5465,1.2051,0.4535,2024-08-27 03:30:00
721,BTCUSDT,0.5488,1.2163,0.4512,2024-08-27 04:00:00
722,BTCUSDT,0.5492,1.2183,0.4508,2024-08-27 04:30:00
723,BTCUSDT,0.5514,1.2292,0.4486,2024-08-27 05:00:00
724,BTCUSDT,0.5547,1.2457,0.4453,2024-08-27 05:30:00
725,BTCUSDT,0.5577,1.2609,0.4423,2024-08-27 06:00:00
726,BTCUSDT,0.5567,1.2558,0.4433,2024-08-27 06:30:00
727,BTCUSDT,0.5676,1.3127,0.4324,2024-08-27 07:00:00
728,BTCUSDT,0.5728,1.3408,0.4272,2024-08-27 07:30:00
729,BTCUSDT,0.5719,1.3359,0.4281,2024-08-27 08:00:00
730,BTCUSDT,0.5711,1.3315,0.4289,2024-08-27 08:30:00
731,BTCUSDT,0.5726,1.3397,0.4274,2024-08-27 09:00:00
732,BTCUSDT,0.5704,1.3277,0.4296,2024-08-27 09:30:00
733,BTCUSDT,0.5700,1.3256,0.4300,2024-08-27 10:00:00
734,BTCUSDT,0.5745,1.3502,0.4255,2024-08-27 10:30:00
735,BTCUSDT,0.5795,1.3781,0.4205,2024-08-27 11:00:00
736,BTCUSDT,0.5869,1.4207,0.4131,2024-08-27 11:30:00
737,BTCUSDT,0.5843,1.4056,0.4157,2024-08-27 12:00:00
738,BTCUSDT,0.5887,1.4313,0.4113,2024-08-27 12:30:00
739,BTCUSDT,0.5912,1.4462,0.4088,2024-08-27 13:00:00
740,BTCUSDT,0.5941,1.4637,0.4059,2024-08-27 13:30:00
741,BTCUSDT,0.5970,1.4814,0.4030,2024-08-27 14:00:00
742,BTCUSDT,0.6159,1.6035,0.3841,2024-08-27 14:30:00
743,BTCUSDT,0.6216,1.6427,0.3784,2024-08-27 15:00:00
744,BTCUSDT,0.6301,1.7034,0.3699,2024-08-27 15:30:00
745,BTCUSDT,0.6373,1.7571,0.3627,2024-08-27 16:00:00
746,BTCUSDT,0.6445,1.8129,0.3555,2024-08-27 16:30:00
747,BTCUSDT,0.6442,1.8106,0.3558,2024-08-27 17:00:00
748,BTCUSDT,0.6496,1.8539,0.3504,2024-08-27 17:30:00
749,BTCUSDT,0.6487,1.8466,0.3513,2024-08-27 18:00:00
750,BTCUSDT,0.6528,1.8802,0.3472,2024-08-27 18:30:00
751,BTCUSDT,0.6539,1.8893,0.3461,2024-08-27 19:00:00
752,BTCUSDT,0.6559,1.9061,0.3441,2024-08-27 19:30:00
753,BTCUSDT,0.6535,1.886,0.3465,2024-08-27 20:00:00
754,BTCUSDT,0.6534,1.8852,0.3466,2024-08-27 20:30:00
755,BTCUSDT,0.6529,1.881,0.3471,2024-08-27 21:00:00
756,BTCUSDT,0.6515,1.8694,0.3485,2024-08-27 21:30:00
757,BTCUSDT,0.6610,1.9499,0.3390,2024-08-27 22:00:00
758,BTCUSDT,0.6666,1.9994,0.3334,2024-08-27 22:30:00
759,BTCUSDT,0.6751,2.0779,0.3249,2024-08-27 23:00:00
760,BTCUSDT,0.6779,2.1046,0.3221,2024-08-27 23:30:00
761,BTCUSDT,0.6760,2.0864,0.3240,2024-08-28 00:00:00
762,BTCUSDT,0.6702,2.0321,0.3298,2024-08-28 00:30:00
763,BTCUSDT,0.6753,2.0798,0.3247,2024-08-28 01:00:00
764,BTCUSDT,0.6753,2.0798,0.3247,2024-08-28 01:30:00
765,BTCUSDT,0.6778,2.1037,0.3222,2024-08-28 02:00:00
766,BTCUSDT,0.6765,2.0912,0.3235,2024-08-28 02:30:00
767,BTCUSDT,0.6778,2.1037,0.3222,2024-08-28 03:00:00
768,BTCUSDT,0.6825,2.1496,0.3175,2024-08-28 03:30:00
769,BTCUSDT,0.6877,2.202,0.3123,2024-08-28 04:00:00
770,BTCUSDT,0.6858,2.1827,0.3142,2024-08-28 04:30:00
771,BTCUSDT,0.6813,2.1377,0.3187,2024-08-28 05:00:00
772,BTCUSDT,0.6869,2.1939,0.3131,2024-08-28 05:30:00
773,BTCUSDT,0.6874,2.199,0.3126,2024-08-28 06:00:00
774,BTCUSDT,0.6848,2.1726,0.3152,2024-08-28 06:30:00
775,BTCUSDT,0.6838,2.1626,0.3162,2024-08-28 07:00:00
776,BTCUSDT,0.6830,2.1546,0.3170,2024-08-28 07:30:00
777,BTCUSDT,0.6746,2.0731,0.3254,2024-08-28 08:00:00
778,BTCUSDT,0.6882,2.2072,0.3118,2024-08-28 08:30:00
779,BTCUSDT,0.6879,2.2041,0.3121,2024-08-28 09:00:00
780,BTCUSDT,0.6891,2.2165,0.3109,2024-08-28 09:30:00
781,BTCUSDT,0.6975,2.3058,0.3025,2024-08-28 10:00:00
782,BTCUSDT,0.6871,2.1959,0.3129,2024-08-28 10:30:00
783,BTCUSDT,0.6817,2.1417,0.3183,2024-08-28 11:00:00
784,BTCUSDT,0.6852,2.1766,0.3148,2024-08-28 11:30:00
785,BTCUSDT,0.6814,2.1387,0.3186,2024-08-28 12:00:00
786,BTCUSDT,0.6837,2.1616,0.3163,2024-08-28 12:30:00
787,BTCUSDT,0.6810,2.1348,0.3190,2024-08-28 13:00:00
788,BTCUSDT,0.6758,2.0845,0.3242,2024-08-28 13:30:00
789,BTCUSDT,0.6671,2.0039,0.3329,2024-08-28 14:00:00
790,BTCUSDT,0.6751,2.0779,0.3249,2024-08-28 14:30:00
791,BTCUSDT,0.6823,2.1476,0.3177,2024-08-28 15:00:00
792,BTCUSDT,0.6916,2.2425,0.3084,2024-08-28 15:30:00
793,BTCUSDT,0.7047,2.3864,0.2953,2024-08-28 16:00:00
794,BTCUSDT,0.7051,2.391,0.2949,2024-08-28 16:30:00
795,BTCUSDT,0.7085,2.4305,0.2915,2024-08-28 17:00:00
796,BTCUSDT,0.6990,2.3223,0.3010,2024-08-28 17:30:00
797,BTCUSDT,0.6979,2.3102,0.3021,2024-08-28 18:00:00
798,BTCUSDT,0.7007,2.3411,0.2993,2024-08-28 18:30:00
799,BTCUSDT,0.7063,2.4048,0.2937,2024-08-28 19:00:00
800,BTCUSDT,0.7041,2.3795,0.2959,2024-08-28 19:30:00
801,BTCUSDT,0.7034,2.3715,0.2966,2024-08-28 20:00:00
802,BTCUSDT,0.7068,2.4106,0.2932,2024-08-28 20:30:00
803,BTCUSDT,0.7048,2.3875,0.2952,2024-08-28 21:00:00
804,BTCUSDT,0.7048,2.3875,0.2952,2024-08-28 21:30:00
805,BTCUSDT,0.7037,2.375,0.2963,2024-08-28 22:00:00
806,BTCUSDT,0.7019,2.3546,0.2981,2024-08-28 22:30:00
807,BTCUSDT,0.7052,2.3921,0.2948,2024-08-28 23:00:00
808,BTCUSDT,0.7033,2.3704,0.2967,2024-08-28 23:30:00
809,BTCUSDT,0.7045,2.3841,0.2955,2024-08-29 00:00:00
810,BTCUSDT,0.7062,2.4037,0.2938,2024-08-29 00:30:00
811,BTCUSDT,0.7048,2.3875,0.2952,2024-08-29 01:00:00
812,BTCUSDT,0.7079,2.4235,0.2921,2024-08-29 01:30:00
813,BTCUSDT,0.7069,2.4118,0.2931,2024-08-29 02:00:00
814,BTCUSDT,0.7065,2.4072,0.2935,2024-08-29 02:30:00
815,BTCUSDT,0.7043,2.3818,0.2957,2024-08-29 03:00:00
816,BTCUSDT,0.7051,2.391,0.2949,2024-08-29 03:30:00
817,BTCUSDT,0.7053,2.3933,0.2947,2024-08-29 04:00:00
818,BTCUSDT,0.7051,2.391,0.2949,2024-08-29 04:30:00
819,BTCUSDT,0.7058,2.399,0.2942,2024-08-29 05:00:00
820,BTCUSDT,0.7067,2.4095,0.2933,2024-08-29 05:30:00
821,BTCUSDT,0.7097,2.4447,0.2903,2024-08-29 06:00:00
822,BTCUSDT,0.7042,2.3807,0.2958,2024-08-29 06:30:00
823,BTCUSDT,0.7025,2.3613,0.2975,2024-08-29 07:00:00
824,BTCUSDT,0.6995,2.3278,0.3005,2024-08-29 07:30:00
825,BTCUSDT,0.7000,2.3333,0.3000,2024-08-29 08:00:00
826,BTCUSDT,0.6962,2.2916,0.3038,2024-08-29 08:30:00
827,BTCUSDT,0.6951,2.2798,0.3049,2024-08-29 09:00:00
828,BTCUSDT,0.6944,2.2723,0.3056,2024-08-29 09:30:00
829,BTCUSDT,0.6922,2.2489,0.3078,2024-08-29 10:00:00
830,BTCUSDT,0.6920,2.2468,0.3080,2024-08-29 10:30:00
831,BTCUSDT,0.6897,2.2227,0.3103,2024-08-29 11:00:00
832,BTCUSDT,0.6865,2.1898,0.3135,2024-08-29 11:30:00
833,BTCUSDT,0.6768,2.0941,0.3232,2024-08-29 12:00:00
834,BTCUSDT,0.6774,2.0998,0.3226,2024-08-29 12:30:00
835,BTCUSDT,0.6715,2.0441,0.3285,2024-08-29 13:00:00
836,BTCUSDT,0.6661,1.9949,0.3339,2024-08-29 13:30:00
837,BTCUSDT,0.6634,1.9709,0.3366,2024-08-29 14:00:00
838,BTCUSDT,0.6592,1.9343,0.3408,2024-08-29 14:30:00
839,BTCUSDT,0.6512,1.867,0.3488,2024-08-29 15:00:00
840,BTCUSDT,0.6433,1.8035,0.3567,2024-08-29 15:30:00
841,BTCUSDT,0.6331,1.7255,0.3669,2024-08-29 16:00:00
842,BTCUSDT,0.6214,1.6413,0.3786,2024-08-29 16:30:00
843,BTCUSDT,0.6174,1.6137,0.3826,2024-08-29 17:00:00
844,BTCUSDT,0.6265,1.6774,0.3735,2024-08-29 17:30:00
845,BTCUSDT,0.6298,1.7012,0.3702,2024-08-29 18:00:00
846,BTCUSDT,0.6338,1.7307,0.3662,2024-08-29 18:30:00
847,BTCUSDT,0.6434,1.8043,0.3566,2024-08-29 19:00:00
848,BTCUSDT,0.6533,1.8843,0.3467,2024-08-29 19:30:00
849,BTCUSDT,0.6524,1.8769,0.3476,2024-08-29 20:00:00
850,BTCUSDT,0.6536,1.8868,0.3464,2024-08-29 20:30:00
851,BTCUSDT,0.6558,1.9053,0.3442,2024-08-29 21:00:00
852,BTCUSDT,0.6565,1.9112,0.3435,2024-08-29 21:30:00
853,BTCUSDT,0.6571,1.9163,0.3429,2024-08-29 22:00:00
854,BTCUSDT,0.6570,1.9155,0.3430,2024-08-29 22:30:00
855,BTCUSDT,0.6597,1.9386,0.3403,2024-08-29 23:00:00
856,BTCUSDT,0.6641,1.9771,0.3359,2024-08-29 23:30:00
857,BTCUSDT,0.6680,2.012,0.3320,2024-08-30 00:00:00
858,BTCUSDT,0.6689,2.0202,0.3311,2024-08-30 00:30:00
859,BTCUSDT,0.6737,2.0647,0.3263,2024-08-30 01:00:00
860,BTCUSDT,0.6722,2.0506,0.3278,2024-08-30 01:30:00
861,BTCUSDT,0.6732,2.06,0.3268,2024-08-30 02:00:00
862,BTCUSDT,0.6748,2.075,0.3252,2024-08-30 02:30:00
863,BTCUSDT,0.6757,2.0836,0.3243,2024-08-30 03:00:00
864,BTCUSDT,0.6726,2.0544,0.3274,2024-08-30 03:30:00
865,BTCUSDT,0.6734,2.0618,0.3266,2024-08-30 04:00:00
866,BTCUSDT,0.6750,2.0769,0.3250,2024-08-30 04:30:00
867,BTCUSDT,0.6757,2.0836,0.3243,2024-08-30 05:00:00
868,BTCUSDT,0.6732,2.06,0.3268,2024-08-30 05:30:00
869,BTCUSDT,0.6762,2.0883,0.3238,2024-08-30 06:00:00
870,BTCUSDT,0.6786,2.1114,0.3214,2024-08-30 06:30:00
871,BTCUSDT,0.6853,2.1776,0.3147,2024-08-30 07:00:00
872,BTCUSDT,0.6883,2.2082,0.3117,2024-08-30 07:30:00
873,BTCUSDT,0.6812,2.1368,0.3188,2024-08-30 08:00:00
874,BTCUSDT,0.6851,2.1756,0.3149,2024-08-30 08:30:00
875,BTCUSDT,0.6825,2.1496,0.3175,2024-08-30 09:00:00
876,BTCUSDT,0.6855,2.1797,0.3145,2024-08-30 09:30:00
877,BTCUSDT,0.6858,2.1827,0.3142,2024-08-30 10:00:00
878,BTCUSDT,0.6846,2.1706,0.3154,2024-08-30 10:30:00
879,BTCUSDT,0.6805,2.1299,0.3195,2024-08-30 11:00:00
880,BTCUSDT,0.6766,2.0921,0.3234,2024-08-30 11:30:00
881,BTCUSDT,0.6698,2.0285,0.3302,2024-08-30 12:00:00
882,BTCUSDT,0.6733,2.0609,0.3267,2024-08-30 12:30:00
883,BTCUSDT,0.6816,2.1407,0.3184,2024-08-30 13:00:00
884,BTCUSDT,0.6789,2.1143,0.3211,2024-08-30 13:30:00
885,BTCUSDT,0.6747,2.0741,0.3253,2024-08-30 14:00:00
886,BTCUSDT,0.6803,2.1279,0.3197,2024-08-30 14:30:00
887,BTCUSDT,0.6823,2.1476,0.3177,2024-08-30 15:00:00
888,BTCUSDT,0.6990,2.3223,0.3010,2024-08-30 15:30:00
889,BTCUSDT,0.7068,2.4106,0.2932,2024-08-30 16:00:00
890,BTCUSDT,0.7094,2.4412,0.2906,2024-08-30 16:30:00
891,BTCUSDT,0.7123,2.4758,0.2877,2024-08-30 17:00:00
892,BTCUSDT,0.7074,2.4176,0.2926,2024-08-30 17:30:00
893,BTCUSDT,0.7108,2.4578,0.2892,2024-08-30 18:00:00
894,BTCUSDT,0.7158,2.5186,0.2842,2024-08-30 18:30:00
895,BTCUSDT,0.7080,2.4247,0.2920,2024-08-30 19:00:00
896,BTCUSDT,0.7034,2.3715,0.2966,2024-08-30 19:30:00
897,BTCUSDT,0.7009,2.3434,0.2991,2024-08-30 20:00:00
898,BTCUSDT,0.7030,2.367,0.2970,2024-08-30 20:30:00
899,BTCUSDT,0.7042,2.3807,0.2958,2024-08-30 21:00:00
900,BTCUSDT,0.7059,2.4002,0.2941,2024-08-30 21:30:00
901,BTCUSDT,0.7042,2.3807,0.2958,2024-08-30 22:00:00
902,BTCUSDT,0.7049,2.3887,0.2951,2024-08-30 22:30:00
903,BTCUSDT,0.7036,2.3738,0.2964,2024-08-30 23:00:00
904,BTCUSDT,0.7027,2.3636,0.2973,2024-08-30 23:30:00
905,BTCUSDT,0.7005,2.3389,0.2995,2024-08-31 00:00:00
906,BTCUSDT,0.6996,2.3289,0.3004,2024-08-31 00:30:00
907,BTCUSDT,0.6995,2.3278,0.3005,2024-08-31 01:00:00
908,BTCUSDT,0.6992,2.3245,0.3008,2024-08-31 01:30:00
909,BTCUSDT,0.6982,2.3135,0.3018,2024-08-31 02:00:00
910,BTCUSDT,0.6962,2.2916,0.3038,2024-08-31 02:30:00
911,BTCUSDT,0.6949,2.2776,0.3051,2024-08-31 03:00:00
912,BTCUSDT,0.6932,2.2595,0.3068,2024-08-31 03:30:00
913,BTCUSDT,0.6941,2.269,0.3059,2024-08-31 04:00:00
914,BTCUSDT,0.6940,2.268,0.3060,2024-08-31 04:30:00
915,BTCUSDT,0.6956,2.2852,0.3044,2024-08-31 05:00:00
916,BTCUSDT,0.6928,2.2552,0.3072,2024-08-31 05:30:00
917,BTCUSDT,0.6911,2.2373,0.3089,2024-08-31 06:00:00
918,BTCUSDT,0.6896,2.2216,0.3104,2024-08-31 06:30:00
919,BTCUSDT,0.6866,2.1908,0.3134,2024-08-31 07:00:00
920,BTCUSDT,0.6826,2.1506,0.3174,2024-08-31 07:30:00
921,BTCUSDT,0.6808,2.1328,0.3192,2024-08-31 08:00:00
922,BTCUSDT,0.6781,2.1066,0.3219,2024-08-31 08:30:00
923,BTCUSDT,0.6721,2.0497,0.3279,2024-08-31 09:00:00
924,BTCUSDT,0.6701,2.0312,0.3299,2024-08-31 09:30:00
925,BTCUSDT,0.6702,2.0321,0.3298,2024-08-31 10:00:00
926,BTCUSDT,0.6754,2.0807,0.3246,2024-08-31 10:30:00
927,BTCUSDT,0.6797,2.1221,0.3203,2024-08-31 11:00:00
928,BTCUSDT,0.6811,2.1358,0.3189,2024-08-31 11:30:00
929,BTCUSDT,0.6793,2.1182,0.3207,2024-08-31 12:00:00
930,BTCUSDT,0.6783,2.1085,0.3217,2024-08-31 12:30:00
931,BTCUSDT,0.6805,2.1299,0.3195,2024-08-31 13:00:00
932,BTCUSDT,0.6807,2.1319,0.3193,2024-08-31 13:30:00
933,BTCUSDT,0.6718,2.0469,0.3282,2024-08-31 14:00:00
934,BTCUSDT,0.6713,2.0423,0.3287,2024-08-31 14:30:00
935,BTCUSDT,0.6709,2.0386,0.3291,2024-08-31 15:00:00
936,BTCUSDT,0.6705,2.0349,0.3295,2024-08-31 15:30:00
937,BTCUSDT,0.6719,2.0479,0.3281,2024-08-31 16:00:00
938,BTCUSDT,0.6704,2.034,0.3296,2024-08-31 16:30:00
939,BTCUSDT,0.6701,2.0312,0.3299,2024-08-31 17:00:00
940,BTCUSDT,0.6695,2.0257,0.3305,2024-08-31 17:30:00
941,BTCUSDT,0.6707,2.0367,0.3293,2024-08-31 18:00:00
942,BTCUSDT,0.6734,2.0618,0.3266,2024-08-31 18:30:00
943,BTCUSDT,0.6727,2.0553,0.3273,2024-08-31 19:00:00
944,BTCUSDT,0.6734,2.0618,0.3266,2024-08-31 19:30:00
945,BTCUSDT,0.6743,2.0703,0.3257,2024-08-31 20:00:00
946,BTCUSDT,0.6746,2.0731,0.3254,2024-08-31 20:30:00
947,BTCUSDT,0.6761,2.0874,0.3239,2024-08-31 21:00:00
948,BTCUSDT,0.6762,2.0883,0.3238,2024-08-31 21:30:00
949,BTCUSDT,0.6762,2.0883,0.3238,2024-08-31 22:00:00
950,BTCUSDT,0.6756,2.0826,0.3244,2024-08-31 22:30:00
951,BTCUSDT,0.6747,2.0741,0.3253,2024-08-31 23:00:00
952,BTCUSDT,0.6758,2.0845,0.3242,2024-08-31 23:30:00
953,BTCUSDT,0.6765,2.0912,0.3235,2024-09-01 00:00:00
954,BTCUSDT,0.6770,2.096,0.3230,2024-09-01 00:30:00
955,BTCUSDT,0.6773,2.0989,0.3227,2024-09-01 01:00:00
956,BTCUSDT,0.6769,2.095,0.3231,2024-09-01 01:30:00
957,BTCUSDT,0.6763,2.0893,0.3237,2024-09-01 02:00:00
958,BTCUSDT,0.6751,2.0779,0.3249,2024-09-01 02:30:00
959,BTCUSDT,0.6805,2.1299,0.3195,2024-09-01 03:00:00
960,BTCUSDT,0.6839,2.1636,0.3161,2024-09-01 03:30:00
961,BTCUSDT,0.6821,2.1456,0.3179,2024-09-01 04:00:00
962,BTCUSDT,0.6829,2.1536,0.3171,2024-09-01 04:30:00
963,BTCUSDT,0.6850,2.1746,0.3150,2024-09-01 05:00:00
964,BTCUSDT,0.6983,2.3146,0.3017,2024-09-01 05:30:00
965,BTCUSDT,0.7034,2.3715,0.2966,2024-09-01 06:00:00
966,BTCUSDT,0.7086,2.4317,0.2914,2024-09-01 06:30:00
967,BTCUSDT,0.7094,2.4412,0.2906,2024-09-01 07:00:00
968,BTCUSDT,0.7050,2.3898,0.2950,2024-09-01 07:30:00
969,BTCUSDT,0.7076,2.42,0.2924,2024-09-01 08:00:00
970,BTCUSDT,0.7058,2.399,0.2942,2024-09-01 08:30:00
971,BTCUSDT,0.7046,2.3852,0.2954,2024-09-01 09:00:00
972,BTCUSDT,0.7052,2.3921,0.2948,2024-09-01 09:30:00
973,BTCUSDT,0.7064,2.406,0.2936,2024-09-01 10:00:00
974,BTCUSDT,0.7027,2.3636,0.2973,2024-09-01 10:30:00
975,BTCUSDT,0.7030,2.367,0.2970,2024-09-01 11:00:00
976,BTCUSDT,0.7061,2.4025,0.2939,2024-09-01 11:30:00
977,BTCUSDT,0.7090,2.4364,0.2910,2024-09-01 12:00:00
978,BTCUSDT,0.7041,2.3795,0.2959,2024-09-01 12:30:00
979,BTCUSDT,0.7033,2.3704,0.2967,2024-09-01 13:00:00
980,BTCUSDT,0.7026,2.3625,0.2974,2024-09-01 13:30:00
981,BTCUSDT,0.7001,2.3344,0.2999,2024-09-01 14:00:00
982,BTCUSDT,0.6969,2.2992,0.3031,2024-09-01 14:30:00
983,BTCUSDT,0.6958,2.2873,0.3042,2024-09-01 15:00:00
984,BTCUSDT,0.6958,2.2873,0.3042,2024-09-01 15:30:00
985,BTCUSDT,0.7020,2.3557,0.2980,2024-09-01 16:00:00
986,BTCUSDT,0.6992,2.3245,0.3008,2024-09-01 16:30:00
987,BTCUSDT,0.6989,2.3212,0.3011,2024-09-01 17:00:00
988,BTCUSDT,0.6981,2.3124,0.3019,2024-09-01 17:30:00
989,BTCUSDT,0.6989,2.3212,0.3011,2024-09-01 18:00:00
990,BTCUSDT,0.7069,2.4118,0.2931,2024-09-01 18:30:00
991,BTCUSDT,0.7066,2.4083,0.2934,2024-09-01 19:00:00
992,BTCUSDT,0.7050,2.3898,0.2950,2024-09-01 19:30:00
993,BTCUSDT,0.7053,2.3933,0.2947,2024-09-01 20:00:00
994,BTCUSDT,0.7061,2.4025,0.2939,2024-09-01 20:30:00
995,BTCUSDT,0.7043,2.3818,0.2957,2024-09-01 21:00:00
996,BTCUSDT,0.7041,2.3795,0.2959,2024-09-01 21:30:00
997,BTCUSDT,0.7060,2.4014,0.2940,2024-09-01 22:00:00
998,BTCUSDT,0.7062,2.4037,0.2938,2024-09-01 22:30:00
999,BTCUSDT,0.7087,2.4329,0.2913,2024-09-01 23:00:00
1000,BTCUSDT,0.6319,1.7167,0.3681,2024-08-12 12:30:00
1001,BTCUSDT,0.6299,1.702,0.3701,2024-08-12 13:00:00
1002,BTCUSDT,0.6261,1.6745,0.3739,2024-08-12 13:30:00
1003,BTCUSDT,0.6310,1.71,0.3690,2024-08-12 14:00:00
1004,BTCUSDT,0.6271,1.6817,0.3729,2024-08-12 14:30:00
1005,BTCUSDT,0.6136,1.588,0.3864,2024-08-12 15:00:00
1006,BTCUSDT,0.6081,1.5517,0.3919,2024-08-12 15:30:00
1007,BTCUSDT,0.6167,1.6089,0.3833,2024-08-12 16:00:00
1008,BTCUSDT,0.6106,1.5681,0.3894,2024-08-12 16:30:00
1009,BTCUSDT,0.6132,1.5853,0.3868,2024-08-12 17:00:00
1010,BTCUSDT,0.6157,1.6021,0.3843,2024-08-12 17:30:00
1011,BTCUSDT,0.6151,1.5981,0.3849,2024-08-12 18:00:00
1012,BTCUSDT,0.6181,1.6185,0.3819,2024-08-12 18:30:00
1013,BTCUSDT,0.6197,1.6295,0.3803,2024-08-12 19:00:00
1014,BTCUSDT,0.6276,1.6853,0.3724,2024-08-12 19:30:00
1015,BTCUSDT,0.6225,1.649,0.3775,2024-08-12 20:00:00
1016,BTCUSDT,0.6255,1.6702,0.3745,2024-08-12 20:30:00
1017,BTCUSDT,0.6275,1.6846,0.3725,2024-08-12 21:00:00
1018,BTCUSDT,0.6301,1.7034,0.3699,2024-08-12 21:30:00
1019,BTCUSDT,0.6320,1.7174,0.3680,2024-08-12 22:00:00
1020,BTCUSDT,0.6323,1.7196,0.3677,2024-08-12 22:30:00
1021,BTCUSDT,0.6326,1.7218,0.3674,2024-08-12 23:00:00
1022,BTCUSDT,0.6392,1.7716,0.3608,2024-08-12 23:30:00
1023,BTCUSDT,0.6426,1.798,0.3574,2024-08-13 00:00:00
1024,BTCUSDT,0.6458,1.8233,0.3542,2024-08-13 00:30:00
1025,BTCUSDT,0.6440,1.809,0.3560,2024-08-13 01:00:00
1026,BTCUSDT,0.6474,1.8361,0.3526,2024-08-13 01:30:00
1027,BTCUSDT,0.6450,1.8169,0.3550,2024-08-13 02:00:00
1028,BTCUSDT,0.6431,1.8019,0.3569,2024-08-13 02:30:00
1029,BTCUSDT,0.6397,1.7755,0.3603,2024-08-13 03:00:00
1030,BTCUSDT,0.6339,1.7315,0.3661,2024-08-13 03:30:00
1031,BTCUSDT,0.6363,1.7495,0.3637,2024-08-13 04:00:00
1032,BTCUSDT,0.6398,1.7762,0.3602,2024-08-13 04:30:00
1033,BTCUSDT,0.6415,1.7894,0.3585,2024-08-13 05:00:00
1034,BTCUSDT,0.6416,1.7902,0.3584,2024-08-13 05:30:00
1035,BTCUSDT,0.6407,1.7832,0.3593,2024-08-13 06:00:00
1036,BTCUSDT,0.6379,1.7617,0.3621,2024-08-13 06:30:00
1037,BTCUSDT,0.6391,1.7709,0.3609,2024-08-13 07:00:00
1038,BTCUSDT,0.6406,1.7824,0.3594,2024-08-13 07:30:00
1039,BTCUSDT,0.6410,1.7855,0.3590,2024-08-13 08:00:00
1040,BTCUSDT,0.6402,1.7793,0.3598,2024-08-13 08:30:00
1041,BTCUSDT,0.6402,1.7793,0.3598,2024-08-13 09:00:00
1042,BTCUSDT,0.6375,1.7586,0.3625,2024-08-13 09:30:00
1043,BTCUSDT,0.6380,1.7624,0.3620,2024-08-13 10:00:00
1044,BTCUSDT,0.6425,1.7972,0.3575,2024-08-13 10:30:00
1045,BTCUSDT,0.6438,1.8074,0.3562,2024-08-13 11:00:00
1046,BTCUSDT,0.6469,1.8321,0.3531,2024-08-13 11:30:00
1047,BTCUSDT,0.6468,1.8313,0.3532,2024-08-13 12:00:00
1048,BTCUSDT,0.6465,1.8289,0.3535,2024-08-13 12:30:00
1049,BTCUSDT,0.6476,1.8377,0.3524,2024-08-13 13:00:00
1050,BTCUSDT,0.6441,1.8098,0.3559,2024-08-13 13:30:00
1051,BTCUSDT,0.6403,1.7801,0.3597,2024-08-13 14:00:00
1052,BTCUSDT,0.6321,1.7181,0.3679,2024-08-13 14:30:00
1053,BTCUSDT,0.6269,1.6802,0.3731,2024-08-13 15:00:00
1054,BTCUSDT,0.6199,1.6309,0.3801,2024-08-13 15:30:00
1055,BTCUSDT,0.6195,1.6281,0.3805,2024-08-13 16:00:00
1056,BTCUSDT,0.6164,1.6069,0.3836,2024-08-13 16:30:00
1057,BTCUSDT,0.5949,1.4685,0.4051,2024-08-13 17:00:00
1058,BTCUSDT,0.5691,1.3207,0.4309,2024-08-13 17:30:00
1059,BTCUSDT,0.5590,1.2676,0.4410,2024-08-13 18:00:00
1060,BTCUSDT,0.5539,1.2416,0.4461,2024-08-13 18:30:00
1061,BTCUSDT,0.5533,1.2386,0.4467,2024-08-13 19:00:00
1062,BTCUSDT,0.5619,1.2826,0.4381,2024-08-13 19:30:00
1063,BTCUSDT,0.5674,1.3116,0.4326,2024-08-13 20:00:00
1064,BTCUSDT,0.5664,1.3063,0.4336,2024-08-13 20:30:00
1065,BTCUSDT,0.5662,1.3052,0.4338,2024-08-13 21:00:00
1066,BTCUSDT,0.5667,1.3079,0.4333,2024-08-13 21:30:00
1067,BTCUSDT,0.5690,1.3202,0.4310,2024-08-13 22:00:00
1068,BTCUSDT,0.5742,1.3485,0.4258,2024-08-13 22:30:00
1069,BTCUSDT,0.5759,1.3579,0.4241,2024-08-13 23:00:00
1070,BTCUSDT,0.5753,1.3546,0.4247,2024-08-13 23:30:00
1071,BTCUSDT,0.5762,1.3596,0.4238,2024-08-14 00:00:00
1072,BTCUSDT,0.5803,1.3827,0.4197,2024-08-14 00:30:00
1073,BTCUSDT,0.5832,1.3992,0.4168,2024-08-14 01:00:00
1074,BTCUSDT,0.5794,1.3776,0.4206,2024-08-14 01:30:00
1075,BTCUSDT,0.5793,1.377,0.4207,2024-08-14 02:00:00
1076,BTCUSDT,0.5777,1.368,0.4223,2024-08-14 02:30:00
1077,BTCUSDT,0.5778,1.3685,0.4222,2024-08-14 03:00:00
1078,BTCUSDT,0.5769,1.3635,0.4231,2024-08-14 03:30:00
1079,BTCUSDT,0.5698,1.3245,0.4302,2024-08-14 04:00:00
1080,BTCUSDT,0.5689,1.3196,0.4311,2024-08-14 04:30:00
1081,BTCUSDT,0.5664,1.3063,0.4336,2024-08-14 05:00:00
1082,BTCUSDT,0.5657,1.3026,0.4343,2024-08-14 05:30:00
1083,BTCUSDT,0.5637,1.292,0.4363,2024-08-14 06:00:00
1084,BTCUSDT,0.5709,1.3305,0.4291,2024-08-14 06:30:00
1085,BTCUSDT,0.5741,1.348,0.4259,2024-08-14 07:00:00
1086,BTCUSDT,0.5749,1.3524,0.4251,2024-08-14 07:30:00
1087,BTCUSDT,0.5791,1.3759,0.4209,2024-08-14 08:00:00
1088,BTCUSDT,0.5801,1.3815,0.4199,2024-08-14 08:30:00
1089,BTCUSDT,0.5791,1.3759,0.4209,2024-08-14 09:00:00
1090,BTCUSDT,0.5812,1.3878,0.4188,2024-08-14 09:30:00
1091,BTCUSDT,0.5808,1.3855,0.4192,2024-08-14 10:00:00
1092,BTCUSDT,0.5833,1.3998,0.4167,2024-08-14 10:30:00
1093,BTCUSDT,0.5774,1.3663,0.4226,2024-08-14 11:00:00
1094,BTCUSDT,0.5833,1.3998,0.4167,2024-08-14 11:30:00
1095,BTCUSDT,0.5756,1.3563,0.4244,2024-08-14 12:00:00
1096,BTCUSDT,0.5781,1.3702,0.4219,2024-08-14 12:30:00
1097,BTCUSDT,0.5796,1.3787,0.4204,2024-08-14 13:00:00
1098,BTCUSDT,0.5791,1.3759,0.4209,2024-08-14 13:30:00
1099,BTCUSDT,0.6044,1.5278,0.3956,2024-08-14 14:00:00
1100,BTCUSDT,0.6446,1.8137,0.3554,2024-08-14 14:30:00
1101,BTCUSDT,0.6544,1.8935,0.3456,2024-08-14 15:00:00
1102,BTCUSDT,0.6547,1.896,0.3453,2024-08-14 15:30:00
1103,BTCUSDT,0.6614,1.9533,0.3386,2024-08-14 16:00:00
1104,BTCUSDT,0.6664,1.9976,0.3336,2024-08-14 16:30:00
1105,BTCUSDT,0.6712,2.0414,0.3288,2024-08-14 17:00:00
1106,BTCUSDT,0.6726,2.0544,0.3274,2024-08-14 17:30:00
1107,BTCUSDT,0.6727,2.0553,0.3273,2024-08-14 18:00:00
1108,BTCUSDT,0.6729,2.0572,0.3271,2024-08-14 18:30:00
1109,BTCUSDT,0.6764,2.0902,0.3236,2024-08-14 19:00:00
1110,BTCUSDT,0.6762,2.0883,0.3238,2024-08-14 19:30:00
1111,BTCUSDT,0.6769,2.095,0.3231,2024-08-14 20:00:00
1112,BTCUSDT,0.6779,2.1046,0.3221,2024-08-14 20:30:00
1113,BTCUSDT,0.6785,2.1104,0.3215,2024-08-14 21:00:00
1114,BTCUSDT,0.6786,2.1114,0.3214,2024-08-14 21:30:00
1115,BTCUSDT,0.6791,2.1162,0.3209,2024-08-14 22:00:00
1116,BTCUSDT,0.6774,2.0998,0.3226,2024-08-14 22:30:00
1117,BTCUSDT,0.6780,2.1056,0.3220,2024-08-14 23:00:00
1118,BTCUSDT,0.6796,2.1211,0.3204,2024-08-14 23:30:00
1119,BTCUSDT,0.6800,2.125,0.3200,2024-08-15 00:00:00
1120,BTCUSDT,0.6811,2.1358,0.3189,2024-08-15 00:30:00
1121,BTCUSDT,0.6833,2.1576,0.3167,2024-08-15 01:00:00
1122,BTCUSDT,0.6843,2.1676,0.3157,2024-08-15 01:30:00
1123,BTCUSDT,0.6862,2.1867,0.3138,2024-08-15 02:00:00
1124,BTCUSDT,0.6902,2.2279,0.3098,2024-08-15 02:30:00
1125,BTCUSDT,0.6922,2.2489,0.3078,2024-08-15 03:00:00
1126,BTCUSDT,0.6929,2.2563,0.3071,2024-08-15 03:30:00
1127,BTCUSDT,0.6947,2.2755,0.3053,2024-08-15 04:00:00
1128,BTCUSDT,0.6932,2.2595,0.3068,2024-08-15 04:30:00
1129,BTCUSDT,0.6948,2.2765,0.3052,2024-08-15 05:00:00
1130,BTCUSDT,0.6961,2.2906,0.3039,2024-08-15 05:30:00
1131,BTCUSDT,0.6975,2.3058,0.3025,2024-08-15 06:00:00
1132,BTCUSDT,0.6975,2.3058,0.3025,2024-08-15 06:30:00
1133,BTCUSDT,0.6968,2.2982,0.3032,2024-08-15 07:00:00
1134,BTCUSDT,0.6961,2.2906,0.3039,2024-08-15 07:30:00
1135,BTCUSDT,0.6985,2.3167,0.3015,2024-08-15 08:00:00
1136,BTCUSDT,0.7012,2.3467,0.2988,2024-08-15 08:30:00
1137,BTCUSDT,0.7042,2.3807,0.2958,2024-08-15 09:00:00
1138,BTCUSDT,0.7031,2.3681,0.2969,2024-08-15 09:30:00
1139,BTCUSDT,0.7022,2.358,0.2978,2024-08-15 10:00:00
1140,BTCUSDT,0.6981,2.3124,0.3019,2024-08-15 10:30:00
1141,BTCUSDT,0.6950,2.2787,0.3050,2024-08-15 11:00:00
1142,BTCUSDT,0.7068,2.4106,0.2932,2024-08-15 11:30:00
1143,BTCUSDT,0.7054,2.3944,0.2946,2024-08-15 12:00:00
1144,BTCUSDT,0.7044,2.3829,0.2956,2024-08-15 12:30:00
1145,BTCUSDT,0.7021,2.3568,0.2979,2024-08-15 13:00:00
1146,BTCUSDT,0.7008,2.3422,0.2992,2024-08-15 13:30:00
1147,BTCUSDT,0.6906,2.2321,0.3094,2024-08-15 14:00:00
1148,BTCUSDT,0.6794,2.1192,0.3206,2024-08-15 14:30:00
1149,BTCUSDT,0.6732,2.06,0.3268,2024-08-15 15:00:00
1150,BTCUSDT,0.6637,1.9735,0.3363,2024-08-15 15:30:00
1151,BTCUSDT,0.6619,1.9577,0.3381,2024-08-15 16:00:00
1152,BTCUSDT,0.6573,1.918,0.3427,2024-08-15 16:30:00
1153,BTCUSDT,0.6523,1.876,0.3477,2024-08-15 17:00:00
1154,BTCUSDT,0.6437,1.8066,0.3563,2024-08-15 17:30:00
1155,BTCUSDT,0.6436,1.8058,0.3564,2024-08-15 18:00:00
1156,BTCUSDT,0.6730,2.0581,0.3270,2024-08-15 18:30:00
1157,BTCUSDT,0.6804,2.1289,0.3196,2024-08-15 19:00:00
1158,BTCUSDT,0.6779,2.1046,0.3221,2024-08-15 19:30:00
1159,BTCUSDT,0.6877,2.202,0.3123,2024-08-15 20:00:00
1160,BTCUSDT,0.6902,2.2279,0.3098,2024-08-15 20:30:00
1161,BTCUSDT,0.6932,2.2595,0.3068,2024-08-15 21:00:00
1162,BTCUSDT,0.7029,2.3659,0.2971,2024-08-15 21:30:00
1163,BTCUSDT,0.7108,2.4578,0.2892,2024-08-15 22:00:00
1164,BTCUSDT,0.7079,2.4235,0.2921,2024-08-15 22:30:00
1165,BTCUSDT,0.7078,2.4223,0.2922,2024-08-15 23:00:00
1166,BTCUSDT,0.7053,2.3933,0.2947,2024-08-15 23:30:00
1167,BTCUSDT,0.7014,2.349,0.2986,2024-08-16 00:00:00
1168,BTCUSDT,0.6968,2.2982,0.3032,2024-08-16 00:30:00
1169,BTCUSDT,0.6955,2.2841,0.3045,2024-08-16 01:00:00
1170,BTCUSDT,0.6932,2.2595,0.3068,2024-08-16 01:30:00
1171,BTCUSDT,0.6962,2.2916,0.3038,2024-08-16 02:00:00
1172,BTCUSDT,0.6996,2.3289,0.3004,2024-08-16 02:30:00
1173,BTCUSDT,0.7026,2.3625,0.2974,2024-08-16 03:00:00
1174,BTCUSDT,0.6973,2.3036,0.3027,2024-08-16 03:30:00
1175,BTCUSDT,0.6942,2.2701,0.3058,2024-08-16 04:00:00
1176,BTCUSDT,0.7003,2.3367,0.2997,2024-08-16 04:30:00
1177,BTCUSDT,0.6982,2.3135,0.3018,2024-08-16 05:00:00
1178,BTCUSDT,0.6917,2.2436,0.3083,2024-08-16 05:30:00
1179,BTCUSDT,0.6910,2.2362,0.3090,2024-08-16 06:00:00
1180,BTCUSDT,0.6868,2.1928,0.3132,2024-08-16 06:30:00
1181,BTCUSDT,0.6852,2.1766,0.3148,2024-08-16 07:00:00
1182,BTCUSDT,0.6781,2.1066,0.3219,2024-08-16 07:30:00
1183,BTCUSDT,0.6764,2.0902,0.3236,2024-08-16 08:00:00
1184,BTCUSDT,0.6682,2.0139,0.3318,2024-08-16 08:30:00
1185,BTCUSDT,0.6611,1.9507,0.3389,2024-08-16 09:00:00
1186,BTCUSDT,0.6539,1.8893,0.3461,2024-08-16 09:30:00
1187,BTCUSDT,0.6559,1.9061,0.3441,2024-08-16 10:00:00
1188,BTCUSDT,0.6491,1.8498,0.3509,2024-08-16 10:30:00
1189,BTCUSDT,0.6475,1.8369,0.3525,2024-08-16 11:00:00
1190,BTCUSDT,0.6411,1.7863,0.3589,2024-08-16 11:30:00
1191,BTCUSDT,0.6361,1.748,0.3639,2024-08-16 12:00:00
1192,BTCUSDT,0.6230,1.6525,0.3770,2024-08-16 12:30:00
1193,BTCUSDT,0.6301,1.7034,0.3699,2024-08-16 13:00:00
1194,BTCUSDT,0.6403,1.7801,0.3597,2024-08-16 13:30:00
1195,BTCUSDT,0.6440,1.809,0.3560,2024-08-16 14:00:00
1196,BTCUSDT,0.6424,1.7964,0.3576,2024-08-16 14:30:00
1197,BTCUSDT,0.6439,1.8082,0.3561,2024-08-16 15:00:00
1198,BTCUSDT,0.6446,1.8137,0.3554,2024-08-16 15:30:00
1199,BTCUSDT,0.6441,1.8098,0.3559,2024-08-16 16:00:00
1200,BTCUSDT,0.6478,1.8393,0.3522,2024-08-16 16:30:00
1201,BTCUSDT,0.6374,1.7579,0.3626,2024-08-16 17:00:00
1202,BTCUSDT,0.6308,1.7086,0.3692,2024-08-16 17:30:00
1203,BTCUSDT,0.6318,1.7159,0.3682,2024-08-16 18:00:00
1204,BTCUSDT,0.6184,1.6205,0.3816,2024-08-16 18:30:00
1205,BTCUSDT,0.6094,1.5602,0.3906,2024-08-16 19:00:00
1206,BTCUSDT,0.6033,1.5208,0.3967,2024-08-16 19:30:00
1207,BTCUSDT,0.5892,1.4343,0.4108,2024-08-16 20:00:00
1208,BTCUSDT,0.5779,1.3691,0.4221,2024-08-16 20:30:00
1209,BTCUSDT,0.5773,1.3657,0.4227,2024-08-16 21:00:00
1210,BTCUSDT,0.5771,1.3646,0.4229,2024-08-16 21:30:00
1211,BTCUSDT,0.5783,1.3714,0.4217,2024-08-16 22:00:00
1212,BTCUSDT,0.5834,1.4004,0.4166,2024-08-16 22:30:00
1213,BTCUSDT,0.5838,1.4027,0.4162,2024-08-16 23:00:00
1214,BTCUSDT,0.5866,1.419,0.4134,2024-08-16 23:30:00
1215,BTCUSDT,0.5889,1.4325,0.4111,2024-08-17 00:00:00
1216,BTCUSDT,0.5926,1.4546,0.4074,2024-08-17 00:30:00
1217,BTCUSDT,0.6019,1.5119,0.3981,2024-08-17 01:00:00
1218,BTCUSDT,0.6021,1.5132,0.3979,2024-08-17 01:30:00
1219,BTCUSDT,0.6032,1.5202,0.3968,2024-08-17 02:00:00
1220,BTCUSDT,0.6018,1.5113,0.3982,2024-08-17 02:30:00
1221,BTCUSDT,0.6019,1.5119,0.3981,2024-08-17 03:00:00
1222,BTCUSDT,0.5989,1.4931,0.4011,2024-08-17 03:30:00
1223,BTCUSDT,0.6001,1.5006,0.3999,2024-08-17 04:00:00
1224,BTCUSDT,0.6029,1.5183,0.3971,2024-08-17 04:30:00
1225,BTCUSDT,0.6039,1.5246,0.3961,2024-08-17 05:00:00
1226,BTCUSDT,0.6032,1.5202,0.3968,2024-08-17 05:30:00
1227,BTCUSDT,0.6044,1.5278,0.3956,2024-08-17 06:00:00
1228,BTCUSDT,0.6034,1.5214,0.3966,2024-08-17 06:30:00
1229,BTCUSDT,0.5997,1.4981,0.4003,2024-08-17 07:00:00
1230,BTCUSDT,0.5968,1.4802,0.4032,2024-08-17 07:30:00
1231,BTCUSDT,0.5982,1.4888,0.4018,2024-08-17 08:00:00
1232,BTCUSDT,0.5977,1.4857,0.4023,2024-08-17 08:30:00
1233,BTCUSDT,0.5988,1.4925,0.4012,2024-08-17 09:00:00
1234,BTCUSDT,0.6012,1.5075,0.3988,2024-08-17 09:30:00
1235,BTCUSDT,0.6029,1.5183,0.3971,2024-08-17 10:00:00
1236,BTCUSDT,0.5996,1.4975,0.4004,2024-08-17 10:30:00
1237,BTCUSDT,0.5993,1.4956,0.4007,2024-08-17 11:00:00
1238,BTCUSDT,0.5996,1.4975,0.4004,2024-08-17 11:30:00
1239,BTCUSDT,0.5993,1.4956,0.4007,2024-08-17 12:00:00
1240,BTCUSDT,0.6021,1.5132,0.3979,2024-08-17 12:30:00
1241,BTCUSDT,0.6046,1.5291,0.3954,2024-08-17 13:00:00
1242,BTCUSDT,0.6037,1.5233,0.3963,2024-08-17 13:30:00
1243,BTCUSDT,0.6005,1.5031,0.3995,2024-08-17 14:00:00
1244,BTCUSDT,0.5986,1.4913,0.4014,2024-08-17 14:30:00
1245,BTCUSDT,0.5994,1.4963,0.4006,2024-08-17 15:00:00
1246,BTCUSDT,0.5951,1.4697,0.4049,2024-08-17 15:30:00
1247,BTCUSDT,0.5927,1.4552,0.4073,2024-08-17 16:00:00
1248,BTCUSDT,0.5931,1.4576,0.4069,2024-08-17 16:30:00
1249,BTCUSDT,0.5922,1.4522,0.4078,2024-08-17 17:00:00
1250,BTCUSDT,0.5908,1.4438,0.4092,2024-08-17 17:30:00
1251,BTCUSDT,0.5885,1.4301,0.4115,2024-08-17 18:00:00
1252,BTCUSDT,0.5865,1.4184,0.4135,2024-08-17 18:30:00
1253,BTCUSDT,0.5844,1.4062,0.4156,2024-08-17 19:00:00
1254,BTCUSDT,0.5857,1.4137,0.4143,2024-08-17 19:30:00
1255,BTCUSDT,0.5852,1.4108,0.4148,2024-08-17 20:00:00
1256,BTCUSDT,0.5849,1.4091,0.4151,2024-08-17 20:30:00
1257,BTCUSDT,0.5850,1.4096,0.4150,2024-08-17 21:00:00
1258,BTCUSDT,0.5845,1.4067,0.4155,2024-08-17 21:30:00
1259,BTCUSDT,0.5853,1.4114,0.4147,2024-08-17 22:00:00
1260,BTCUSDT,0.5857,1.4137,0.4143,2024-08-17 22:30:00
1261,BTCUSDT,0.5864,1.4178,0.4136,2024-08-17 23:00:00
1262,BTCUSDT,0.5886,1.4307,0.4114,2024-08-17 23:30:00
1263,BTCUSDT,0.5886,1.4307,0.4114,2024-08-18 00:00:00
1264,BTCUSDT,0.5876,1.4248,0.4124,2024-08-18 00:30:00
1265,BTCUSDT,0.5851,1.4102,0.4149,2024-08-18 01:00:00
1266,BTCUSDT,0.5828,1.3969,0.4172,2024-08-18 01:30:00
1267,BTCUSDT,0.5824,1.3946,0.4176,2024-08-18 02:00:00
1268,BTCUSDT,0.5836,1.4015,0.4164,2024-08-18 02:30:00
1269,BTCUSDT,0.5944,1.4655,0.4056,2024-08-18 03:00:00
1270,BTCUSDT,0.5978,1.4863,0.4022,2024-08-18 03:30:00
1271,BTCUSDT,0.5952,1.4704,0.4048,2024-08-18 04:00:00
1272,BTCUSDT,0.6002,1.5013,0.3998,2024-08-18 04:30:00
1273,BTCUSDT,0.5985,1.4907,0.4015,2024-08-18 05:00:00
1274,BTCUSDT,0.5998,1.4988,0.4002,2024-08-18 05:30:00
1275,BTCUSDT,0.5990,1.4938,0.4010,2024-08-18 06:00:00
1276,BTCUSDT,0.6000,1.5,0.4000,2024-08-18 06:30:00
1277,BTCUSDT,0.6000,1.5,0.4000,2024-08-18 07:00:00
1278,BTCUSDT,0.5988,1.4925,0.4012,2024-08-18 07:30:00
1279,BTCUSDT,0.5981,1.4882,0.4019,2024-08-18 08:00:00
1280,BTCUSDT,0.5960,1.4752,0.4040,2024-08-18 08:30:00
1281,BTCUSDT,0.5975,1.4845,0.4025,2024-08-18 09:00:00
1282,BTCUSDT,0.5946,1.4667,0.4054,2024-08-18 09:30:00
1283,BTCUSDT,0.5910,1.445,0.4090,2024-08-18 10:00:00
1284,BTCUSDT,0.5859,1.4149,0.4141,2024-08-18 10:30:00
1285,BTCUSDT,0.5837,1.4021,0.4163,2024-08-18 11:00:00
1286,BTCUSDT,0.5842,1.405,0.4158,2024-08-18 11:30:00
1287,BTCUSDT,0.5843,1.4056,0.4157,2024-08-18 12:00:00
1288,BTCUSDT,0.5841,1.4044,0.4159,2024-08-18 12:30:00
1289,BTCUSDT,0.5820,1.3923,0.4180,2024-08-18 13:00:00
1290,BTCUSDT,0.5800,1.381,0.4200,2024-08-18 13:30:00
1291,BTCUSDT,0.5802,1.3821,0.4198,2024-08-18 14:00:00
1292,BTCUSDT,0.5840,1.4038,0.4160,2024-08-18 14:30:00
1293,BTCUSDT,0.5839,1.4033,0.4161,2024-08-18 15:00:00
1294,BTCUSDT,0.5862,1.4166,0.4138,2024-08-18 15:30:00
1295,BTCUSDT,0.5885,1.4301,0.4115,2024-08-18 16:00:00
1296,BTCUSDT,0.5878,1.426,0.4122,2024-08-18 16:30:00
1297,BTCUSDT,0.5890,1.4331,0.4110,2024-08-18 17:00:00
1298,BTCUSDT,0.5850,1.4096,0.4150,2024-08-18 17:30:00
1299,BTCUSDT,0.5879,1.4266,0.4121,2024-08-18 18:00:00
1300,BTCUSDT,0.5885,1.4301,0.4115,2024-08-18 18:30:00
1301,BTCUSDT,0.5900,1.439,0.4100,2024-08-18 19:00:00
1302,BTCUSDT,0.5900,1.439,0.4100,2024-08-18 19:30:00
1303,BTCUSDT,0.5910,1.445,0.4090,2024-08-18 20:00:00
1304,BTCUSDT,0.5921,1.4516,0.4079,2024-08-18 20:30:00
1305,BTCUSDT,0.5938,1.4618,0.4062,2024-08-18 21:00:00
1306,BTCUSDT,0.5925,1.454,0.4075,2024-08-18 21:30:00
1307,BTCUSDT,0.5938,1.4618,0.4062,2024-08-18 22:00:00
1308,BTCUSDT,0.5959,1.4746,0.4041,2024-08-18 22:30:00
1309,BTCUSDT,0.5951,1.4697,0.4049,2024-08-18 23:00:00
1310,BTCUSDT,0.5924,1.4534,0.4076,2024-08-18 23:30:00
1311,BTCUSDT,0.6026,1.5164,0.3974,2024-08-19 00:00:00
1312,BTCUSDT,0.6172,1.6123,0.3828,2024-08-19 00:30:00
1313,BTCUSDT,0.6241,1.6603,0.3759,2024-08-19 01:00:00
1314,BTCUSDT,0.6301,1.7034,0.3699,2024-08-19 01:30:00
1315,BTCUSDT,0.6357,1.745,0.3643,2024-08-19 02:00:00
1316,BTCUSDT,0.6375,1.7586,0.3625,2024-08-19 02:30:00
1317,BTCUSDT,0.6426,1.798,0.3574,2024-08-19 03:00:00
1318,BTCUSDT,0.6440,1.809,0.3560,2024-08-19 03:30:00
1319,BTCUSDT,0.6460,1.8249,0.3540,2024-08-19 04:00:00
1320,BTCUSDT,0.6435,1.805,0.3565,2024-08-19 04:30:00
1321,BTCUSDT,0.6444,1.8121,0.3556,2024-08-19 05:00:00
1322,BTCUSDT,0.6448,1.8153,0.3552,2024-08-19 05:30:00
1323,BTCUSDT,0.6462,1.8265,0.3538,2024-08-19 06:00:00
1324,BTCUSDT,0.6485,1.845,0.3515,2024-08-19 06:30:00
1325,BTCUSDT,0.6522,1.8752,0.3478,2024-08-19 07:00:00
1326,BTCUSDT,0.6520,1.8736,0.3480,2024-08-19 07:30:00
1327,BTCUSDT,0.6524,1.8769,0.3476,2024-08-19 08:00:00
1328,BTCUSDT,0.6538,1.8885,0.3462,2024-08-19 08:30:00
1329,BTCUSDT,0.6541,1.891,0.3459,2024-08-19 09:00:00
1330,BTCUSDT,0.6545,1.8944,0.3455,2024-08-19 09:30:00
1331,BTCUSDT,0.6538,1.8885,0.3462,2024-08-19 10:00:00
1332,BTCUSDT,0.6630,1.9674,0.3370,2024-08-19 10:30:00
1333,BTCUSDT,0.6621,1.9595,0.3379,2024-08-19 11:00:00
1334,BTCUSDT,0.6630,1.9674,0.3370,2024-08-19 11:30:00
1335,BTCUSDT,0.6687,2.0184,0.3313,2024-08-19 12:00:00
1336,BTCUSDT,0.6639,1.9753,0.3361,2024-08-19 12:30:00
1337,BTCUSDT,0.6636,1.9727,0.3364,2024-08-19 13:00:00
1338,BTCUSDT,0.6688,2.0193,0.3312,2024-08-19 13:30:00
1339,BTCUSDT,0.6653,1.9878,0.3347,2024-08-19 14:00:00
1340,BTCUSDT,0.6674,2.0066,0.3326,2024-08-19 14:30:00
1341,BTCUSDT,0.6692,2.023,0.3308,2024-08-19 15:00:00
1342,BTCUSDT,0.6633,1.97,0.3367,2024-08-19 15:30:00
1343,BTCUSDT,0.6609,1.949,0.3391,2024-08-19 16:00:00
1344,BTCUSDT,0.6580,1.924,0.3420,2024-08-19 16:30:00
1345,BTCUSDT,0.6586,1.9291,0.3414,2024-08-19 17:00:00
1346,BTCUSDT,0.6585,1.9283,0.3415,2024-08-19 17:30:00
1347,BTCUSDT,0.6540,1.8902,0.3460,2024-08-19 18:00:00
1348,BTCUSDT,0.6542,1.8918,0.3458,2024-08-19 18:30:00
1349,BTCUSDT,0.6512,1.867,0.3488,2024-08-19 19:00:00
1350,BTCUSDT,0.6521,1.8744,0.3479,2024-08-19 19:30:00
1351,BTCUSDT,0.6513,1.8678,0.3487,2024-08-19 20:00:00
1352,BTCUSDT,0.6502,1.8588,0.3498,2024-08-19 20:30:00
1353,BTCUSDT,0.6502,1.8588,0.3498,2024-08-19 21:00:00
1354,BTCUSDT,0.6475,1.8369,0.3525,2024-08-19 21:30:00
1355,BTCUSDT,0.6476,1.8377,0.3524,2024-08-19 22:00:00
1356,BTCUSDT,0.6466,1.8297,0.3534,2024-08-19 22:30:00
1357,BTCUSDT,0.6441,1.8098,0.3559,2024-08-19 23:00:00
1358,BTCUSDT,0.6466,1.8297,0.3534,2024-08-19 23:30:00
1359,BTCUSDT,0.6442,1.8106,0.3558,2024-08-20 00:00:00
1360,BTCUSDT,0.6283,1.6903,0.3717,2024-08-20 00:30:00
1361,BTCUSDT,0.6104,1.5667,0.3896,2024-08-20 01:00:00
1362,BTCUSDT,0.6027,1.517,0.3973,2024-08-20 01:30:00
1363,BTCUSDT,0.5936,1.4606,0.4064,2024-08-20 02:00:00
1364,BTCUSDT,0.5872,1.4225,0.4128,2024-08-20 02:30:00
1365,BTCUSDT,0.5869,1.4207,0.4131,2024-08-20 03:00:00
1366,BTCUSDT,0.5829,1.3975,0.4171,2024-08-20 03:30:00
1367,BTCUSDT,0.5811,1.3872,0.4189,2024-08-20 04:00:00
1368,BTCUSDT,0.5734,1.3441,0.4266,2024-08-20 04:30:00
1369,BTCUSDT,0.5691,1.3207,0.4309,2024-08-20 05:00:00
1370,BTCUSDT,0.5655,1.3015,0.4345,2024-08-20 05:30:00
1371,BTCUSDT,0.5586,1.2655,0.4414,2024-08-20 06:00:00
1372,BTCUSDT,0.5532,1.2381,0.4468,2024-08-20 06:30:00
1373,BTCUSDT,0.5487,1.2158,0.4513,2024-08-20 07:00:00
1374,BTCUSDT,0.5428,1.1872,0.4572,2024-08-20 07:30:00
1375,BTCUSDT,0.5431,1.1887,0.4569,2024-08-20 08:00:00
1376,BTCUSDT,0.5363,1.1566,0.4637,2024-08-20 08:30:00
1377,BTCUSDT,0.5365,1.1575,0.4635,2024-08-20 09:00:00
1378,BTCUSDT,0.5427,1.1867,0.4573,2024-08-20 09:30:00
1379,BTCUSDT,0.5403,1.1753,0.4597,2024-08-20 10:00:00
1380,BTCUSDT,0.5398,1.173,0.4602,2024-08-20 10:30:00
1381,BTCUSDT,0.5395,1.1716,0.4605,2024-08-20 11:00:00
1382,BTCUSDT,0.5343,1.1473,0.4657,2024-08-20 11:30:00
1383,BTCUSDT,0.5396,1.172,0.4604,2024-08-20 12:00:00
1384,BTCUSDT,0.5454,1.1997,0.4546,2024-08-20 12:30:00
1385,BTCUSDT,0.5443,1.1944,0.4557,2024-08-20 13:00:00
1386,BTCUSDT,0.5431,1.1887,0.4569,2024-08-20 13:30:00
1387,BTCUSDT,0.5548,1.2462,0.4452,2024-08-20 14:00:00
1388,BTCUSDT,0.5664,1.3063,0.4336,2024-08-20 14:30:00
1389,BTCUSDT,0.5934,1.4594,0.4066,2024-08-20 15:00:00
1390,BTCUSDT,0.6323,1.7196,0.3677,2024-08-20 15:30:00
1391,BTCUSDT,0.6454,1.8201,0.3546,2024-08-20 16:00:00
1392,BTCUSDT,0.6537,1.8877,0.3463,2024-08-20 16:30:00
1393,BTCUSDT,0.6582,1.9257,0.3418,2024-08-20 17:00:00
1394,BTCUSDT,0.6633,1.97,0.3367,2024-08-20 17:30:00
1395,BTCUSDT,0.6709,2.0386,0.3291,2024-08-20 18:00:00
1396,BTCUSDT,0.6741,2.0684,0.3259,2024-08-20 18:30:00
1397,BTCUSDT,0.6684,2.0157,0.3316,2024-08-20 19:00:00
1398,BTCUSDT,0.6681,2.013,0.3319,2024-08-20 19:30:00
1399,BTCUSDT,0.6706,2.0358,0.3294,2024-08-20 20:00:00
1400,BTCUSDT,0.6701,2.0312,0.3299,2024-08-20 20:30:00
1401,BTCUSDT,0.6651,1.986,0.3349,2024-08-20 21:00:00
1402,BTCUSDT,0.6625,1.963,0.3375,2024-08-20 21:30:00
1403,BTCUSDT,0.6656,1.9904,0.3344,2024-08-20 22:00:00
1404,BTCUSDT,0.6651,1.986,0.3349,2024-08-20 22:30:00
1405,BTCUSDT,0.6628,1.9656,0.3372,2024-08-20 23:00:00
1406,BTCUSDT,0.6594,1.936,0.3406,2024-08-20 23:30:00
1407,BTCUSDT,0.6582,1.9257,0.3418,2024-08-21 00:00:00
1408,BTCUSDT,0.6623,1.9612,0.3377,2024-08-21 00:30:00
1409,BTCUSDT,0.6597,1.9386,0.3403,2024-08-21 01:00:00
1410,BTCUSDT,0.6572,1.9172,0.3428,2024-08-21 01:30:00
1411,BTCUSDT,0.6598,1.9394,0.3402,2024-08-21 02:00:00
1412,BTCUSDT,0.6579,1.9231,0.3421,2024-08-21 02:30:00
1413,BTCUSDT,0.6577,1.9214,0.3423,2024-08-21 03:00:00
1414,BTCUSDT,0.6559,1.9061,0.3441,2024-08-21 03:30:00
1415,BTCUSDT,0.6539,1.8893,0.3461,2024-08-21 04:00:00
1416,BTCUSDT,0.6543,1.8927,0.3457,2024-08-21 04:30:00
1417,BTCUSDT,0.6554,1.9019,0.3446,2024-08-21 05:00:00
1418,BTCUSDT,0.6555,1.9028,0.3445,2024-08-21 05:30:00
1419,BTCUSDT,0.6540,1.8902,0.3460,2024-08-21 06:00:00
1420,BTCUSDT,0.6597,1.9386,0.3403,2024-08-21 06:30:00
1421,BTCUSDT,0.6554,1.9019,0.3446,2024-08-21 07:00:00
1422,BTCUSDT,0.6556,1.9036,0.3444,2024-08-21 07:30:00
1423,BTCUSDT,0.6554,1.9019,0.3446,2024-08-21 08:00:00
1424,BTCUSDT,0.6511,1.8662,0.3489,2024-08-21 08:30:00
1425,BTCUSDT,0.6493,1.8514,0.3507,2024-08-21 09:00:00
1426,BTCUSDT,0.6442,1.8106,0.3558,2024-08-21 09:30:00
1427,BTCUSDT,0.6474,1.8361,0.3526,2024-08-21 10:00:00
1428,BTCUSDT,0.6474,1.8361,0.3526,2024-08-21 10:30:00
1429,BTCUSDT,0.6477,1.8385,0.3523,2024-08-21 11:00:00
1430,BTCUSDT,0.6446,1.8137,0.3554,2024-08-21 11:30:00
1431,BTCUSDT,0.6446,1.8137,0.3554,2024-08-21 12:00:00
1432,BTCUSDT,0.6419,1.7925,0.3581,2024-08-21 12:30:00
1433,BTCUSDT,0.6417,1.791,0.3583,2024-08-21 13:00:00
1434,BTCUSDT,0.6410,1.7855,0.3590,2024-08-21 13:30:00
1435,BTCUSDT,0.6449,1.8161,0.3551,2024-08-21 14:00:00
1436,BTCUSDT,0.6400,1.7778,0.3600,2024-08-21 14:30:00
1437,BTCUSDT,0.6472,1.8345,0.3528,2024-08-21 15:00:00
1438,BTCUSDT,0.6462,1.8265,0.3538,2024-08-21 15:30:00
1439,BTCUSDT,0.6428,1.7996,0.3572,2024-08-21 16:00:00
1440,BTCUSDT,0.6471,1.8337,0.3529,2024-08-21 16:30:00
1441,BTCUSDT,0.6368,1.7533,0.3632,2024-08-21 17:00:00
1442,BTCUSDT,0.6347,1.7375,0.3653,2024-08-21 17:30:00
1443,BTCUSDT,0.6283,1.6903,0.3717,2024-08-21 18:00:00
1444,BTCUSDT,0.6225,1.649,0.3775,2024-08-21 18:30:00
1445,BTCUSDT,0.5996,1.4975,0.4004,2024-08-21 19:00:00
1446,BTCUSDT,0.5786,1.373,0.4214,2024-08-21 19:30:00
1447,BTCUSDT,0.5670,1.3095,0.4330,2024-08-21 20:00:00
1448,BTCUSDT,0.5468,1.2065,0.4532,2024-08-21 20:30:00
1449,BTCUSDT,0.5454,1.1997,0.4546,2024-08-21 21:00:00
1450,BTCUSDT,0.5451,1.1983,0.4549,2024-08-21 21:30:00
1451,BTCUSDT,0.5409,1.1782,0.4591,2024-08-21 22:00:00
1452,BTCUSDT,0.5393,1.1706,0.4607,2024-08-21 22:30:00
1453,BTCUSDT,0.5352,1.1515,0.4648,2024-08-21 23:00:00
1454,BTCUSDT,0.5328,1.1404,0.4672,2024-08-21 23:30:00
1455,BTCUSDT,0.5303,1.129,0.4697,2024-08-22 00:00:00
1456,BTCUSDT,0.5280,1.1186,0.4720,2024-08-22 00:30:00
1457,BTCUSDT,0.5218,1.0912,0.4782,2024-08-22 01:00:00
1458,BTCUSDT,0.5245,1.103,0.4755,2024-08-22 01:30:00
1459,BTCUSDT,0.5244,1.1026,0.4756,2024-08-22 02:00:00
1460,BTCUSDT,0.5236,1.0991,0.4764,2024-08-22 02:30:00
1461,BTCUSDT,0.5502,1.2232,0.4498,2024-08-22 03:00:00
1462,BTCUSDT,0.5558,1.2512,0.4442,2024-08-22 03:30:00
1463,BTCUSDT,0.5619,1.2826,0.4381,2024-08-22 04:00:00
1464,BTCUSDT,0.5636,1.2915,0.4364,2024-08-22 04:30:00
1465,BTCUSDT,0.5648,1.2978,0.4352,2024-08-22 05:00:00
1466,BTCUSDT,0.5599,1.2722,0.4401,2024-08-22 05:30:00
1467,BTCUSDT,0.5555,1.2497,0.4445,2024-08-22 06:00:00
1468,BTCUSDT,0.5601,1.2732,0.4399,2024-08-22 06:30:00
1469,BTCUSDT,0.5603,1.2743,0.4397,2024-08-22 07:00:00
1470,BTCUSDT,0.5599,1.2722,0.4401,2024-08-22 07:30:00
1471,BTCUSDT,0.5637,1.292,0.4363,2024-08-22 08:00:00
1472,BTCUSDT,0.5585,1.265,0.4415,2024-08-22 08:30:00
1473,BTCUSDT,0.5576,1.2604,0.4424,2024-08-22 09:00:00
1474,BTCUSDT,0.5537,1.2406,0.4463,2024-08-22 09:30:00
1475,BTCUSDT,0.5520,1.2321,0.4480,2024-08-22 10:00:00
1476,BTCUSDT,0.5540,1.2422,0.4460,2024-08-22 10:30:00
1477,BTCUSDT,0.5551,1.2477,0.4449,2024-08-22 11:00:00
1478,BTCUSDT,0.5469,1.207,0.4531,2024-08-22 11:30:00
1479,BTCUSDT,0.5462,1.2036,0.4538,2024-08-22 12:00:00
1480,BTCUSDT,0.5402,1.1749,0.4598,2024-08-22 12:30:00
1481,BTCUSDT,0.5420,1.1834,0.4580,2024-08-22 13:00:00
