time,open,high,low,close
2024-08-23 15:00:00-03:00,87391.71,88735.6,87274.17,88735.6
2024-08-23 15:30:00-03:00,88735.6,89211.71,88717.9,89211.71
2024-08-23 16:00:00-03:00,89211.71,89462.3,88902.9,88902.9
2024-08-23 16:30:00-03:00,88902.9,88966.07,88673.79,88758.03
2024-08-23 17:00:00-03:00,88758.03,89425.73,88758.03,89425.73
2024-08-23 17:30:00-03:00,89425.73,89839.59,89404.39,89839.59
2024-08-23 18:00:00-03:00,89839.59,90065.89,88008.3,88036.21
2024-08-23 18:30:00-03:00,88036.21,88186.42,87703.54,87744.32
2024-08-23 19:00:00-03:00,87744.32,87865.91,87458.19,87567.21
2024-08-23 19:30:00-03:00,87567.21,87606.04,87048.94,87116.33
2024-08-23 20:00:00-03:00,87116.33,87116.69,86911.86,86911.86
2024-08-23 20:30:00-03:00,86911.86,86911.86,86474.24,86681.74
2024-08-23 21:00:00-03:00,86681.74,86681.74,86519.76,86662.93
2024-08-23 21:30:00-03:00,86662.93,86689.48,86478.78,86519.01
2024-08-23 22:00:00-03:00,86519.01,86693.05,86499.39,86540.64
2024-08-23 22:30:00-03:00,86540.64,86573.06,86386.32,86386.32
2024-08-23 23:00:00-03:00,86386.32,86572.13,86386.32,86560.33
2024-08-23 23:30:00-03:00,86560.33,86595.19,86547.59,86547.59
2024-08-24 00:00:00-03:00,86547.59,86547.59,86426.24,86481.74
2024-08-24 00:30:00-03:00,86481.74,86483.63,86313.84,86331.05
2024-08-24 01:00:00-03:00,86331.05,86504.93,86329.59,86492.98
2024-08-24 01:30:00-03:00,86492.98,86524.37,86441.13,86524.37
2024-08-24 02:00:00-03:00,86524.37,86996.29,86514.32,86996.29
2024-08-24 02:30:00-03:00,86996.29,87188.04,86996.29,87164.91
2024-08-24 03:00:00-03:00,87164.91,87336.33,87146.2,87320.76
2024-08-24 03:30:00-03:00,87320.76,87418.04,87106.2,87196.41
2024-08-24 04:00:00-03:00,87196.41,87443.12,87196.41,87443.12
2024-08-24 04:30:00-03:00,87443.12,87855.61,87441.77,87855.61
2024-08-24 05:00:00-03:00,87855.61,87939.57,87781.47,87939.57
2024-08-24 05:30:00-03:00,87939.57,88377.89,87939.57,88377.89
2024-08-24 06:00:00-03:00,88377.89,88574.53,88377.89,88551.64
2024-08-24 06:30:00-03:00,88551.64,88752.66,88516.02,88752.66
2024-08-24 07:00:00-03:00,88752.66,88752.66,88576.23,88589.42
2024-08-24 07:30:00-03:00,88589.42,88624.84,87967.6,87967.6
2024-08-24 08:00:00-03:00,87967.6,88006.41,87890.85,87921.96
2024-08-24 08:30:00-03:00,87921.96,88018.17,87533.97,87533.97
2024-08-24 09:00:00-03:00,87533.97,87633.84,87522.17,87554.74
2024-08-24 09:30:00-03:00,87554.74,87567.21,87465.35,87553.09
2024-08-24 10:00:00-03:00,87553.09,87556.82,87349.08,87473.76
2024-08-24 10:30:00-03:00,87473.76,87716.1,87444.71,87716.1
2024-08-24 11:00:00-03:00,87716.1,87830.35,87666.21,87689.37
2024-08-24 11:30:00-03:00,87689.37,87721.17,87621.67,87664.49
2024-08-24 12:00:00-03:00,87664.49,87971.61,87606.45,87971.61
2024-08-24 12:30:00-03:00,87971.61,88389.06,87967.9,88380.75
2024-08-24 13:00:00-03:00,88380.75,88380.75,88011.72,88011.72
2024-08-24 13:30:00-03:00,88011.72,88011.72,87469.37,87544.12
2024-08-24 14:00:00-03:00,87544.12,87552.72,87377.56,87377.56
2024-08-24 14:30:00-03:00,87377.56,87450.6,87334.14,87416.28
2024-08-24 15:00:00-03:00,87416.28,87724.47,87416.28,87716.72
2024-08-24 15:30:00-03:00,87716.72,87735.41,87557.15,87590.01
2024-08-24 16:00:00-03:00,87590.01,87590.01,87556.87,87570.16
2024-08-24 16:30:00-03:00,87570.16,87602.27,87568.64,87576.01
2024-08-24 17:00:00-03:00,87576.01,87576.01,87449.12,87454.35
2024-08-24 17:30:00-03:00,87454.35,87454.35,87350.68,87350.68
2024-08-24 18:00:00-03:00,87350.68,87350.68,86813.07,86813.07
2024-08-24 18:30:00-03:00,86813.07,86820.52,86539.67,86539.67
2024-08-24 19:00:00-03:00,86539.67,86736.75,86531.2,86712.35
2024-08-24 19:30:00-03:00,86712.35,86766.13,86651.05,86766.13
2024-08-24 20:00:00-03:00,86766.13,87319.04,86766.13,87319.04
2024-08-24 20:30:00-03:00,87319.04,87334.86,87051.74,87051.74
2024-08-24 21:00:00-03:00,87051.74,87366.36,86916.82,87366.36
2024-08-24 21:30:00-03:00,87366.36,87841.83,87366.36,87803.19
2024-08-24 22:00:00-03:00,87803.19,87803.19,87558.22,87690.73
2024-08-24 22:30:00-03:00,87690.73,88053.73,87690.73,88053.73
2024-08-24 23:00:00-03:00,88053.73,88243.46,88053.73,88156.86
2024-08-24 23:30:00-03:00,88156.86,88158.76,88090.35,88094.67
2024-08-25 00:00:00-03:00,88094.67,88106.06,88059.59,88076.12
2024-08-25 00:30:00-03:00,88076.12,88076.12,87985.6,88039.41
2024-08-25 01:00:00-03:00,88039.41,88149.6,88039.41,88116.54
2024-08-25 01:30:00-03:00,88116.54,88131.09,88095.83,88105.07
2024-08-25 02:00:00-03:00,88105.07,88144.56,88072.74,88144.56
2024-08-25 02:30:00-03:00,88144.56,88238.83,88144.56,88188.11
2024-08-25 03:00:00-03:00,88188.11,88357.64,88188.11,88353.75
2024-08-25 03:30:00-03:00,88353.75,88404.98,88336.36,88386.09
2024-08-25 04:00:00-03:00,88386.09,88830.97,88386.09,88680.3
2024-08-25 04:30:00-03:00,88680.3,88767.42,88625.7,88627.6
2024-08-25 05:00:00-03:00,88627.6,88834.58,88626.28,88825.63
2024-08-25 05:30:00-03:00,88825.63,88960.36,88820.14,88933.84
2024-08-25 06:00:00-03:00,88933.84,88949.87,88837.03,88852.17
2024-08-25 06:30:00-03:00,88852.17,88955.2,88852.17,88914.76
2024-08-25 07:00:00-03:00,88914.76,88931.25,88647.89,88662.99
2024-08-25 07:30:00-03:00,88662.99,88734.44,88637.43,88716.59
2024-08-25 08:00:00-03:00,88716.59,88736.67,88593.31,88593.31
2024-08-25 08:30:00-03:00,88593.31,88593.31,88510.49,88579.37
2024-08-25 09:00:00-03:00,88579.37,88735.16,88578.92,88735.16
2024-08-25 09:30:00-03:00,88735.16,88759.17,88698.79,88759.17
2024-08-25 10:00:00-03:00,88759.17,88763.39,88407.93,88407.93
2024-08-25 10:30:00-03:00,88407.93,88407.93,88240.66,88317.17
2024-08-25 11:00:00-03:00,88317.17,88377.72,88300.67,88361.4
2024-08-25 11:30:00-03:00,88361.4,88361.4,88217.18,88271.15
2024-08-25 12:00:00-03:00,88271.15,88321.09,88228.38,88232.55
2024-08-25 12:30:00-03:00,88232.55,88284.88,88185.69,88284.88
2024-08-25 13:00:00-03:00,88284.88,88387.1,88260.55,88387.1
2024-08-25 13:30:00-03:00,88387.1,88416.26,88284.24,88350.53
2024-08-25 14:00:00-03:00,88350.53,88354.4,88301.77,88304.71
2024-08-25 14:30:00-03:00,88304.71,88343.44,88273.08,88292.61
2024-08-25 15:00:00-03:00,88292.61,88314.54,88285.68,88313.25
2024-08-25 15:30:00-03:00,88313.25,88349.17,88259.71,88260.02
2024-08-25 16:00:00-03:00,88260.02,88357.95,88260.02,88357.95
2024-08-25 16:30:00-03:00,88357.95,88438.86,88353.96,88438.86
2024-08-25 17:00:00-03:00,88438.86,88460.38,88406.53,88417.59
2024-08-25 17:30:00-03:00,88417.59,88471.35,88398.56,88442.2
2024-08-25 18:00:00-03:00,88442.2,88445.12,87966.32,88046.86
2024-08-25 18:30:00-03:00,88046.86,88233.44,88046.86,88222.65
2024-08-25 19:00:00-03:00,88222.65,88605.54,88222.65,88505.17
2024-08-25 19:30:00-03:00,88505.17,88591.35,88494.56,88571.04
2024-08-25 20:00:00-03:00,88571.04,88883.47,88063.67,88883.47
2024-08-25 20:30:00-03:00,88883.47,88883.47,87924.03,87948.77
2024-08-25 21:00:00-03:00,87948.77,87995.45,87838.04,87841.34
2024-08-25 21:30:00-03:00,87841.34,87976.49,87823.89,87885.38
2024-08-25 22:00:00-03:00,87885.38,87912.52,87705.29,87708.1
2024-08-25 22:30:00-03:00,87708.1,87919.07,87708.1,87919.07
2024-08-25 23:00:00-03:00,87919.07,88020.04,87652.83,87652.83
2024-08-25 23:30:00-03:00,87652.83,87670.8,87591.58,87617.14
2024-08-26 00:00:00-03:00,87617.14,87637.99,87518.07,87539.37
2024-08-26 00:30:00-03:00,87539.37,87541.51,87416.76,87493.24
2024-08-26 01:00:00-03:00,87493.24,87494.99,87438.32,87438.32
2024-08-26 01:30:00-03:00,87438.32,87447.79,87394.06,87419.09
2024-08-26 02:00:00-03:00,87419.09,87538.04,87412.11,87538.04
2024-08-26 02:30:00-03:00,87538.04,87613.04,87538.04,87613.04
2024-08-26 03:00:00-03:00,87613.04,87656.24,87590.82,87623.51
2024-08-26 03:30:00-03:00,87623.51,87659.53,87230.57,87313.66
2024-08-26 04:00:00-03:00,87313.66,87339.65,87096.93,87116.7
2024-08-26 04:30:00-03:00,87116.7,87220.7,87108.53,87129.38
2024-08-26 05:00:00-03:00,87129.38,87188.66,87129.38,87171.73
2024-08-26 05:30:00-03:00,87171.73,87180.53,87109.76,87123.94
2024-08-26 06:00:00-03:00,87123.94,87210.33,87064.77,87210.25
2024-08-26 06:30:00-03:00,87210.25,87210.25,86382.32,86382.32
2024-08-26 07:00:00-03:00,86382.32,86544.66,86269.79,86523.51
2024-08-26 07:30:00-03:00,86523.51,86825.41,86451.83,86593.13
2024-08-26 08:00:00-03:00,86593.13,86593.13,86016.66,86035.29
2024-08-26 08:30:00-03:00,86035.29,86104.67,86028.4,86086.4
2024-08-26 09:00:00-03:00,86086.4,86097.21,86008.56,86015.84
2024-08-26 09:30:00-03:00,86015.84,86071.13,85733.66,85786.89
2024-08-26 10:00:00-03:00,85786.89,85868.46,85786.89,85856.99
2024-08-26 10:30:00-03:00,85856.99,86050.09,85768.06,85960.91
2024-08-26 11:00:00-03:00,85960.91,86073.59,85737.5,85739.4
2024-08-26 11:30:00-03:00,85739.4,86024.83,85516.87,85933.63
2024-08-26 12:00:00-03:00,85933.63,85964.57,85872.36,85927.2
2024-08-26 12:30:00-03:00,85927.2,86162.57,85927.2,86162.57
2024-08-26 13:00:00-03:00,86162.57,86189.33,85983.32,86057.8
2024-08-26 13:30:00-03:00,86057.8,86136.71,85827.86,86041.37
2024-08-26 14:00:00-03:00,86041.37,86237.25,86039.97,86183.54
2024-08-26 14:30:00-03:00,86183.54,86226.28,85753.82,85916.65
2024-08-26 15:00:00-03:00,85916.65,86205.35,85903.18,86149.77
2024-08-26 15:30:00-03:00,86149.77,86269.6,86064.6,86138.33
2024-08-26 16:00:00-03:00,86138.33,86176.44,86093.4,86093.4
2024-08-26 16:30:00-03:00,86093.4,86120.06,85903.76,85903.76
2024-08-26 17:00:00-03:00,85903.76,85948.02,85793.36,85948.02
2024-08-26 17:30:00-03:00,85948.02,85971.36,85881.12,85882.87
2024-08-26 18:00:00-03:00,85882.87,85919.47,84952.84,85012.96
2024-08-26 18:30:00-03:00,85012.96,85180.7,84793.19,84793.19
2024-08-26 19:00:00-03:00,84793.19,84817.02,84704.05,84709.93
2024-08-26 19:30:00-03:00,84709.93,84718.87,84376.68,84398.64
2024-08-26 20:00:00-03:00,84398.64,84466.74,84337.13,84405.66
2024-08-26 20:30:00-03:00,84405.66,84500.55,84285.87,84294.9
2024-08-26 21:00:00-03:00,84294.9,84536.73,84294.9,84468.75
2024-08-26 21:30:00-03:00,84468.75,84605.1,84298.5,84331.24
2024-08-26 22:00:00-03:00,84331.24,85513.76,84331.24,85178.34
2024-08-26 22:30:00-03:00,85178.34,85178.34,84910.54,85115.63
2024-08-26 23:00:00-03:00,85115.63,85115.63,84961.96,84961.96
2024-08-26 23:30:00-03:00,84961.96,84978.42,84905.24,84905.24
2024-08-27 00:00:00-03:00,84905.24,84934.58,84593.79,84617.46
2024-08-27 00:30:00-03:00,84617.46,84617.46,84390.21,84449.84
2024-08-27 01:00:00-03:00,84449.84,84626.87,84449.84,84609.35
2024-08-27 01:30:00-03:00,84609.35,84815.8,84599.1,84786.75
2024-08-27 02:00:00-03:00,84786.75,85020.34,84786.75,85001.51
2024-08-27 02:30:00-03:00,85001.51,85049.02,84624.85,84637.82
2024-08-27 03:00:00-03:00,84637.82,84710.75,84599.82,84684.72
2024-08-27 03:30:00-03:00,84684.72,84688.24,84466.04,84622.6
2024-08-27 04:00:00-03:00,84622.6,84707.53,84562.92,84569.01
2024-08-27 04:30:00-03:00,84569.01,84577.06,84472.08,84543.39
2024-08-27 05:00:00-03:00,84543.39,84543.39,84384.09,84486.5
2024-08-27 05:30:00-03:00,84486.5,84549.75,84486.5,84549.14
2024-08-27 06:00:00-03:00,84549.14,84586.76,84508.07,84570.03
2024-08-27 06:30:00-03:00,84570.03,84949.81,84570.03,84912.35
2024-08-27 07:00:00-03:00,84912.35,85421.82,84912.35,85400.56
2024-08-27 07:30:00-03:00,85400.56,85592.39,85118.49,85303.93
2024-08-27 08:00:00-03:00,85303.93,85351.53,85230.12,85230.12
2024-08-27 08:30:00-03:00,85230.12,85269.42,85198.71,85217.26
2024-08-27 09:00:00-03:00,85217.26,85388.35,85217.26,85379.56
2024-08-27 09:30:00-03:00,85379.56,85634.55,85226.19,85634.55
2024-08-27 10:00:00-03:00,85634.55,86172.12,85634.55,86038.52
2024-08-27 10:30:00-03:00,86038.52,86038.52,85406.51,85424.27
2024-08-27 11:00:00-03:00,85424.27,86310.93,84954.56,86035.69
2024-08-27 11:30:00-03:00,86035.69,86052.77,85933.09,85933.09
2024-08-27 12:00:00-03:00,85933.09,86470.2,85679.99,86470.2
2024-08-27 12:30:00-03:00,86470.2,86858.17,86161.19,86848.45
2024-08-27 13:00:00-03:00,86848.45,87476.27,86848.45,87368.19
2024-08-27 13:30:00-03:00,87368.19,87368.19,87180.99,87237.69
2024-08-27 14:00:00-03:00,87237.69,87349.33,87230.31,87244.79
2024-08-27 14:30:00-03:00,87244.79,87347.04,87229,87321.43
2024-08-27 15:00:00-03:00,87321.43,87391.72,87057.15,87057.15
2024-08-27 15:30:00-03:00,87057.15,87060.31,86989.48,87045.33
2024-08-27 16:00:00-03:00,87045.33,87086.85,86896.96,86931.64
2024-08-27 16:30:00-03:00,86931.64,86948.52,86710.21,86752.58
2024-08-27 17:00:00-03:00,86752.58,86841.02,86675.78,86675.78
2024-08-27 17:30:00-03:00,86675.78,86675.78,86476.42,86476.42
2024-08-27 18:00:00-03:00,86476.42,86476.42,85302.21,85307.16
2024-08-27 18:30:00-03:00,85307.16,85307.16,82578.59,82616.85
2024-08-27 19:00:00-03:00,82616.85,82824.43,80179.76,80705.35
2024-08-27 19:30:00-03:00,80705.35,80871.13,80275.82,80861.13
2024-08-27 20:00:00-03:00,80861.13,81569.8,80539.66,81543.44
2024-08-27 20:30:00-03:00,81543.44,81680.06,81369.67,81453.79
2024-08-27 21:00:00-03:00,81453.79,81941.88,81453.79,81810.43
2024-08-27 21:30:00-03:00,81810.43,81906.06,81558.5,81707.69
2024-08-27 22:00:00-03:00,81707.69,81988.19,81651.42,81988.19
2024-08-27 22:30:00-03:00,81988.19,82251.44,81988.19,82013.43
2024-08-27 23:00:00-03:00,82013.43,82139.83,81988.31,82139.83
2024-08-27 23:30:00-03:00,82139.83,82316.84,82079.19,82316.84
2024-08-28 00:00:00-03:00,82316.84,82501.09,82316.84,82487.98
2024-08-28 00:30:00-03:00,82487.98,82533.53,82466.95,82533.53
2024-08-28 01:00:00-03:00,82533.53,82627.92,82525.67,82603.9
2024-08-28 01:30:00-03:00,82603.9,82631.22,82511.97,82552.14
2024-08-28 02:00:00-03:00,82552.14,82571.09,82422.31,82477.55
2024-08-28 02:30:00-03:00,82477.55,82529.97,82382.58,82427.72
2024-08-28 03:00:00-03:00,82427.72,82491.77,82346.54,82353.38
2024-08-28 03:30:00-03:00,82353.38,82475.27,82351.45,82376.4
2024-08-28 04:00:00-03:00,82376.4,82386.93,81949,81949
2024-08-28 04:30:00-03:00,81949,82014.48,81883.03,82014.48
2024-08-28 05:00:00-03:00,82014.48,82105.43,81809.95,81809.95
2024-08-28 05:30:00-03:00,81809.95,81839.71,81704.06,81839.71
2024-08-28 06:00:00-03:00,81839.71,81929.18,81770.49,81789.58
2024-08-28 06:30:00-03:00,81789.58,81950.94,80680.05,80680.05
2024-08-28 07:00:00-03:00,80680.05,80680.05,80355.35,80581.81
2024-08-28 07:30:00-03:00,80581.81,80704.72,80540.3,80687.88
2024-08-28 08:00:00-03:00,80687.88,80978.45,80538.51,80978.45
2024-08-28 08:30:00-03:00,80978.45,81205.12,80978.45,81190.69
2024-08-28 09:00:00-03:00,81190.69,81349.83,81174.9,81174.9
2024-08-28 09:30:00-03:00,81174.9,81329.85,81071.73,81329.85
2024-08-28 10:00:00-03:00,81329.85,81419.09,81230.56,81419.09
2024-08-28 10:30:00-03:00,81419.09,82045.44,81419.09,81729.99
2024-08-28 11:00:00-03:00,81729.99,81744.91,81528.49,81686.27
2024-08-28 11:30:00-03:00,81686.27,82212.32,81677.47,81872.66
2024-08-28 12:00:00-03:00,81872.66,82001.79,80970.83,81018.11
2024-08-28 12:30:00-03:00,81018.11,81088.07,80588.51,80588.51
2024-08-28 13:00:00-03:00,80588.51,80915.48,80502.27,80531
2024-08-28 13:30:00-03:00,80531,80640.58,79764.61,79764.88
2024-08-28 14:00:00-03:00,79764.88,79777.59,79494.37,79777.59
2024-08-28 14:30:00-03:00,79777.59,79812.82,79729.71,79741.85
2024-08-28 15:00:00-03:00,79741.85,79888.43,79741.85,79792.6
2024-08-28 15:30:00-03:00,79792.6,79837.88,78924.26,79088.58
2024-08-28 16:00:00-03:00,79088.58,79337.63,79023.11,79311.91
2024-08-28 16:30:00-03:00,79311.91,79311.91,79011.09,79011.09
2024-08-28 17:00:00-03:00,79011.09,79432.32,78957.83,79081.43
2024-08-28 17:30:00-03:00,79081.43,79151.71,78756.13,78756.13
2024-08-28 18:00:00-03:00,78756.13,78950.21,78728.42,78728.42
2024-08-28 18:30:00-03:00,78728.42,78788.32,78680.84,78725.94
2024-08-28 19:00:00-03:00,78725.94,79233.96,78725.94,79222.58
2024-08-28 19:30:00-03:00,79222.58,79280.1,79103.11,79280.1
2024-08-28 20:00:00-03:00,79280.1,79280.1,79158.87,79167.77
2024-08-28 20:30:00-03:00,79167.77,79167.77,79110.26,79137.69
2024-08-28 21:00:00-03:00,79137.69,79203.11,79115.22,79140.18
2024-08-28 21:30:00-03:00,79140.18,79277.38,79140.18,79223.7
2024-08-28 22:00:00-03:00,79223.7,79334.82,79193.89,79210.05
2024-08-28 22:30:00-03:00,79210.05,79342.54,79210.05,79341.8
2024-08-28 23:00:00-03:00,79341.8,79398.73,79340.15,79398.73
2024-08-28 23:30:00-03:00,79398.73,79530.4,79397.07,79530.4
2024-08-29 00:00:00-03:00,79530.4,79589.97,79457.61,79468.02
2024-08-29 00:30:00-03:00,79468.02,79690.43,79468.02,79690.43
2024-08-29 01:00:00-03:00,79690.43,79786.89,79651.15,79786.89
2024-08-29 01:30:00-03:00,79786.89,79996.05,79785.51,79996.05
2024-08-29 02:00:00-03:00,79996.05,80207.14,79915.71,80207.14
2024-08-29 02:30:00-03:00,80207.14,80408.91,80207.14,80408.91
2024-08-29 03:00:00-03:00,80408.91,80443.91,80237.24,80274.75
2024-08-29 03:30:00-03:00,80274.75,80508.56,80274.75,80508.56
2024-08-29 04:00:00-03:00,80508.56,80624.67,80498.84,80616.48
2024-08-29 04:30:00-03:00,80616.48,80629.7,80602.97,80618.9
2024-08-29 05:00:00-03:00,80618.9,80666.06,80581.09,80637.6
2024-08-29 05:30:00-03:00,80637.6,80865.34,80637.6,80858.78
2024-08-29 06:00:00-03:00,80858.78,81054.79,80858.78,81031.41
2024-08-29 06:30:00-03:00,81031.41,81135.98,81031.41,81070.61
2024-08-29 07:00:00-03:00,81070.61,81404.8,81063.6,81404.8
2024-08-29 07:30:00-03:00,81404.8,81429.93,81287.71,81382.2
2024-08-29 08:00:00-03:00,81382.2,82019.54,81381.1,82019.54
2024-08-29 08:30:00-03:00,82019.54,82830,82019.31,82561.83
2024-08-29 09:00:00-03:00,82561.83,82634.9,82494.03,82563.89
2024-08-29 09:30:00-03:00,82563.89,83157.65,82563.89,83151.21
2024-08-29 10:00:00-03:00,83151.21,83357.15,83138.17,83138.17
2024-08-29 10:30:00-03:00,83138.17,83626.58,83088.47,83626.58
2024-08-29 11:00:00-03:00,83626.58,83793.18,83210.11,83265.17
2024-08-29 11:30:00-03:00,83265.17,83592.82,83232.86,83575.68
2024-08-29 12:00:00-03:00,83575.68,84304.77,83571.08,84304.03
2024-08-29 12:30:00-03:00,84304.03,84458.66,84192.92,84300.3
2024-08-29 13:00:00-03:00,84300.3,84470.28,84253.44,84253.44
2024-08-29 13:30:00-03:00,84253.44,84257.63,83417.37,83494.62
2024-08-29 14:00:00-03:00,83494.62,83536.14,83391.88,83496.52
2024-08-29 14:30:00-03:00,83496.52,83537.37,83440.56,83442.49
2024-08-29 15:00:00-03:00,83442.49,83556.18,82550.61,82550.61
2024-08-29 15:30:00-03:00,82550.61,82992.67,82489.01,82625.17
2024-08-29 16:00:00-03:00,82625.17,82755.94,82307.07,82380.43
2024-08-29 16:30:00-03:00,82380.43,82388.93,82038.1,82110.43
2024-08-29 17:00:00-03:00,82110.43,82111.5,81982.32,81991.02
2024-08-29 17:30:00-03:00,81991.02,81991.23,81877.55,81877.55
2024-08-29 18:00:00-03:00,81877.55,81881.11,81664.44,81679.58
2024-08-29 18:30:00-03:00,81679.58,81766.39,81667.39,81766.39
2024-08-29 19:00:00-03:00,81766.39,81836.37,81331.96,81410.2
2024-08-29 19:30:00-03:00,81410.2,81476.14,81355.35,81381.74
2024-08-29 20:00:00-03:00,81381.74,81388.52,81347.8,81378.62
2024-08-29 20:30:00-03:00,81378.62,81439.37,81352.51,81439.37
2024-08-29 21:00:00-03:00,81439.37,81453.52,81411.3,81422.82
2024-08-29 21:30:00-03:00,81422.82,81524.25,81326.05,81344.2
2024-08-29 22:00:00-03:00,81344.2,81480.44,81258.49,81288.73
2024-08-29 22:30:00-03:00,81288.73,81288.73,81198.03,81234.15
2024-08-29 23:00:00-03:00,81234.15,81418.74,81228.28,81417.48
2024-08-29 23:30:00-03:00,81417.48,81468.57,81387.1,81467.25
2024-08-30 00:00:00-03:00,81467.25,81756.67,81467.25,81735.31
2024-08-30 00:30:00-03:00,81735.31,81794.17,81735.31,81752.27
2024-08-30 01:00:00-03:00,81752.27,81827.89,81752.27,81795.32
2024-08-30 01:30:00-03:00,81795.32,81953.6,81770.17,81953.6
2024-08-30 02:00:00-03:00,81953.6,82005.84,81831.33,81960.28
2024-08-30 02:30:00-03:00,81960.28,81976.07,81931.65,81950.33
2024-08-30 03:00:00-03:00,81950.33,82169.63,81950.33,82147.59
2024-08-30 03:30:00-03:00,82147.59,82155.02,81370.89,81383.87
2024-08-30 04:00:00-03:00,81383.87,81759.13,81383.87,81581.17
2024-08-30 04:30:00-03:00,81581.17,81642.98,81248.33,81366.92
2024-08-30 05:00:00-03:00,81366.92,81462.84,81334.46,81459.64
2024-08-30 05:30:00-03:00,81459.64,81511.86,81323.03,81494.66
2024-08-30 06:00:00-03:00,81494.66,81616.4,81434.42,81434.42
2024-08-30 06:30:00-03:00,81434.42,81559.58,81382.12,81494.02
2024-08-30 07:00:00-03:00,81494.02,81721.8,81468.52,81721.8
2024-08-30 07:30:00-03:00,81721.8,81783.76,81686.66,81754.95
2024-08-30 08:00:00-03:00,81754.95,81824.78,81690.22,81730.8
2024-08-30 08:30:00-03:00,81730.8,81764.16,81638.94,81755.47
2024-08-30 09:00:00-03:00,81755.47,81769.14,81465.54,81465.54
2024-08-30 09:30:00-03:00,81465.54,81499.11,81012.23,81381.65
2024-08-30 10:00:00-03:00,81381.65,81869.24,81381.65,81869.24
2024-08-30 10:30:00-03:00,81869.24,81904.35,80862.14,80965.58
2024-08-30 11:00:00-03:00,80965.58,81311.13,80965.58,81257.53
2024-08-30 11:30:00-03:00,81257.53,81722.08,81257.53,81715.28
2024-08-30 12:00:00-03:00,81715.28,82710.45,81251.64,82710.45
2024-08-30 12:30:00-03:00,82710.45,83218.66,82637.86,83218.66
2024-08-30 13:00:00-03:00,83218.66,83366.57,82873.06,82873.06
2024-08-30 13:30:00-03:00,82873.06,82976.4,82396.43,82442.99
2024-08-30 14:00:00-03:00,82442.99,82605.67,82243.39,82602.09
2024-08-30 14:30:00-03:00,82602.09,82602.09,81837.46,81837.46
2024-08-30 15:00:00-03:00,81837.46,81900.15,81164.67,81261.01
2024-08-30 15:30:00-03:00,81261.01,81261.01,80807.31,80817.63
2024-08-30 16:00:00-03:00,80817.63,80881.41,80575.84,80699.14
2024-08-30 16:30:00-03:00,80699.14,80706.38,80461.74,80534.08
2024-08-30 17:00:00-03:00,80534.08,80611.01,80534.08,80554.63
2024-08-30 17:30:00-03:00,80554.63,80635.77,80315.61,80315.61
2024-08-30 18:00:00-03:00,80315.61,80351.55,80169.34,80237.53
2024-08-30 18:30:00-03:00,80237.53,80272.8,80163.12,80272.8
2024-08-30 19:00:00-03:00,80272.8,80272.8,79951.97,79965.16
2024-08-30 19:30:00-03:00,79965.16,80002.69,79812.02,79871.14
2024-08-30 20:00:00-03:00,79871.14,79897.53,79862.01,79885.87
2024-08-30 20:30:00-03:00,79885.87,79897.1,79854.64,79856.02
2024-08-30 21:00:00-03:00,79856.02,80333.84,79856.02,80333.84
2024-08-30 21:30:00-03:00,80333.84,80493.02,80297.81,80469.1
2024-08-30 22:00:00-03:00,80469.1,80549.49,80469.1,80510.34
2024-08-30 22:30:00-03:00,80510.34,80517.93,80484.67,80514.84
2024-08-30 23:00:00-03:00,80514.84,80586.15,80498.37,80539.15
2024-08-30 23:30:00-03:00,80539.15,80596.03,80539.15,80590.66
2024-08-31 00:00:00-03:00,80590.66,80693.91,80590.28,80664.25
2024-08-31 00:30:00-03:00,80664.25,80704.24,80657.51,80686.99
2024-08-31 01:00:00-03:00,80686.99,80752.12,80670.42,80738.13
2024-08-31 01:30:00-03:00,80738.13,80796.02,80738.13,80796.02
2024-08-31 02:00:00-03:00,80796.02,80796.02,80676.71,80734.94
2024-08-31 02:30:00-03:00,80734.94,80747.12,80680.01,80680.01
2024-08-31 03:00:00-03:00,80680.01,80680.99,80605.73,80605.73
2024-08-31 03:30:00-03:00,80605.73,80695.16,80605.73,80695.16
2024-08-31 04:00:00-03:00,80695.16,80715.6,80626.17,80657.64
2024-08-31 04:30:00-03:00,80657.64,80675.9,80592.49,80643.43
2024-08-31 05:00:00-03:00,80643.43,80831.07,80643.43,80829.14
2024-08-31 05:30:00-03:00,80829.14,80831.75,80747.63,80801.87
2024-08-31 06:00:00-03:00,80801.87,80801.87,80671.19,80732.9
2024-08-31 06:30:00-03:00,80732.9,80835.17,80705.21,80835.17
2024-08-31 07:00:00-03:00,80835.17,80847.65,80767.31,80784.87
2024-08-31 07:30:00-03:00,80784.87,80817.21,80634.27,80634.27
2024-08-31 08:00:00-03:00,80634.27,80710.33,80634.27,80688.9
2024-08-31 08:30:00-03:00,80688.9,80744.01,80685.89,80744.01
2024-08-31 09:00:00-03:00,80744.01,80855.77,80744.01,80822.63
2024-08-31 09:30:00-03:00,80822.63,80851.71,80781.25,80797.19
2024-08-31 10:00:00-03:00,80797.19,80896.64,80797.19,80896.64
2024-08-31 10:30:00-03:00,80896.64,81107.75,80889.87,81107.75
2024-08-31 11:00:00-03:00,81107.75,81107.75,81070.9,81092.56
2024-08-31 11:30:00-03:00,81092.56,81111.26,81028.46,81037.46
2024-08-31 12:00:00-03:00,81037.46,81191.96,81037.46,81179.59
2024-08-31 12:30:00-03:00,81179.59,81272.81,81179.59,81264.95
2024-08-31 13:00:00-03:00,81264.95,81351.35,81256.9,81351.35
2024-08-31 13:30:00-03:00,81351.35,81356.5,81270.81,81329.25
2024-08-31 14:00:00-03:00,81329.25,81332.4,81278.2,81286.52
2024-08-31 14:30:00-03:00,81286.52,81314.91,80985.89,80985.89
2024-08-31 15:00:00-03:00,80985.89,81020.08,80929.85,80969.07
2024-08-31 15:30:00-03:00,80969.07,81067.48,80951.07,81031.42
2024-08-31 16:00:00-03:00,81031.42,81053.49,81024.62,81039.35
2024-08-31 16:30:00-03:00,81039.35,81048.15,81009.51,81048.15
2024-08-31 17:00:00-03:00,81048.15,81072.26,80991.66,80991.66
2024-08-31 17:30:00-03:00,80991.66,81027.83,80903.56,80924.05
2024-08-31 18:00:00-03:00,80924.05,80941.68,80846.27,80850.37
2024-08-31 18:30:00-03:00,80850.37,80893.49,80798.33,80811.61
2024-08-31 19:00:00-03:00,80811.61,80965.79,80811.61,80961.69
2024-08-31 19:30:00-03:00,80961.69,81021.62,80961.12,81002.48
2024-08-31 20:00:00-03:00,81002.48,81011.08,80928.47,81002.32
2024-08-31 20:30:00-03:00,81002.32,81038.15,80996.06,80996.06
2024-08-31 21:00:00-03:00,80996.06,80996.06,80882,80895.15
2024-08-31 21:30:00-03:00,80895.15,80933.51,80889.95,80931.52
2024-08-31 22:00:00-03:00,80931.52,80939.73,80900.62,80905.39
2024-08-31 22:30:00-03:00,80905.39,80948.92,80899.29,80904.83
2024-08-31 23:00:00-03:00,80904.83,80995.23,80870.89,80903.14
2024-08-31 23:30:00-03:00,80903.14,81270.03,80903.14,81209.67
2024-09-01 00:00:00-03:00,81209.67,81426.23,81007.13,81029.87
2024-09-01 00:30:00-03:00,81029.87,81093.26,81022.94,81091.53
2024-09-01 01:00:00-03:00,81091.53,81165.42,81081.42,81157.04
2024-09-01 01:30:00-03:00,81157.04,81598,81096.31,81597.14
2024-09-01 02:00:00-03:00,81597.14,81970.07,81025.8,81054.84
2024-09-01 02:30:00-03:00,81054.84,82602.1,81054.84,82602.1
2024-09-01 03:00:00-03:00,82602.1,82838.75,82602.1,82838.75
2024-09-01 03:30:00-03:00,82838.75,82859.19,82801.17,82856.56
2024-09-01 04:00:00-03:00,82856.56,83082.72,82856.56,83082.72
2024-09-01 04:30:00-03:00,83082.72,83086.98,82668.25,82854.76
2024-09-01 05:00:00-03:00,82854.76,82978.53,82811.7,82875.52
2024-09-01 05:30:00-03:00,82875.52,82963.82,82875.52,82924.78
2024-09-01 06:00:00-03:00,82924.78,83062.22,82924.78,83062.22
2024-09-01 06:30:00-03:00,83062.22,83080,83009.83,83071.35
2024-09-01 07:00:00-03:00,83071.35,83139.9,82951.38,83122.53
2024-09-01 07:30:00-03:00,83122.53,83231.39,83122.53,83147
2024-09-01 08:00:00-03:00,83147,83301.9,83147,83256.75
2024-09-01 08:30:00-03:00,83256.75,83258.76,82311.99,82311.99
2024-09-01 09:00:00-03:00,82311.99,82808.53,82311.99,82808.53
2024-09-01 09:30:00-03:00,82808.53,83011.85,82795.96,83011.85
2024-09-01 10:00:00-03:00,83011.85,83078.88,82955.69,83078.88
2024-09-01 10:30:00-03:00,83078.88,83434.72,82842.88,82846.96
2024-09-01 11:00:00-03:00,82846.96,83902.43,82846.96,83731.42
2024-09-01 11:30:00-03:00,83731.42,83731.42,82980.47,83010.12
2024-09-01 12:00:00-03:00,83010.12,83086.06,83010.12,83085.64
2024-09-01 12:30:00-03:00,83085.64,83240.62,82787.03,83231.31
2024-09-01 13:00:00-03:00,83231.31,83418.21,83186.8,83395.67
2024-09-01 13:30:00-03:00,83395.67,83651.21,83368.57,83580.19
2024-09-01 14:00:00-03:00,83580.19,83617.29,83469.13,83540.85
2024-09-01 14:30:00-03:00,83540.85,83626.52,83540.85,83591.59
2024-09-01 15:00:00-03:00,83591.59,83750.1,82857.75,82857.75
2024-09-01 15:30:00-03:00,82857.75,82857.75,82634.5,82634.5
2024-09-01 16:00:00-03:00,82634.5,82697.88,82577.23,82689.07
2024-09-01 16:30:00-03:00,82689.07,82689.07,82512.22,82512.22
2024-09-01 17:00:00-03:00,82512.22,82544.9,82505.91,82527.93
2024-09-01 17:30:00-03:00,82527.93,82678.63,82520.28,82644.69
2024-09-01 18:00:00-03:00,82644.69,82644.69,82494.99,82510.89
2024-09-01 18:30:00-03:00,82510.89,82584.79,82490.24,82541.97
2024-09-01 19:00:00-03:00,82541.97,82712.4,82187.07,82416.13
2024-09-01 19:30:00-03:00,82416.13,82416.13,81927.66,82190.43
2024-09-01 20:00:00-03:00,82190.43,82274.98,81829.65,81829.65
2024-09-01 20:30:00-03:00,81829.65,82150.91,81696.16,82150.91
2024-09-01 21:00:00-03:00,82150.91,82229.96,81851.14,81851.14
2024-09-01 21:30:00-03:00,81851.14,81851.14,81325.47,81325.47
2024-09-01 22:00:00-03:00,81325.47,81389.6,81032.13,81195.06
2024-09-01 22:30:00-03:00,81195.06,81366.51,81152.28,81183.41
2024-09-01 23:00:00-03:00,81183.41,81552.98,80916.98,81427.83
2024-09-01 23:30:00-03:00,81427.83,81672.79,81390.2,81672.79
2024-09-02 00:00:00-03:00,81672.79,81672.88,81346.26,81651.58
2024-09-02 00:30:00-03:00,81651.58,81685.03,81609.5,81633.72
2024-09-02 01:00:00-03:00,81633.72,81773.87,81633.72,81747.08
2024-09-02 01:30:00-03:00,81747.08,81874.89,81720.59,81874.89
2024-09-02 02:00:00-03:00,81874.89,81996.83,81759.2,81789.66
2024-09-02 02:30:00-03:00,81789.66,81934.2,81730.06,81929.29
2024-09-02 03:00:00-03:00,81929.29,81954.84,81805.43,81816.12
2024-09-02 03:30:00-03:00,81816.12,81896.55,81816.12,81892.19
2024-09-02 04:00:00-03:00,81892.19,82045.57,81818.94,82045.57
2024-09-02 04:30:00-03:00,82045.57,82168.04,82045.57,82165.84
2024-09-02 05:00:00-03:00,82165.84,82819.35,82157.88,82746.03
2024-09-02 05:30:00-03:00,82746.03,82746.03,82370.59,82412.29
2024-09-02 06:00:00-03:00,82412.29,82666.65,82369.41,82648.27
2024-09-02 06:30:00-03:00,82648.27,82838.43,82570.21,82570.21
2024-09-02 07:00:00-03:00,82570.21,82688.23,82344.36,82541.99
2024-09-02 07:30:00-03:00,82541.99,82657.53,82506.77,82657.53
2024-09-02 08:00:00-03:00,82657.53,83247.16,82657.53,83247.16
2024-09-02 08:30:00-03:00,83247.16,83350.1,83155.68,83185.63
2024-09-02 09:00:00-03:00,83185.63,83752.84,83169,83701.89
2024-09-02 09:30:00-03:00,83701.89,83822.12,83688.84,83822.12
2024-09-02 10:00:00-03:00,83822.12,83834.72,83537.33,83548.07
2024-09-02 10:30:00-03:00,83548.07,83548.07,83461.72,83461.72
2024-09-02 11:00:00-03:00,83461.72,83608.55,83455.16,83529.56
2024-09-02 11:30:00-03:00,83529.56,84600.16,83529.56,84600.16
2024-09-02 12:00:00-03:00,84600.16,84695.09,84570.76,84689.15
2024-09-02 12:30:00-03:00,84689.15,84750.13,84584.95,84724.84
2024-09-02 13:00:00-03:00,84724.84,84724.84,84535.64,84539.2
2024-09-02 13:30:00-03:00,84539.2,84539.2,84370.19,84382.07
2024-09-02 14:00:00-03:00,84382.07,84390.47,84343.53,84366.07
2024-09-02 14:30:00-03:00,84366.07,84366.07,84265.99,84281.7
2024-09-02 15:00:00-03:00,84281.7,84286.4,84101.56,84134.53
2024-09-02 15:30:00-03:00,84134.53,84135.32,83929.67,83934.82
2024-09-02 16:00:00-03:00,83934.82,83953.25,83927.66,83948.35
2024-09-02 16:30:00-03:00,83948.35,84027.09,83934.31,84027.09
2024-09-02 17:00:00-03:00,84027.09,84063.06,83873.01,83885.99
2024-09-02 17:30:00-03:00,83885.99,83891,82626.31,82648.88
2024-09-02 18:00:00-03:00,82648.88,83189.92,82189.44,83189.92
2024-09-02 18:30:00-03:00,83189.92,83253.32,82883.83,82997.21
2024-09-02 19:00:00-03:00,82997.21,83376.11,82997.21,83243.63
2024-09-02 19:30:00-03:00,83243.63,83243.63,82893,82939.95
2024-09-02 20:00:00-03:00,82939.95,82995.76,82865.11,82871.8
2024-09-02 20:30:00-03:00,82871.8,82990.87,82500.25,82500.25
2024-09-02 21:00:00-03:00,82500.25,82672.37,82474.54,82672.37
2024-09-02 21:30:00-03:00,82672.37,82910.49,82617.25,82910.49
2024-09-02 22:00:00-03:00,82910.49,82970.27,82834.69,82848.97
2024-09-02 22:30:00-03:00,82848.97,82886.1,82811.76,82876.61
2024-09-02 23:00:00-03:00,82876.61,82930.88,82592.38,82664.74
2024-09-02 23:30:00-03:00,82664.74,82684.66,82069.4,82069.4
2024-09-03 00:00:00-03:00,82069.4,82237.3,81995.94,82237.3
2024-09-03 00:30:00-03:00,82237.3,82246.42,82116.18,82116.18
2024-09-03 01:00:00-03:00,82116.18,82116.18,81977.81,81996.76
2024-09-03 01:30:00-03:00,81996.76,82187.92,81885.63,82187.92
2024-09-03 02:00:00-03:00,82187.92,82756.31,82186.26,82630.4
2024-09-03 02:30:00-03:00,82630.4,82641.47,82581.49,82606.84
2024-09-03 03:00:00-03:00,82606.84,83043.15,82606.84,82998.76
2024-09-03 03:30:00-03:00,82998.76,83135.08,82998.76,83135.08
2024-09-03 04:00:00-03:00,83135.08,83142.99,83077.4,83084.71
2024-09-03 04:30:00-03:00,83084.71,83113.76,83015.6,83071.49
2024-09-03 05:00:00-03:00,83071.49,83130.51,83022.15,83039.47
2024-09-03 05:30:00-03:00,83039.47,83818.71,83039.47,83818.71
2024-09-03 06:00:00-03:00,83818.71,84083.99,83818.71,84077.21
2024-09-03 06:30:00-03:00,84077.21,84219.63,84077.21,84204.74
2024-09-03 07:00:00-03:00,84204.74,84294.25,84056.18,84108.83
2024-09-03 07:30:00-03:00,84108.83,84287.36,84099.11,84286.14
2024-09-03 08:00:00-03:00,84286.14,84357.04,84271.84,84286.65
2024-09-03 08:30:00-03:00,84286.65,84344.47,84280.89,84305.7
2024-09-03 09:00:00-03:00,84305.7,84314.47,84231.31,84260.59
2024-09-03 09:30:00-03:00,84260.59,84260.59,84036.88,84070.84
2024-09-03 10:00:00-03:00,84070.84,84455.43,84053.95,84455.43
2024-09-03 10:30:00-03:00,84455.43,85042.97,84277.76,85042.97
2024-09-03 11:00:00-03:00,85042.97,86119.17,85042.97,85793.38
2024-09-03 11:30:00-03:00,85793.38,86729.43,85793.38,86729.43
2024-09-03 12:00:00-03:00,86729.43,87546.29,86729.43,87265.24
2024-09-03 12:30:00-03:00,87265.24,87334.02,87042.64,87334.02
2024-09-03 13:00:00-03:00,87334.02,87498.46,87334.02,87411.85
2024-09-03 13:30:00-03:00,87411.85,87857.34,87393.24,87857.34
2024-09-03 14:00:00-03:00,87857.34,87931.31,87312.29,87312.29
2024-09-03 14:30:00-03:00,87312.29,87312.29,86722.26,87112.61
2024-09-03 15:00:00-03:00,87112.61,87314.79,86941.27,86941.27
2024-09-03 15:30:00-03:00,86941.27,86957.77,86598.27,86598.27
2024-09-03 16:00:00-03:00,86598.27,86626.91,85905.14,85925.58
2024-09-03 16:30:00-03:00,85925.58,85954.77,85448.6,85448.6
2024-09-03 17:00:00-03:00,85448.6,85484.35,85381.56,85382.17
2024-09-03 17:30:00-03:00,85382.17,85382.17,84929.76,84929.76
2024-09-03 18:00:00-03:00,84929.76,84929.76,84476.07,84476.07
2024-09-03 18:30:00-03:00,84476.07,84476.07,84303.37,84307.07
2024-09-03 19:00:00-03:00,84307.07,84307.89,83861.73,83875.75
2024-09-03 19:30:00-03:00,83875.75,84005.06,83875.75,83971.39
2024-09-03 20:00:00-03:00,83971.39,83971.39,83577.63,83577.63
2024-09-03 20:30:00-03:00,83577.63,83728.58,83165.32,83165.32
2024-09-03 21:00:00-03:00,83165.32,83219.14,82058.41,82058.41
2024-09-03 21:30:00-03:00,82058.41,82337.88,81843.68,82337.88
2024-09-03 22:00:00-03:00,82337.88,82337.88,80577.97,81871.25
2024-09-03 22:30:00-03:00,81871.25,81919.14,81178.32,81289.49
2024-09-03 23:00:00-03:00,81289.49,81538.12,81289.49,81405.22
2024-09-03 23:30:00-03:00,81405.22,81472.97,81261.65,81279.99
2024-09-04 00:00:00-03:00,81279.99,81598.51,81279.99,81598.51
2024-09-04 00:30:00-03:00,81598.51,81675.26,81167.65,81190.09
2024-09-04 01:00:00-03:00,81190.09,81299.49,81190.09,81251.3
2024-09-04 01:30:00-03:00,81251.3,81324.38,81248.41,81271.5
2024-09-04 02:00:00-03:00,81271.5,81645.77,81256.93,81645.77
2024-09-04 02:30:00-03:00,81645.77,81707.34,81431.62,81483.58
2024-09-04 03:00:00-03:00,81483.58,81483.58,81301.11,81310.06
2024-09-04 03:30:00-03:00,81310.06,81351.73,80901.12,80901.12
2024-09-04 04:00:00-03:00,80901.12,81241.93,80876.58,80903.43
2024-09-04 04:30:00-03:00,80903.43,80938.17,80718.27,80868.83
2024-09-04 05:00:00-03:00,80868.83,80957.15,80868.83,80939.18
2024-09-04 05:30:00-03:00,80939.18,80939.18,80778.48,80887.1
2024-09-04 06:00:00-03:00,80887.1,80921.32,80720.55,80745.32
2024-09-04 06:30:00-03:00,80745.32,80979.28,80745.32,80979.28
2024-09-04 07:00:00-03:00,80979.28,81031.81,80875.29,80885.47
2024-09-04 07:30:00-03:00,80885.47,80897.31,80789.31,80791.96
2024-09-04 08:00:00-03:00,80791.96,81030.75,80791.96,81030.75
2024-09-04 08:30:00-03:00,81030.75,81030.75,80971.3,81000.39
2024-09-04 09:00:00-03:00,81000.39,81049.88,80936.08,80975.14
2024-09-04 09:30:00-03:00,80975.14,80990.63,80675.29,80675.29
2024-09-04 10:00:00-03:00,80675.29,80682.78,80508.51,80626.7
2024-09-04 10:30:00-03:00,80626.7,80878.81,80600.66,80821.15
2024-09-04 11:00:00-03:00,80821.15,81103.38,80174.91,80233.11
2024-09-04 11:30:00-03:00,80233.11,80233.11,79046.26,79113.38
2024-09-04 12:00:00-03:00,79113.38,80081.84,78718.73,79191.43
2024-09-04 12:30:00-03:00,79191.43,80770.59,79191.43,80770.59
2024-09-04 13:00:00-03:00,80770.59,81170.52,80407.73,81057.29
2024-09-04 13:30:00-03:00,81057.29,81212.62,81036.13,81168.43
2024-09-04 14:00:00-03:00,81168.43,81176.35,80984.37,80984.37
2024-09-04 14:30:00-03:00,80984.37,81011.05,80511.48,80567.67
2024-09-04 15:00:00-03:00,80567.67,80632.76,80544.38,80586.85
2024-09-04 15:30:00-03:00,80586.85,80707.14,80517.04,80610.43
2024-09-04 16:00:00-03:00,80610.43,80734.72,80600.65,80712.36
2024-09-04 16:30:00-03:00,80712.36,80712.36,80500.56,80515.51
2024-09-04 17:00:00-03:00,80515.51,80626.21,80333.02,80333.02
2024-09-04 17:30:00-03:00,80333.02,80886,80301.23,80821.98
2024-09-04 18:00:00-03:00,80821.98,80821.98,80699.23,80699.23
2024-09-04 18:30:00-03:00,80699.23,80727.04,80689.59,80727.04
2024-09-04 19:00:00-03:00,80727.04,80885.53,80706.45,80885.53
2024-09-04 19:30:00-03:00,80885.53,81023.33,80885.53,81023.33
2024-09-04 20:00:00-03:00,81023.33,81096.5,81023.33,81078.7
2024-09-04 20:30:00-03:00,81078.7,81124.56,81070.13,81104.8
2024-09-04 21:00:00-03:00,81104.8,81229.34,81087.15,81229.34
2024-09-04 21:30:00-03:00,81229.34,81373.54,81203.24,81373.54
2024-09-04 22:00:00-03:00,81373.54,81652.74,81373.54,81514.01
2024-09-04 22:30:00-03:00,81514.01,81577.19,81453.74,81502.27
2024-09-04 23:00:00-03:00,81502.27,81565.17,81471.08,81549.09
2024-09-04 23:30:00-03:00,81549.09,81709.17,81549.09,81709.17
2024-09-05 00:00:00-03:00,81709.17,82425.63,81375.55,82324.71
2024-09-05 00:30:00-03:00,82324.71,82489.1,82065.2,82242.47
2024-09-05 01:00:00-03:00,82242.47,82395.3,81954.07,81994.18
2024-09-05 01:30:00-03:00,81994.18,82184.86,81977.66,82184.86
2024-09-05 02:00:00-03:00,82184.86,82527.13,82184.86,82489.78
2024-09-05 02:30:00-03:00,82489.78,82572.3,82486.01,82559.08
2024-09-05 03:00:00-03:00,82559.08,82987.42,82558.17,82700.73
2024-09-05 03:30:00-03:00,82700.73,83210.92,82675.15,83210.92
2024-09-05 04:00:00-03:00,83210.92,83239.17,82357.37,82357.37
2024-09-05 04:30:00-03:00,82357.37,82357.37,82179.32,82290.8
2024-09-05 05:00:00-03:00,82290.8,82460.84,82290.8,82439.26
2024-09-05 05:30:00-03:00,82439.26,82992.96,82436.58,82992.96
2024-09-05 06:00:00-03:00,82992.96,83261.49,82992.96,83261.49
2024-09-05 06:30:00-03:00,83261.49,84038.16,83261.49,83650.37
2024-09-05 07:00:00-03:00,83650.37,84098.14,83602.11,84098.14
2024-09-05 07:30:00-03:00,84098.14,84296.63,84096.43,84155.96
2024-09-05 08:00:00-03:00,84155.96,84193.16,84139.67,84173.5
2024-09-05 08:30:00-03:00,84173.5,84332.35,84144.53,84332.35
2024-09-05 09:00:00-03:00,84332.35,84650.18,84332.35,84650.18
2024-09-05 09:30:00-03:00,84650.18,85268.47,84629.29,85139.45
2024-09-05 10:00:00-03:00,85139.45,85373.91,85139.45,85361.2
2024-09-05 10:30:00-03:00,85361.2,85471.07,85195.26,85269.72
2024-09-05 11:00:00-03:00,85269.72,85556.75,85032.06,85384.3
2024-09-05 11:30:00-03:00,85384.3,85452.31,85018.27,85264.47
2024-09-05 12:00:00-03:00,85264.47,85284.67,84139.86,84760.32
2024-09-05 12:30:00-03:00,84760.32,85725.61,84760.32,85725.61
2024-09-05 13:00:00-03:00,85725.61,85987.88,85626.73,85657.91
2024-09-05 13:30:00-03:00,85657.91,85755.62,85439.61,85755.62
2024-09-05 14:00:00-03:00,85755.62,85757.5,85572.42,85613.93
2024-09-05 14:30:00-03:00,85613.93,85613.93,85149.54,85149.54
2024-09-05 15:00:00-03:00,85149.54,85149.54,84784.14,84787.65
2024-09-05 15:30:00-03:00,84787.65,84828.45,84747.36,84747.36
2024-09-05 16:00:00-03:00,84747.36,84747.36,84243.12,84333.83
2024-09-05 16:30:00-03:00,84333.83,84368.1,83679.67,84003.01
2024-09-05 17:00:00-03:00,84003.01,84325.4,83981.32,84271.27
2024-09-05 17:30:00-03:00,84271.27,84277.7,83953.2,83956.1
2024-09-05 18:00:00-03:00,83956.1,83991.41,83839.63,83839.63
2024-09-05 18:30:00-03:00,83839.63,83848.42,83040.69,83371.44
2024-09-05 19:00:00-03:00,83371.44,83764.25,83371.44,83759.78
2024-09-05 19:30:00-03:00,83759.78,83772.02,83632.02,83701.09
2024-09-05 20:00:00-03:00,83701.09,83825.7,83697.08,83825.7
2024-09-05 20:30:00-03:00,83825.7,83874.22,83700.76,83700.76
2024-09-05 21:00:00-03:00,83700.76,83712.31,83599.65,83599.65
2024-09-05 21:30:00-03:00,83599.65,83895.27,83561.12,83865.1
2024-09-05 22:00:00-03:00,83865.1,84008.46,83859.84,83886.23
2024-09-05 22:30:00-03:00,83886.23,83927.59,83642.62,83694.04
2024-09-05 23:00:00-03:00,83694.04,83845.53,83593.43,83718.44
2024-09-05 23:30:00-03:00,83718.44,83939.21,83703.98,83735.96
2024-09-06 00:00:00-03:00,83735.96,83735.96,83577.16,83591.75
2024-09-06 00:30:00-03:00,83591.75,83591.75,83341.85,83352.99
2024-09-06 01:00:00-03:00,83352.99,83352.99,83231.01,83234.98
2024-09-06 01:30:00-03:00,83234.98,83242.37,83180.75,83206.46
2024-09-06 02:00:00-03:00,83206.46,83266.17,83145.07,83153.53
2024-09-06 02:30:00-03:00,83153.53,83244.65,83088.42,83129.71
2024-09-06 03:00:00-03:00,83129.71,83318.47,83123.02,83286.95
2024-09-06 03:30:00-03:00,83286.95,83338.37,83211.95,83298.12
2024-09-06 04:00:00-03:00,83298.12,83679.81,82944.13,83679.81
2024-09-06 04:30:00-03:00,83679.81,84354.74,83679.81,84223.63
2024-09-06 05:00:00-03:00,84223.63,84406.65,84200.3,84274.9
2024-09-06 05:30:00-03:00,84274.9,84618.21,84274.9,84618.21
2024-09-06 06:00:00-03:00,84618.21,84840.52,84618.21,84840.52
2024-09-06 06:30:00-03:00,84840.52,84945.22,84757.72,84897.48
2024-09-06 07:00:00-03:00,84897.48,84958.29,84285.17,84289.36
2024-09-06 07:30:00-03:00,84289.36,84291.59,84115.51,84143.89
2024-09-06 08:00:00-03:00,84143.89,84657.35,84031.68,84657.35
2024-09-06 08:30:00-03:00,84657.35,85228.22,84657.35,85059.75
2024-09-06 09:00:00-03:00,85059.75,85059.75,84753.14,84915.59
2024-09-06 09:30:00-03:00,84915.59,85388.96,84204.37,85371.21
2024-09-06 10:00:00-03:00,85371.21,85702.97,85371.21,85424.05
2024-09-06 10:30:00-03:00,85424.05,85542.95,83633.55,84669.05
2024-09-06 11:00:00-03:00,84669.05,85731.52,84314.55,84810.22
2024-09-06 11:30:00-03:00,84810.22,85486.25,84686.78,85105.91
2024-09-06 12:00:00-03:00,85105.91,85429.06,84423.49,84723.63
2024-09-06 12:30:00-03:00,84723.63,85422.7,84711.32,85416.92
2024-09-06 13:00:00-03:00,85416.92,85892.8,85416.92,85892.8
2024-09-06 13:30:00-03:00,85892.8,85904.72,85390.43,85720.94
2024-09-06 14:00:00-03:00,85720.94,86336.44,85705.15,86296.39
2024-09-06 14:30:00-03:00,86296.39,86580.61,86077.09,86580.61
2024-09-06 15:00:00-03:00,86580.61,87029.22,86580.61,86914
2024-09-06 15:30:00-03:00,86914,87228.64,86811.63,87228.64
2024-09-06 16:00:00-03:00,87228.64,87467.12,86968.39,87348.32
2024-09-06 16:30:00-03:00,87348.32,87502.59,86956.66,87386.6
2024-09-06 17:00:00-03:00,87386.6,87806.48,87386.6,87806.48
2024-09-06 17:30:00-03:00,87806.48,87882.75,86055.92,86127.17
2024-09-06 18:00:00-03:00,86127.17,86215.52,85913.66,86109.8
2024-09-06 18:30:00-03:00,86109.8,86111.35,85808.75,85808.75
2024-09-06 19:00:00-03:00,85808.75,85988.45,85767.5,85912.16
2024-09-06 19:30:00-03:00,85912.16,85944.59,85564.66,85564.66
2024-09-06 20:00:00-03:00,85564.66,85564.66,85345.19,85345.19
2024-09-06 20:30:00-03:00,85345.19,85488.33,85326.07,85488.33
2024-09-06 21:00:00-03:00,85488.33,85550.15,85308.71,85331.23
2024-09-06 21:30:00-03:00,85331.23,85452.44,85331.23,85393.02
2024-09-06 22:00:00-03:00,85393.02,85455.79,85304.44,85328.39
2024-09-06 22:30:00-03:00,85328.39,85342.58,85301.52,85316.33
2024-09-06 23:00:00-03:00,85316.33,85354.18,85285.88,85285.88
2024-09-06 23:30:00-03:00,85285.88,85361.09,85271.62,85271.62
2024-09-07 00:00:00-03:00,85271.62,85319.38,85241.79,85241.79
2024-09-07 00:30:00-03:00,85241.79,85241.79,85084.92,85084.92
2024-09-07 01:00:00-03:00,85084.92,85084.92,85002.67,85052.56
2024-09-07 01:30:00-03:00,85052.56,85212.42,85040.12,85212.42
2024-09-07 02:00:00-03:00,85212.42,85212.42,84927.86,85165.94
2024-09-07 02:30:00-03:00,85165.94,85340.18,85119.52,85119.52
2024-09-07 03:00:00-03:00,85119.52,85119.52,84387.32,84655.05
2024-09-07 03:30:00-03:00,84655.05,84709.36,84469.84,84469.84
2024-09-07 04:00:00-03:00,84469.84,84522.38,84452.29,84460.18
2024-09-07 04:30:00-03:00,84460.18,84507.32,84350.72,84356.88
2024-09-07 05:00:00-03:00,84356.88,84393.82,84169.93,84192.96
2024-09-07 05:30:00-03:00,84192.96,84335.85,84192.96,84308.98
2024-09-07 06:00:00-03:00,84308.98,84326.49,83916.04,83916.04
2024-09-07 06:30:00-03:00,83916.04,83938.56,83835.13,83853.28
2024-09-07 07:00:00-03:00,83853.28,83946.65,83853.28,83945.91
2024-09-07 07:30:00-03:00,83945.91,83987.3,83867.87,83983.13
2024-09-07 08:00:00-03:00,83983.13,84110.65,83983.13,84110.65
2024-09-07 08:30:00-03:00,84110.65,84351.08,83944.81,84324.86
2024-09-07 09:00:00-03:00,84324.86,84407.17,84298.72,84407.17
2024-09-07 09:30:00-03:00,84407.17,84466.66,84211.75,84265.22
2024-09-07 10:00:00-03:00,84265.22,84330.93,84253.88,84256.74
2024-09-07 10:30:00-03:00,84256.74,84288.72,84157.47,84229.43
2024-09-07 11:00:00-03:00,84229.43,84348.13,84196.28,84336.91
2024-09-07 11:30:00-03:00,84336.91,84467.82,84329.57,84467.82
2024-09-07 12:00:00-03:00,84467.82,84505.55,84390.4,84427.69
2024-09-07 12:30:00-03:00,84427.69,84549.23,84427.69,84549.23
2024-09-07 13:00:00-03:00,84549.23,84652,84549.23,84650.21
2024-09-07 13:30:00-03:00,84650.21,84663.43,84207.03,84266.04
2024-09-07 14:00:00-03:00,84266.04,84426.07,84264.7,84426.07
2024-09-07 14:30:00-03:00,84426.07,84450.59,84126.3,84190.8
2024-09-07 15:00:00-03:00,84190.8,84190.8,84057.17,84057.17
2024-09-07 15:30:00-03:00,84057.17,84057.17,83870.6,83898.96
2024-09-07 16:00:00-03:00,83898.96,83984.79,83898.96,83958.76
2024-09-07 16:30:00-03:00,83958.76,83958.76,83591.43,83591.43
2024-09-07 17:00:00-03:00,83591.43,83591.43,83429.3,83451.59
2024-09-07 17:30:00-03:00,83451.59,83451.59,83366.93,83435.85
2024-09-07 18:00:00-03:00,83435.85,83463.04,83197.75,83205.51
2024-09-07 18:30:00-03:00,83205.51,83294.05,83180.9,83180.9
2024-09-07 19:00:00-03:00,83180.9,83416.94,83180.9,83406.54
2024-09-07 19:30:00-03:00,83406.54,83558.75,83405.62,83558.75
2024-09-07 20:00:00-03:00,83558.75,83621.08,83493.77,83518.92
2024-09-07 20:30:00-03:00,83518.92,83617.22,83340.19,83352.46
2024-09-07 21:00:00-03:00,83352.46,83469.06,83310.94,83469.06
2024-09-07 21:30:00-03:00,83469.06,83487.63,83339.02,83403.54
2024-09-07 22:00:00-03:00,83403.54,83413.38,83105.05,83169.35
2024-09-07 22:30:00-03:00,83169.35,83213.97,83104.49,83194.07
2024-09-07 23:00:00-03:00,83194.07,83420.47,83166.66,83420.47
2024-09-07 23:30:00-03:00,83420.47,83424.01,83066.77,83122.85
2024-09-08 00:00:00-03:00,83122.85,83124.73,83009.79,83009.79
2024-09-08 00:30:00-03:00,83009.79,83061.61,82963.4,83061.61
2024-09-08 01:00:00-03:00,83061.61,83361.68,83061.61,83361.68
2024-09-08 01:30:00-03:00,83361.68,83494.51,83361.68,83434.6
2024-09-08 02:00:00-03:00,83434.6,83565.42,83426.78,83559.62
2024-09-08 02:30:00-03:00,83559.62,83640.14,83559.62,83569.94
2024-09-08 03:00:00-03:00,83569.94,83580.31,83541.97,83541.97
2024-09-08 03:30:00-03:00,83541.97,83549.55,83353.23,83442.75
2024-09-08 04:00:00-03:00,83442.75,83748.55,83381.06,83748.05
2024-09-08 04:30:00-03:00,83748.05,83947.9,83748.05,83947.9
2024-09-08 05:00:00-03:00,83947.9,84072.95,83947.9,84053.07
2024-09-08 05:30:00-03:00,84053.07,84160.05,84047.81,84120.4
2024-09-08 06:00:00-03:00,84120.4,84187.66,83964.71,84111.29
2024-09-08 06:30:00-03:00,84111.29,84117.72,83928.3,83928.3
2024-09-08 07:00:00-03:00,83928.3,83933.64,83827.39,83845.22
2024-09-08 07:30:00-03:00,83845.22,83939.09,83842.23,83939.09
2024-09-08 08:00:00-03:00,83939.09,83958.71,83914.12,83941.96
2024-09-08 08:30:00-03:00,83941.96,84005.65,83905.94,84005.65
2024-09-08 09:00:00-03:00,84005.65,84068.07,83907.22,83907.22
2024-09-08 09:30:00-03:00,83907.22,83991.17,83239.29,83291.58
2024-09-08 10:00:00-03:00,83291.58,83625.51,83291.58,83621.29
2024-09-08 10:30:00-03:00,83621.29,83885.78,83577.21,83862.52
2024-09-08 11:00:00-03:00,83862.52,83980.2,83350.4,83419.81
2024-09-08 11:30:00-03:00,83419.81,83510.42,83419.81,83510.42
2024-09-08 12:00:00-03:00,83510.42,83702.83,83466.08,83702.83
2024-09-08 12:30:00-03:00,83702.83,85248.98,83702.83,85153.73
2024-09-08 13:00:00-03:00,85153.73,85269.91,85135.47,85232.38
2024-09-08 13:30:00-03:00,85232.38,85232.38,84711.56,84752.34
2024-09-08 14:00:00-03:00,84752.34,84776.53,84626.13,84776.53
2024-09-08 14:30:00-03:00,84776.53,84870.35,84494.85,84494.85
2024-09-08 15:00:00-03:00,84494.85,84494.85,84363.54,84403.09
2024-09-08 15:30:00-03:00,84403.09,84515.54,84403.09,84509.94
2024-09-08 16:00:00-03:00,84509.94,84746.18,84509.94,84744.01
2024-09-08 16:30:00-03:00,84744.01,84823.97,84744.01,84806.52
2024-09-08 17:00:00-03:00,84806.52,84901.44,84806.52,84890.93
2024-09-08 17:30:00-03:00,84890.93,84949.64,84658.56,84658.56
2024-09-08 18:00:00-03:00,84658.56,84706.63,84243.66,84301
2024-09-08 18:30:00-03:00,84301,84385.74,84286.85,84320.74
2024-09-08 19:00:00-03:00,84320.74,84320.74,82743.09,82818.02
2024-09-08 19:30:00-03:00,82818.02,84287.37,82818.02,84218.35
2024-09-08 20:00:00-03:00,84218.35,84698.88,84218.35,84451.35
2024-09-08 20:30:00-03:00,84451.35,84700.14,84451.35,84700.14
2024-09-08 21:00:00-03:00,84700.14,85312.7,84681.62,85309.69
2024-09-08 21:30:00-03:00,85309.69,85341.15,85222.76,85279.32
2024-09-08 22:00:00-03:00,85279.32,85279.32,84930.02,84967.71
2024-09-08 22:30:00-03:00,84967.71,85044.3,84944.81,84959.35
2024-09-08 23:00:00-03:00,84959.35,85076.92,84959.35,85076.92
2024-09-08 23:30:00-03:00,85076.92,85111.05,84996.67,84996.67
2024-09-09 00:00:00-03:00,84996.67,85223.42,84950.43,85223.42
2024-09-09 00:30:00-03:00,85223.42,85341.15,85208.7,85322.76
2024-09-09 01:00:00-03:00,85322.76,85586.1,85322.76,85547.93
2024-09-09 01:30:00-03:00,85547.93,85547.93,85234.04,85294.74
2024-09-09 02:00:00-03:00,85294.74,85769.4,85264.43,85769.4
2024-09-09 02:30:00-03:00,85769.4,85771.06,85392.48,85406.47
2024-09-09 03:00:00-03:00,85406.47,85425.09,85219.97,85239.13
2024-09-09 03:30:00-03:00,85239.13,85526.47,85239.13,85518.01
2024-09-09 04:00:00-03:00,85518.01,85628.06,85464.29,85621.68
2024-09-09 04:30:00-03:00,85621.68,86096.69,85621.68,86087.5
2024-09-09 05:00:00-03:00,86087.5,86104.02,85874.08,86104.02
2024-09-09 05:30:00-03:00,86104.02,86411.44,86089.56,86411.44
2024-09-09 06:00:00-03:00,86411.44,86668.39,86238.02,86625.43
2024-09-09 06:30:00-03:00,86625.43,86626.74,86468.77,86482.84
2024-09-09 07:00:00-03:00,86482.84,86509.11,85646.58,85658.69
2024-09-09 07:30:00-03:00,85658.69,85814.48,85605.35,85814.48
2024-09-09 08:00:00-03:00,85814.48,85851.67,85792.51,85792.51
2024-09-09 08:30:00-03:00,85792.51,85852.92,85698.53,85775.89
2024-09-09 09:00:00-03:00,85775.89,85786.28,85186.14,85190.13
2024-09-09 09:30:00-03:00,85190.13,85813.73,85190.13,85749
2024-09-09 10:00:00-03:00,85749,86429.67,85684.63,86402.33
2024-09-09 10:30:00-03:00,86402.33,87186.82,86355.82,87186.82
2024-09-09 11:00:00-03:00,87186.82,87385.54,87098.75,87232.14
2024-09-09 11:30:00-03:00,87232.14,87232.14,86866.34,86983.45
2024-09-09 12:00:00-03:00,86983.45,86983.45,86717.64,86859.34
2024-09-09 12:30:00-03:00,86859.34,87164.23,86732,87164.23
2024-09-09 13:00:00-03:00,87164.23,87264.7,86437.58,86804.35
2024-09-09 13:30:00-03:00,86804.35,87064.46,86433.18,87064.46
2024-09-09 14:00:00-03:00,87064.46,89962.37,87064.46,89962.37
2024-09-09 14:30:00-03:00,89962.37,90302.79,89962.37,90302.79
2024-09-09 15:00:00-03:00,90302.79,90522.54,90029.65,90522.54
2024-09-09 15:30:00-03:00,90522.54,90553.31,90394.12,90395.69
2024-09-09 16:00:00-03:00,90395.69,90656.81,90389.49,90508.71
2024-09-09 16:30:00-03:00,90508.71,90531.42,89853.71,89853.71
2024-09-09 17:00:00-03:00,89853.71,90042.78,89675.16,90042.67
2024-09-09 17:30:00-03:00,90042.67,90058.52,89836.68,90022
2024-09-09 18:00:00-03:00,90022,90048,88102.35,88439.92
2024-09-09 18:30:00-03:00,88439.92,88565.25,87299.78,87300.92
2024-09-09 19:00:00-03:00,87300.92,87680.23,87281.99,87666.43
2024-09-09 19:30:00-03:00,87666.43,87912.3,87663.31,87912.3
2024-09-09 20:00:00-03:00,87912.3,87912.3,87754.52,87754.52
2024-09-09 20:30:00-03:00,87754.52,87791.33,87581.68,87581.68
2024-09-09 21:00:00-03:00,87581.68,87796.01,87525.25,87553.23
2024-09-09 21:30:00-03:00,87553.23,87565.24,87332.59,87418.86
2024-09-09 22:00:00-03:00,87418.86,87577.84,87415.57,87577.84
2024-09-09 22:30:00-03:00,87577.84,87675.14,87500.51,87500.51
2024-09-09 23:00:00-03:00,87500.51,87528.53,87424.66,87518.62
2024-09-09 23:30:00-03:00,87518.62,87518.62,87404.61,87463.55
2024-09-10 00:00:00-03:00,87463.55,87472.97,87360.82,87377.4
2024-09-10 00:30:00-03:00,87377.4,87607.97,87376.51,87518.28
2024-09-10 01:00:00-03:00,87518.28,87538.81,87452,87460.25
2024-09-10 01:30:00-03:00,87460.25,87498.4,87404.02,87411.15
2024-09-10 02:00:00-03:00,87411.15,87411.15,87145.09,87145.09
2024-09-10 02:30:00-03:00,87145.09,87145.09,86928.61,86935.91
2024-09-10 03:00:00-03:00,86935.91,86935.91,86848.5,86879.93
2024-09-10 03:30:00-03:00,86879.93,86942.28,86852.44,86917.81
2024-09-10 04:00:00-03:00,86917.81,87111.04,86808.63,87111.04
2024-09-10 04:30:00-03:00,87111.04,87224.02,87068.09,87216.85
2024-09-10 05:00:00-03:00,87216.85,87459.58,87216.85,87459
2024-09-10 05:30:00-03:00,87459,87655.68,87330.53,87330.53
2024-09-10 06:00:00-03:00,87330.53,87348.43,87133.15,87257.58
2024-09-10 06:30:00-03:00,87257.58,87450.45,87257.58,87446.38
2024-09-10 07:00:00-03:00,87446.38,87485.42,87176.88,87188.27
2024-09-10 07:30:00-03:00,87188.27,87193.99,87145.61,87157.21
2024-09-10 08:00:00-03:00,87157.21,87193.25,87050.02,87050.02
2024-09-10 08:30:00-03:00,87050.02,87051.53,86947.94,86947.94
2024-09-10 09:00:00-03:00,86947.94,86969.61,86802.32,86876.06
2024-09-10 09:30:00-03:00,86876.06,86943.03,86814.09,86943.03
2024-09-10 10:00:00-03:00,86943.03,87615.93,86927.26,87541.89
2024-09-10 10:30:00-03:00,87541.89,87808.31,87115.84,87526.14
2024-09-10 11:00:00-03:00,87526.14,87565.26,87137.87,87236.4
2024-09-10 11:30:00-03:00,87236.4,87236.4,86977.6,86977.6
2024-09-10 12:00:00-03:00,86977.6,87183.42,86837.49,86986.18
2024-09-10 12:30:00-03:00,86986.18,87272.52,86908.17,87272.52
2024-09-10 13:00:00-03:00,87272.52,87382.09,87246.98,87290.02
2024-09-10 13:30:00-03:00,87290.02,87293.81,87165.11,87226.53
2024-09-10 14:00:00-03:00,87226.53,87226.53,86335.36,86335.36
2024-09-10 14:30:00-03:00,86335.36,86370.11,86032.86,86143.02
2024-09-10 15:00:00-03:00,86143.02,86405.94,86011.09,86405.4
2024-09-10 15:30:00-03:00,86405.4,86484.11,86239.97,86240.24
2024-09-10 16:00:00-03:00,86240.24,86240.24,85920.95,86006.88
2024-09-10 16:30:00-03:00,86006.88,86109.41,85824.2,86093.93
2024-09-10 17:00:00-03:00,86093.93,86397.16,86090.87,86368.31
2024-09-10 17:30:00-03:00,86368.31,86385.29,86127.75,86127.75
2024-09-10 18:00:00-03:00,86127.75,86127.75,85957.13,85969.57
2024-09-10 18:30:00-03:00,85969.57,86004.06,85919.71,85935.85
2024-09-10 19:00:00-03:00,85935.85,86175.95,85935.85,86169.01
2024-09-10 19:30:00-03:00,86169.01,86222.83,86168.14,86182.78
2024-09-10 20:00:00-03:00,86182.78,86186.86,86072.22,86073.5
2024-09-10 20:30:00-03:00,86073.5,86216.3,86067,86216.3
2024-09-10 21:00:00-03:00,86216.3,86420.29,86216.3,86385.84
2024-09-10 21:30:00-03:00,86385.84,86647.96,86369.85,86647.22
2024-09-10 22:00:00-03:00,86647.22,86750.43,86563.32,86590.03
2024-09-10 22:30:00-03:00,86590.03,86965.64,86587.02,86898.51
2024-09-10 23:00:00-03:00,86898.51,86926.38,86717.72,86750.17
2024-09-10 23:30:00-03:00,86750.17,86891.84,86591.13,86618.45
2024-09-11 00:00:00-03:00,86618.45,86710.4,86618.45,86629.19
2024-09-11 00:30:00-03:00,86629.19,86650.96,86203.68,86233.98
2024-09-11 01:00:00-03:00,86233.98,86899.31,86233.98,86884.67
2024-09-11 01:30:00-03:00,86884.67,86967.55,86603.14,86603.14
2024-09-11 02:00:00-03:00,86603.14,87056.34,86523.36,87056.34
2024-09-11 02:30:00-03:00,87056.34,87086.61,86675.47,86675.47
2024-09-11 03:00:00-03:00,86675.47,86752,86546.77,86708.77
2024-09-11 03:30:00-03:00,86708.77,86758.54,86578.47,86734.49
2024-09-11 04:00:00-03:00,86734.49,86765.35,86566.89,86601.31
2024-09-11 04:30:00-03:00,86601.31,86601.31,86264.04,86426.26
2024-09-11 05:00:00-03:00,86426.26,86510.38,86400.26,86480.56
2024-09-11 05:30:00-03:00,86480.56,86767.44,86434.42,86767.44
2024-09-11 06:00:00-03:00,86767.44,86767.44,86435.82,86435.82
2024-09-11 06:30:00-03:00,86435.82,86700.02,86435.82,86584.02
2024-09-11 07:00:00-03:00,86584.02,86596.93,86457.37,86503.03
2024-09-11 07:30:00-03:00,86503.03,86709.12,86491.6,86709.12
2024-09-11 08:00:00-03:00,86709.12,86831.33,86602.97,86763.88
2024-09-11 08:30:00-03:00,86763.88,86805.1,86551.33,86677.51
2024-09-11 09:00:00-03:00,86677.51,86948.16,86621.61,86728.91
2024-09-11 09:30:00-03:00,86728.91,87080.53,86728.91,86754.37
2024-09-11 10:00:00-03:00,86754.37,86840.53,86358.11,86738.83
2024-09-11 10:30:00-03:00,86738.83,87443.91,86615.15,87390.57
2024-09-11 11:00:00-03:00,87390.57,87390.57,86464.39,87358.78
2024-09-11 11:30:00-03:00,87358.78,87890.72,87357.07,87764.16
2024-09-11 12:00:00-03:00,87764.16,87882.89,86863.73,86948.46
2024-09-11 12:30:00-03:00,86948.46,87022.12,85909.96,85942.63
2024-09-11 13:00:00-03:00,85942.63,85949.21,85658.85,85799.91
2024-09-11 13:30:00-03:00,85799.91,86161.01,85614.72,85874.82
2024-09-11 14:00:00-03:00,85874.82,86085.24,85716.88,86085.24
2024-09-11 14:30:00-03:00,86085.24,86504.58,86000.21,86454.45
2024-09-11 15:00:00-03:00,86454.45,86818.25,86452.84,86818.25
2024-09-11 15:30:00-03:00,86818.25,86992.12,86574.3,86574.3
2024-09-11 16:00:00-03:00,86574.3,86574.3,86376.39,86376.39
2024-09-11 16:30:00-03:00,86376.39,86402.61,86127.82,86226.84
2024-09-11 17:00:00-03:00,86226.84,86285,86196.05,86282.51
2024-09-11 17:30:00-03:00,86282.51,86294.99,86179.4,86200.17
2024-09-11 18:00:00-03:00,86200.17,86200.17,86025.95,86048.4
2024-09-11 18:30:00-03:00,86048.4,86048.4,85928.23,85928.23
2024-09-11 19:00:00-03:00,85928.23,86001.45,85899.98,85927.6
2024-09-11 19:30:00-03:00,85927.6,86031.16,85910.1,85910.1
2024-09-11 20:00:00-03:00,85910.1,85918.6,85753.73,85757.21
2024-09-11 20:30:00-03:00,85757.21,85817.5,85753.04,85817.5
2024-09-11 21:00:00-03:00,85817.5,85955.14,85673.17,85758.54
2024-09-11 21:30:00-03:00,85758.54,86109.59,85680.96,86109.59
2024-09-11 22:00:00-03:00,86109.59,86339.06,86109.59,86274.7
2024-09-11 22:30:00-03:00,86274.7,86595.83,86220.46,86220.46
2024-09-11 23:00:00-03:00,86220.46,86725.78,85856.15,86725.78
2024-09-11 23:30:00-03:00,86725.78,86984.3,86724.03,86944.17
2024-09-12 00:00:00-03:00,86944.17,86965.6,86805.87,86929.56
2024-09-12 00:30:00-03:00,86929.56,87135.66,86920.2,87135.66
2024-09-12 01:00:00-03:00,87135.66,87571.15,87135.66,87560.4
2024-09-12 01:30:00-03:00,87560.4,87719.94,87560.4,87663.11
2024-09-12 02:00:00-03:00,87663.11,87812.89,87630.25,87801.66
2024-09-12 02:30:00-03:00,87801.66,88101.52,87748.41,87817.39
2024-09-12 03:00:00-03:00,87817.39,87891.17,87638.86,87638.86
2024-09-12 03:30:00-03:00,87638.86,87713.41,87583.16,87691.47
2024-09-12 04:00:00-03:00,87691.47,87826.1,87676.18,87682.2
2024-09-12 04:30:00-03:00,87682.2,87733.59,87579.43,87606.93
2024-09-12 05:00:00-03:00,87606.93,88051.23,87606.93,88044.36
2024-09-12 05:30:00-03:00,88044.36,88148.66,87825.19,87825.19
2024-09-12 06:00:00-03:00,87825.19,87882.67,87771.29,87880.24
2024-09-12 06:30:00-03:00,87880.24,88067.23,87880.24,88001.66
2024-09-12 07:00:00-03:00,88001.66,88197.19,88001.66,88195.19
2024-09-12 07:30:00-03:00,88195.19,88209.13,88066.8,88068.05
2024-09-12 08:00:00-03:00,88068.05,88133.53,87807.94,87807.94
2024-09-12 08:30:00-03:00,87807.94,87807.94,87652.45,87653.05
2024-09-12 09:00:00-03:00,87653.05,87716.01,87613.35,87613.35
2024-09-12 09:30:00-03:00,87613.35,88408.72,87311.86,88394.36
2024-09-12 10:00:00-03:00,88394.36,88599.06,88223.43,88572.22
2024-09-12 10:30:00-03:00,88572.22,88590.32,88116.56,88234.73
2024-09-12 11:00:00-03:00,88234.73,88363.31,87706.48,87892.97
2024-09-12 11:30:00-03:00,87892.97,87940.57,87397.33,87493.44
2024-09-12 12:00:00-03:00,87493.44,87526.08,87257.89,87520.16
2024-09-12 12:30:00-03:00,87520.16,87748.86,87494.23,87629.82
2024-09-12 13:00:00-03:00,87629.82,87937.07,87629.82,87858.14
2024-09-12 13:30:00-03:00,87858.14,87858.14,87713.06,87790.57
2024-09-12 14:00:00-03:00,87790.57,87850.23,87637.34,87637.34
2024-09-12 14:30:00-03:00,87637.34,88078.17,87607.95,88076.04
2024-09-12 15:00:00-03:00,88076.04,88134.71,87791.78,87880.95
2024-09-12 15:30:00-03:00,87880.95,87893.08,87346.14,87388.23
2024-09-12 16:00:00-03:00,87388.23,87553.59,87232.04,87240.47
2024-09-12 16:30:00-03:00,87240.47,87249.42,86894.52,86925.68
2024-09-12 17:00:00-03:00,86925.68,86926.82,86656.74,86656.74
2024-09-12 17:30:00-03:00,86656.74,86656.74,86313.06,86318.66
2024-09-12 18:00:00-03:00,86318.66,86372.48,85920.1,85920.6
2024-09-12 18:30:00-03:00,85920.6,85920.6,85671.85,85716.38
2024-09-12 19:00:00-03:00,85716.38,85860.41,85716.38,85781.33
2024-09-12 19:30:00-03:00,85781.33,85781.33,85475.57,85478.45
2024-09-12 20:00:00-03:00,85478.45,85500.91,85423.73,85495.59
2024-09-12 20:30:00-03:00,85495.59,85513.56,85470.95,85500.05
2024-09-12 21:00:00-03:00,85500.05,85721.26,85474.09,85688.66
2024-09-12 21:30:00-03:00,85688.66,85688.66,85609.59,85609.59
2024-09-12 22:00:00-03:00,85609.59,85645.14,85574.76,85584.78
2024-09-12 22:30:00-03:00,85584.78,85615.5,85520.37,85541.07
2024-09-12 23:00:00-03:00,85541.07,85611.83,85489.16,85601.28
2024-09-12 23:30:00-03:00,85601.28,85839.48,85601.28,85837.91
2024-09-13 00:00:00-03:00,85837.91,85920.47,85822.6,85920.47
2024-09-13 00:30:00-03:00,85920.47,86328.35,85919.72,86328.35
2024-09-13 01:00:00-03:00,86328.35,86408.87,86310.55,86310.75
2024-09-13 01:30:00-03:00,86310.75,86325.04,86240.72,86325.04
2024-09-13 02:00:00-03:00,86325.04,86466.24,86304.95,86466.24
2024-09-13 02:30:00-03:00,86466.24,86575.03,86420.25,86528.23
2024-09-13 03:00:00-03:00,86528.23,86539.13,86423.66,86425.62
2024-09-13 03:30:00-03:00,86425.62,86607.61,86352.07,86607.61
2024-09-13 04:00:00-03:00,86607.61,86661.5,86576.35,86625.73
2024-09-13 04:30:00-03:00,86625.73,86663.64,86386.3,86386.3
2024-09-13 05:00:00-03:00,86386.3,86624.02,86386.3,86570.17
2024-09-13 05:30:00-03:00,86570.17,86679.59,86570.17,86602.12
2024-09-13 06:00:00-03:00,86602.12,86741.71,86601.98,86731.7
2024-09-13 06:30:00-03:00,86731.7,86868.37,86731.7,86860.1
2024-09-13 07:00:00-03:00,86860.1,86878.55,86832.43,86869.57
2024-09-13 07:30:00-03:00,86869.57,87041.3,86858.07,87003.28
2024-09-13 08:00:00-03:00,87003.28,87305.51,87003.28,87287.23
2024-09-13 08:30:00-03:00,87287.23,87367.52,87062.76,87062.76
2024-09-13 09:00:00-03:00,87062.76,87497.06,86976.69,87398.5
2024-09-13 09:30:00-03:00,87398.5,87553.9,87210.67,87231.78
2024-09-13 10:00:00-03:00,87231.78,87309.37,87214.73,87266.24
2024-09-13 10:30:00-03:00,87266.24,87704.33,87266.24,87383.136
