,symbol,longShortRatio,timestamp
0,BTCUSDT,1.6903,2024-08-19 21:30:00
1,BTCUSDT,1.5667,2024-08-19 22:00:00
2,BTCUSDT,1.5170,2024-08-19 22:30:00
3,BTCUSDT,1.4606,2024-08-19 23:00:00
4,BTCUSDT,1.4225,2024-08-19 23:30:00
5,BTCUSDT,1.4207,2024-08-20 00:00:00
6,BTCUSDT,1.3975,2024-08-20 00:30:00
7,BTCUSDT,1.3872,2024-08-20 01:00:00
8,BTCUSDT,1.3441,2024-08-20 01:30:00
9,BTCUSDT,1.3207,2024-08-20 02:00:00
10,BTCUSDT,1.3015,2024-08-20 02:30:00
11,BTCUSDT,1.2655,2024-08-20 03:00:00
12,BTCUSDT,1.2381,2024-08-20 03:30:00
13,BTCUSDT,1.2158,2024-08-20 04:00:00
14,BTCUSDT,1.1872,2024-08-20 04:30:00
15,BTCUSDT,1.1887,2024-08-20 05:00:00
16,BTCUSDT,1.1566,2024-08-20 05:30:00
17,BTCUSDT,1.1575,2024-08-20 06:00:00
18,BTCUSDT,1.1867,2024-08-20 06:30:00
19,BTCUSDT,1.1753,2024-08-20 07:00:00
20,BTCUSDT,1.1730,2024-08-20 07:30:00
21,BTCUSDT,1.1716,2024-08-20 08:00:00
22,BTCUSDT,1.1473,2024-08-20 08:30:00
23,BTCUSDT,1.1720,2024-08-20 09:00:00
24,BTCUSDT,1.1997,2024-08-20 09:30:00
25,BTCUSDT,1.1944,2024-08-20 10:00:00
26,BTCUSDT,1.1887,2024-08-20 10:30:00
27,BTCUSDT,1.2462,2024-08-20 11:00:00
28,BTCUSDT,1.3063,2024-08-20 11:30:00
29,BTCUSDT,1.4594,2024-08-20 12:00:00
30,BTCUSDT,1.7196,2024-08-20 12:30:00
31,BTCUSDT,1.8201,2024-08-20 13:00:00
32,BTCUSDT,1.8877,2024-08-20 13:30:00
33,BTCUSDT,1.9257,2024-08-20 14:00:00
34,BTCUSDT,1.9700,2024-08-20 14:30:00
35,BTCUSDT,2.0386,2024-08-20 15:00:00
36,BTCUSDT,2.0684,2024-08-20 15:30:00
37,BTCUSDT,2.0157,2024-08-20 16:00:00
38,BTCUSDT,2.0130,2024-08-20 16:30:00
39,BTCUSDT,2.0358,2024-08-20 17:00:00
40,BTCUSDT,2.0312,2024-08-20 17:30:00
41,BTCUSDT,1.9860,2024-08-20 18:00:00
42,BTCUSDT,1.9630,2024-08-20 18:30:00
43,BTCUSDT,1.9904,2024-08-20 19:00:00
44,BTCUSDT,1.9860,2024-08-20 19:30:00
45,BTCUSDT,1.9656,2024-08-20 20:00:00
46,BTCUSDT,1.9360,2024-08-20 20:30:00
47,BTCUSDT,1.9257,2024-08-20 21:00:00
48,BTCUSDT,1.9612,2024-08-20 21:30:00
49,BTCUSDT,1.9386,2024-08-20 22:00:00
50,BTCUSDT,1.9172,2024-08-20 22:30:00
51,BTCUSDT,1.9394,2024-08-20 23:00:00
52,BTCUSDT,1.9231,2024-08-20 23:30:00
53,BTCUSDT,1.9214,2024-08-21 00:00:00
54,BTCUSDT,1.9061,2024-08-21 00:30:00
55,BTCUSDT,1.8893,2024-08-21 01:00:00
56,BTCUSDT,1.8927,2024-08-21 01:30:00
57,BTCUSDT,1.9019,2024-08-21 02:00:00
58,BTCUSDT,1.9028,2024-08-21 02:30:00
59,BTCUSDT,1.8902,2024-08-21 03:00:00
60,BTCUSDT,1.9386,2024-08-21 03:30:00
61,BTCUSDT,1.9019,2024-08-21 04:00:00
62,BTCUSDT,1.9036,2024-08-21 04:30:00
63,BTCUSDT,1.9019,2024-08-21 05:00:00
64,BTCUSDT,1.8662,2024-08-21 05:30:00
65,BTCUSDT,1.8514,2024-08-21 06:00:00
66,BTCUSDT,1.8106,2024-08-21 06:30:00
67,BTCUSDT,1.8361,2024-08-21 07:00:00
68,BTCUSDT,1.8361,2024-08-21 07:30:00
69,BTCUSDT,1.8385,2024-08-21 08:00:00
70,BTCUSDT,1.8137,2024-08-21 08:30:00
71,BTCUSDT,1.8137,2024-08-21 09:00:00
72,BTCUSDT,1.7925,2024-08-21 09:30:00
73,BTCUSDT,1.7910,2024-08-21 10:00:00
74,BTCUSDT,1.7855,2024-08-21 10:30:00
75,BTCUSDT,1.8161,2024-08-21 11:00:00
76,BTCUSDT,1.7778,2024-08-21 11:30:00
77,BTCUSDT,1.8345,2024-08-21 12:00:00
78,BTCUSDT,1.8265,2024-08-21 12:30:00
79,BTCUSDT,1.7996,2024-08-21 13:00:00
80,BTCUSDT,1.8337,2024-08-21 13:30:00
81,BTCUSDT,1.7533,2024-08-21 14:00:00
82,BTCUSDT,1.7375,2024-08-21 14:30:00
83,BTCUSDT,1.6903,2024-08-21 15:00:00
84,BTCUSDT,1.6490,2024-08-21 15:30:00
85,BTCUSDT,1.4975,2024-08-21 16:00:00
86,BTCUSDT,1.3730,2024-08-21 16:30:00
87,BTCUSDT,1.3095,2024-08-21 17:00:00
88,BTCUSDT,1.2065,2024-08-21 17:30:00
89,BTCUSDT,1.1997,2024-08-21 18:00:00
90,BTCUSDT,1.1983,2024-08-21 18:30:00
91,BTCUSDT,1.1782,2024-08-21 19:00:00
92,BTCUSDT,1.1706,2024-08-21 19:30:00
93,BTCUSDT,1.1515,2024-08-21 20:00:00
94,BTCUSDT,1.1404,2024-08-21 20:30:00
95,BTCUSDT,1.1290,2024-08-21 21:00:00
96,BTCUSDT,1.1186,2024-08-21 21:30:00
97,BTCUSDT,1.0912,2024-08-21 22:00:00
98,BTCUSDT,1.1030,2024-08-21 22:30:00
99,BTCUSDT,1.1026,2024-08-21 23:00:00
100,BTCUSDT,1.0991,2024-08-21 23:30:00
101,BTCUSDT,1.2232,2024-08-22 00:00:00
102,BTCUSDT,1.2512,2024-08-22 00:30:00
103,BTCUSDT,1.2826,2024-08-22 01:00:00
104,BTCUSDT,1.2915,2024-08-22 01:30:00
105,BTCUSDT,1.2978,2024-08-22 02:00:00
106,BTCUSDT,1.2722,2024-08-22 02:30:00
107,BTCUSDT,1.2497,2024-08-22 03:00:00
108,BTCUSDT,1.2732,2024-08-22 03:30:00
109,BTCUSDT,1.2743,2024-08-22 04:00:00
110,BTCUSDT,1.2722,2024-08-22 04:30:00
111,BTCUSDT,1.2920,2024-08-22 05:00:00
112,BTCUSDT,1.2650,2024-08-22 05:30:00
113,BTCUSDT,1.2604,2024-08-22 06:00:00
114,BTCUSDT,1.2406,2024-08-22 06:30:00
115,BTCUSDT,1.2321,2024-08-22 07:00:00
116,BTCUSDT,1.2422,2024-08-22 07:30:00
117,BTCUSDT,1.2477,2024-08-22 08:00:00
118,BTCUSDT,1.2070,2024-08-22 08:30:00
119,BTCUSDT,1.2036,2024-08-22 09:00:00
120,BTCUSDT,1.1749,2024-08-22 09:30:00
121,BTCUSDT,1.1834,2024-08-22 10:00:00
122,BTCUSDT,1.1867,2024-08-22 10:30:00
123,BTCUSDT,1.2331,2024-08-22 11:00:00
124,BTCUSDT,1.2774,2024-08-22 11:30:00
125,BTCUSDT,1.3004,2024-08-22 12:00:00
126,BTCUSDT,1.3419,2024-08-22 12:30:00
127,BTCUSDT,1.3992,2024-08-22 13:00:00
128,BTCUSDT,1.4307,2024-08-22 13:30:00
129,BTCUSDT,1.4462,2024-08-22 14:00:00
130,BTCUSDT,1.4618,2024-08-22 14:30:00
131,BTCUSDT,1.4734,2024-08-22 15:00:00
132,BTCUSDT,1.4826,2024-08-22 15:30:00
133,BTCUSDT,1.4845,2024-08-22 16:00:00
134,BTCUSDT,1.5113,2024-08-22 16:30:00
135,BTCUSDT,1.5278,2024-08-22 17:00:00
136,BTCUSDT,1.5310,2024-08-22 17:30:00
137,BTCUSDT,1.5349,2024-08-22 18:00:00
138,BTCUSDT,1.5323,2024-08-22 18:30:00
139,BTCUSDT,1.5361,2024-08-22 19:00:00
140,BTCUSDT,1.5355,2024-08-22 19:30:00
141,BTCUSDT,1.5394,2024-08-22 20:00:00
142,BTCUSDT,1.5394,2024-08-22 20:30:00
143,BTCUSDT,1.5667,2024-08-22 21:00:00
144,BTCUSDT,1.5767,2024-08-22 21:30:00
145,BTCUSDT,1.5407,2024-08-22 22:00:00
146,BTCUSDT,1.5355,2024-08-22 22:30:00
147,BTCUSDT,1.5387,2024-08-22 23:00:00
148,BTCUSDT,1.5407,2024-08-22 23:30:00
149,BTCUSDT,1.5316,2024-08-23 00:00:00
150,BTCUSDT,1.5342,2024-08-23 00:30:00
151,BTCUSDT,1.5368,2024-08-23 01:00:00
152,BTCUSDT,1.5641,2024-08-23 01:30:00
153,BTCUSDT,1.5621,2024-08-23 02:00:00
154,BTCUSDT,1.4950,2024-08-23 02:30:00
155,BTCUSDT,1.4888,2024-08-23 03:00:00
156,BTCUSDT,1.4600,2024-08-23 03:30:00
157,BTCUSDT,1.3810,2024-08-23 04:00:00
158,BTCUSDT,1.3579,2024-08-23 04:30:00
159,BTCUSDT,1.3624,2024-08-23 05:00:00
160,BTCUSDT,1.3759,2024-08-23 05:30:00
161,BTCUSDT,1.3474,2024-08-23 06:00:00
162,BTCUSDT,1.3148,2024-08-23 06:30:00
163,BTCUSDT,1.2957,2024-08-23 07:00:00
164,BTCUSDT,1.3057,2024-08-23 07:30:00
165,BTCUSDT,1.3047,2024-08-23 08:00:00
166,BTCUSDT,1.3041,2024-08-23 08:30:00
167,BTCUSDT,1.3299,2024-08-23 09:00:00
168,BTCUSDT,1.3742,2024-08-23 09:30:00
169,BTCUSDT,1.3652,2024-08-23 10:00:00
170,BTCUSDT,1.3585,2024-08-23 10:30:00
171,BTCUSDT,1.3529,2024-08-23 11:00:00
172,BTCUSDT,1.2217,2024-08-23 11:30:00
173,BTCUSDT,1.3326,2024-08-23 12:00:00
174,BTCUSDT,1.3089,2024-08-23 12:30:00
175,BTCUSDT,1.2306,2024-08-23 13:00:00
176,BTCUSDT,1.2346,2024-08-23 13:30:00
177,BTCUSDT,1.2302,2024-08-23 14:00:00
178,BTCUSDT,1.2158,2024-08-23 14:30:00
179,BTCUSDT,1.0842,2024-08-23 15:00:00
180,BTCUSDT,1.0125,2024-08-23 15:30:00
181,BTCUSDT,0.9643,2024-08-23 16:00:00
182,BTCUSDT,0.9771,2024-08-23 16:30:00
183,BTCUSDT,0.9459,2024-08-23 17:00:00
184,BTCUSDT,0.9316,2024-08-23 17:30:00
185,BTCUSDT,0.9084,2024-08-23 18:00:00
186,BTCUSDT,0.9600,2024-08-23 18:30:00
187,BTCUSDT,0.9505,2024-08-23 19:00:00
188,BTCUSDT,0.9448,2024-08-23 19:30:00
189,BTCUSDT,0.9264,2024-08-23 20:00:00
190,BTCUSDT,0.9246,2024-08-23 20:30:00
191,BTCUSDT,0.9029,2024-08-23 21:00:00
192,BTCUSDT,0.8993,2024-08-23 21:30:00
193,BTCUSDT,0.9073,2024-08-23 22:00:00
194,BTCUSDT,0.8850,2024-08-23 22:30:00
195,BTCUSDT,0.8871,2024-08-23 23:00:00
196,BTCUSDT,0.8975,2024-08-23 23:30:00
197,BTCUSDT,0.9011,2024-08-24 00:00:00
198,BTCUSDT,0.9037,2024-08-24 00:30:00
199,BTCUSDT,0.8961,2024-08-24 01:00:00
200,BTCUSDT,0.8993,2024-08-24 01:30:00
201,BTCUSDT,0.8968,2024-08-24 02:00:00
202,BTCUSDT,0.9048,2024-08-24 02:30:00
203,BTCUSDT,0.9095,2024-08-24 03:00:00
204,BTCUSDT,0.9128,2024-08-24 03:30:00
205,BTCUSDT,0.9406,2024-08-24 04:00:00
206,BTCUSDT,0.9486,2024-08-24 04:30:00
207,BTCUSDT,0.9566,2024-08-24 05:00:00
208,BTCUSDT,0.9433,2024-08-24 05:30:00
209,BTCUSDT,0.9482,2024-08-24 06:00:00
210,BTCUSDT,0.9376,2024-08-24 06:30:00
211,BTCUSDT,0.9331,2024-08-24 07:00:00
212,BTCUSDT,0.9298,2024-08-24 07:30:00
213,BTCUSDT,0.9062,2024-08-24 08:00:00
214,BTCUSDT,0.9001,2024-08-24 08:30:00
215,BTCUSDT,0.8868,2024-08-24 09:00:00
216,BTCUSDT,0.9059,2024-08-24 09:30:00
217,BTCUSDT,0.9066,2024-08-24 10:00:00
218,BTCUSDT,0.9161,2024-08-24 10:30:00
219,BTCUSDT,0.9183,2024-08-24 11:00:00
220,BTCUSDT,0.9227,2024-08-24 11:30:00
221,BTCUSDT,0.9260,2024-08-24 12:00:00
222,BTCUSDT,0.9231,2024-08-24 12:30:00
223,BTCUSDT,0.9153,2024-08-24 13:00:00
224,BTCUSDT,0.9531,2024-08-24 13:30:00
225,BTCUSDT,0.9604,2024-08-24 14:00:00
226,BTCUSDT,0.9643,2024-08-24 14:30:00
227,BTCUSDT,0.9681,2024-08-24 15:00:00
228,BTCUSDT,0.9543,2024-08-24 15:30:00
229,BTCUSDT,0.9596,2024-08-24 16:00:00
230,BTCUSDT,0.9631,2024-08-24 16:30:00
231,BTCUSDT,0.9558,2024-08-24 17:00:00
232,BTCUSDT,0.9592,2024-08-24 17:30:00
233,BTCUSDT,0.9589,2024-08-24 18:00:00
234,BTCUSDT,0.9608,2024-08-24 18:30:00
235,BTCUSDT,0.9309,2024-08-24 19:00:00
236,BTCUSDT,0.9467,2024-08-24 19:30:00
237,BTCUSDT,0.9508,2024-08-24 20:00:00
238,BTCUSDT,0.9558,2024-08-24 20:30:00
239,BTCUSDT,0.9627,2024-08-24 21:00:00
240,BTCUSDT,0.9470,2024-08-24 21:30:00
241,BTCUSDT,0.9290,2024-08-24 22:00:00
242,BTCUSDT,0.9275,2024-08-24 22:30:00
243,BTCUSDT,0.9231,2024-08-24 23:00:00
244,BTCUSDT,0.9301,2024-08-24 23:30:00
245,BTCUSDT,0.9257,2024-08-25 00:00:00
246,BTCUSDT,0.9238,2024-08-25 00:30:00
247,BTCUSDT,0.9190,2024-08-25 01:00:00
248,BTCUSDT,0.9172,2024-08-25 01:30:00
249,BTCUSDT,0.9275,2024-08-25 02:00:00
250,BTCUSDT,0.9369,2024-08-25 02:30:00
251,BTCUSDT,0.9324,2024-08-25 03:00:00
252,BTCUSDT,0.9279,2024-08-25 03:30:00
253,BTCUSDT,0.9238,2024-08-25 04:00:00
254,BTCUSDT,0.9106,2024-08-25 04:30:00
255,BTCUSDT,0.9102,2024-08-25 05:00:00
256,BTCUSDT,0.9238,2024-08-25 05:30:00
257,BTCUSDT,0.9216,2024-08-25 06:00:00
258,BTCUSDT,0.9194,2024-08-25 06:30:00
259,BTCUSDT,0.9305,2024-08-25 07:00:00
260,BTCUSDT,0.9372,2024-08-25 07:30:00
261,BTCUSDT,0.9339,2024-08-25 08:00:00
262,BTCUSDT,0.9474,2024-08-25 08:30:00
263,BTCUSDT,0.9524,2024-08-25 09:00:00
264,BTCUSDT,0.9569,2024-08-25 09:30:00
265,BTCUSDT,0.9616,2024-08-25 10:00:00
266,BTCUSDT,0.9743,2024-08-25 10:30:00
267,BTCUSDT,0.9775,2024-08-25 11:00:00
268,BTCUSDT,0.9666,2024-08-25 11:30:00
269,BTCUSDT,0.9654,2024-08-25 12:00:00
270,BTCUSDT,0.9650,2024-08-25 12:30:00
271,BTCUSDT,0.9531,2024-08-25 13:00:00
272,BTCUSDT,0.9474,2024-08-25 13:30:00
273,BTCUSDT,0.9429,2024-08-25 14:00:00
274,BTCUSDT,0.9467,2024-08-25 14:30:00
275,BTCUSDT,0.9524,2024-08-25 15:00:00
276,BTCUSDT,0.9535,2024-08-25 15:30:00
277,BTCUSDT,0.9554,2024-08-25 16:00:00
278,BTCUSDT,0.9527,2024-08-25 16:30:00
279,BTCUSDT,0.9520,2024-08-25 17:00:00
280,BTCUSDT,0.9497,2024-08-25 17:30:00
281,BTCUSDT,0.9459,2024-08-25 18:00:00
282,BTCUSDT,0.9516,2024-08-25 18:30:00
283,BTCUSDT,0.9501,2024-08-25 19:00:00
284,BTCUSDT,0.9486,2024-08-25 19:30:00
285,BTCUSDT,0.9455,2024-08-25 20:00:00
286,BTCUSDT,0.9335,2024-08-25 20:30:00
287,BTCUSDT,0.9387,2024-08-25 21:00:00
288,BTCUSDT,0.9339,2024-08-25 21:30:00
289,BTCUSDT,0.9335,2024-08-25 22:00:00
290,BTCUSDT,0.9372,2024-08-25 22:30:00
291,BTCUSDT,0.9354,2024-08-25 23:00:00
292,BTCUSDT,0.9459,2024-08-25 23:30:00
293,BTCUSDT,0.9543,2024-08-26 00:00:00
294,BTCUSDT,0.9643,2024-08-26 00:30:00
295,BTCUSDT,0.9654,2024-08-26 01:00:00
296,BTCUSDT,0.9732,2024-08-26 01:30:00
297,BTCUSDT,0.9697,2024-08-26 02:00:00
298,BTCUSDT,0.9689,2024-08-26 02:30:00
299,BTCUSDT,0.9747,2024-08-26 03:00:00
300,BTCUSDT,0.9689,2024-08-26 03:30:00
301,BTCUSDT,0.9720,2024-08-26 04:00:00
302,BTCUSDT,0.9837,2024-08-26 04:30:00
303,BTCUSDT,0.9826,2024-08-26 05:00:00
304,BTCUSDT,0.9944,2024-08-26 05:30:00
305,BTCUSDT,1.0004,2024-08-26 06:00:00
306,BTCUSDT,1.0096,2024-08-26 06:30:00
307,BTCUSDT,1.0173,2024-08-26 07:00:00
308,BTCUSDT,1.0300,2024-08-26 07:30:00
309,BTCUSDT,1.0313,2024-08-26 08:00:00
310,BTCUSDT,1.0383,2024-08-26 08:30:00
311,BTCUSDT,1.0412,2024-08-26 09:00:00
312,BTCUSDT,1.0387,2024-08-26 09:30:00
313,BTCUSDT,1.0350,2024-08-26 10:00:00
314,BTCUSDT,1.0530,2024-08-26 10:30:00
315,BTCUSDT,1.0538,2024-08-26 11:00:00
316,BTCUSDT,1.0665,2024-08-26 11:30:00
317,BTCUSDT,1.0851,2024-08-26 12:00:00
318,BTCUSDT,1.0872,2024-08-26 12:30:00
319,BTCUSDT,1.0777,2024-08-26 13:00:00
320,BTCUSDT,1.0683,2024-08-26 13:30:00
321,BTCUSDT,1.0704,2024-08-26 14:00:00
322,BTCUSDT,1.0585,2024-08-26 14:30:00
323,BTCUSDT,1.0713,2024-08-26 15:00:00
324,BTCUSDT,1.0734,2024-08-26 15:30:00
325,BTCUSDT,1.0513,2024-08-26 16:00:00
326,BTCUSDT,1.0454,2024-08-26 16:30:00
327,BTCUSDT,1.0551,2024-08-26 17:00:00
328,BTCUSDT,1.0695,2024-08-26 17:30:00
329,BTCUSDT,1.0743,2024-08-26 18:00:00
330,BTCUSDT,1.0956,2024-08-26 18:30:00
331,BTCUSDT,1.1079,2024-08-26 19:00:00
332,BTCUSDT,1.1017,2024-08-26 19:30:00
333,BTCUSDT,1.1106,2024-08-26 20:00:00
334,BTCUSDT,1.1218,2024-08-26 20:30:00
335,BTCUSDT,1.1308,2024-08-26 21:00:00
336,BTCUSDT,1.1492,2024-08-26 21:30:00
337,BTCUSDT,1.1636,2024-08-26 22:00:00
338,BTCUSDT,1.1631,2024-08-26 22:30:00
339,BTCUSDT,1.1706,2024-08-26 23:00:00
340,BTCUSDT,1.1687,2024-08-26 23:30:00
341,BTCUSDT,1.1820,2024-08-27 00:00:00
342,BTCUSDT,1.2051,2024-08-27 00:30:00
343,BTCUSDT,1.2163,2024-08-27 01:00:00
344,BTCUSDT,1.2183,2024-08-27 01:30:00
345,BTCUSDT,1.2292,2024-08-27 02:00:00
346,BTCUSDT,1.2457,2024-08-27 02:30:00
347,BTCUSDT,1.2609,2024-08-27 03:00:00
348,BTCUSDT,1.2558,2024-08-27 03:30:00
349,BTCUSDT,1.3127,2024-08-27 04:00:00
350,BTCUSDT,1.3408,2024-08-27 04:30:00
351,BTCUSDT,1.3359,2024-08-27 05:00:00
352,BTCUSDT,1.3315,2024-08-27 05:30:00
353,BTCUSDT,1.3397,2024-08-27 06:00:00
354,BTCUSDT,1.3277,2024-08-27 06:30:00
355,BTCUSDT,1.3256,2024-08-27 07:00:00
356,BTCUSDT,1.3502,2024-08-27 07:30:00
357,BTCUSDT,1.3781,2024-08-27 08:00:00
358,BTCUSDT,1.4207,2024-08-27 08:30:00
359,BTCUSDT,1.4056,2024-08-27 09:00:00
360,BTCUSDT,1.4313,2024-08-27 09:30:00
361,BTCUSDT,1.4462,2024-08-27 10:00:00
362,BTCUSDT,1.4637,2024-08-27 10:30:00
363,BTCUSDT,1.4814,2024-08-27 11:00:00
364,BTCUSDT,1.6035,2024-08-27 11:30:00
365,BTCUSDT,1.6427,2024-08-27 12:00:00
366,BTCUSDT,1.7034,2024-08-27 12:30:00
367,BTCUSDT,1.7571,2024-08-27 13:00:00
368,BTCUSDT,1.8129,2024-08-27 13:30:00
369,BTCUSDT,1.8106,2024-08-27 14:00:00
370,BTCUSDT,1.8539,2024-08-27 14:30:00
371,BTCUSDT,1.8466,2024-08-27 15:00:00
372,BTCUSDT,1.8802,2024-08-27 15:30:00
373,BTCUSDT,1.8893,2024-08-27 16:00:00
374,BTCUSDT,1.9061,2024-08-27 16:30:00
375,BTCUSDT,1.8860,2024-08-27 17:00:00
376,BTCUSDT,1.8852,2024-08-27 17:30:00
377,BTCUSDT,1.8810,2024-08-27 18:00:00
378,BTCUSDT,1.8694,2024-08-27 18:30:00
379,BTCUSDT,1.9499,2024-08-27 19:00:00
380,BTCUSDT,1.9994,2024-08-27 19:30:00
381,BTCUSDT,2.0779,2024-08-27 20:00:00
382,BTCUSDT,2.1046,2024-08-27 20:30:00
383,BTCUSDT,2.0864,2024-08-27 21:00:00
384,BTCUSDT,2.0321,2024-08-27 21:30:00
385,BTCUSDT,2.0798,2024-08-27 22:00:00
386,BTCUSDT,2.0798,2024-08-27 22:30:00
387,BTCUSDT,2.1037,2024-08-27 23:00:00
388,BTCUSDT,2.0912,2024-08-27 23:30:00
389,BTCUSDT,2.1037,2024-08-28 00:00:00
390,BTCUSDT,2.1496,2024-08-28 00:30:00
391,BTCUSDT,2.2020,2024-08-28 01:00:00
392,BTCUSDT,2.1827,2024-08-28 01:30:00
393,BTCUSDT,2.1377,2024-08-28 02:00:00
394,BTCUSDT,2.1939,2024-08-28 02:30:00
395,BTCUSDT,2.1990,2024-08-28 03:00:00
396,BTCUSDT,2.1726,2024-08-28 03:30:00
397,BTCUSDT,2.1626,2024-08-28 04:00:00
398,BTCUSDT,2.1546,2024-08-28 04:30:00
399,BTCUSDT,2.0731,2024-08-28 05:00:00
400,BTCUSDT,2.2072,2024-08-28 05:30:00
401,BTCUSDT,2.2041,2024-08-28 06:00:00
402,BTCUSDT,2.2165,2024-08-28 06:30:00
403,BTCUSDT,2.3058,2024-08-28 07:00:00
404,BTCUSDT,2.1959,2024-08-28 07:30:00
405,BTCUSDT,2.1417,2024-08-28 08:00:00
406,BTCUSDT,2.1766,2024-08-28 08:30:00
407,BTCUSDT,2.1387,2024-08-28 09:00:00
408,BTCUSDT,2.1616,2024-08-28 09:30:00
409,BTCUSDT,2.1348,2024-08-28 10:00:00
410,BTCUSDT,2.0845,2024-08-28 10:30:00
411,BTCUSDT,2.0039,2024-08-28 11:00:00
412,BTCUSDT,2.0779,2024-08-28 11:30:00
413,BTCUSDT,2.1476,2024-08-28 12:00:00
414,BTCUSDT,2.2425,2024-08-28 12:30:00
415,BTCUSDT,2.3864,2024-08-28 13:00:00
416,BTCUSDT,2.3910,2024-08-28 13:30:00
417,BTCUSDT,2.4305,2024-08-28 14:00:00
418,BTCUSDT,2.3223,2024-08-28 14:30:00
419,BTCUSDT,2.3102,2024-08-28 15:00:00
420,BTCUSDT,2.3411,2024-08-28 15:30:00
421,BTCUSDT,2.4048,2024-08-28 16:00:00
422,BTCUSDT,2.3795,2024-08-28 16:30:00
423,BTCUSDT,2.3715,2024-08-28 17:00:00
424,BTCUSDT,2.4106,2024-08-28 17:30:00
425,BTCUSDT,2.3875,2024-08-28 18:00:00
426,BTCUSDT,2.3875,2024-08-28 18:30:00
427,BTCUSDT,2.3750,2024-08-28 19:00:00
428,BTCUSDT,2.3546,2024-08-28 19:30:00
429,BTCUSDT,2.3921,2024-08-28 20:00:00
430,BTCUSDT,2.3704,2024-08-28 20:30:00
431,BTCUSDT,2.3841,2024-08-28 21:00:00
432,BTCUSDT,2.4037,2024-08-28 21:30:00
433,BTCUSDT,2.3875,2024-08-28 22:00:00
434,BTCUSDT,2.4235,2024-08-28 22:30:00
435,BTCUSDT,2.4118,2024-08-28 23:00:00
436,BTCUSDT,2.4072,2024-08-28 23:30:00
437,BTCUSDT,2.3818,2024-08-29 00:00:00
438,BTCUSDT,2.3910,2024-08-29 00:30:00
439,BTCUSDT,2.3933,2024-08-29 01:00:00
440,BTCUSDT,2.3910,2024-08-29 01:30:00
441,BTCUSDT,2.3990,2024-08-29 02:00:00
442,BTCUSDT,2.4095,2024-08-29 02:30:00
443,BTCUSDT,2.4447,2024-08-29 03:00:00
444,BTCUSDT,2.3807,2024-08-29 03:30:00
445,BTCUSDT,2.3613,2024-08-29 04:00:00
446,BTCUSDT,2.3278,2024-08-29 04:30:00
447,BTCUSDT,2.3333,2024-08-29 05:00:00
448,BTCUSDT,2.2916,2024-08-29 05:30:00
449,BTCUSDT,2.2798,2024-08-29 06:00:00
450,BTCUSDT,2.2723,2024-08-29 06:30:00
451,BTCUSDT,2.2489,2024-08-29 07:00:00
452,BTCUSDT,2.2468,2024-08-29 07:30:00
453,BTCUSDT,2.2227,2024-08-29 08:00:00
454,BTCUSDT,2.1898,2024-08-29 08:30:00
455,BTCUSDT,2.0941,2024-08-29 09:00:00
456,BTCUSDT,2.0998,2024-08-29 09:30:00
457,BTCUSDT,2.0441,2024-08-29 10:00:00
458,BTCUSDT,1.9949,2024-08-29 10:30:00
459,BTCUSDT,1.9709,2024-08-29 11:00:00
460,BTCUSDT,1.9343,2024-08-29 11:30:00
461,BTCUSDT,1.8670,2024-08-29 12:00:00
462,BTCUSDT,1.8035,2024-08-29 12:30:00
463,BTCUSDT,1.7255,2024-08-29 13:00:00
464,BTCUSDT,1.6413,2024-08-29 13:30:00
465,BTCUSDT,1.6137,2024-08-29 14:00:00
466,BTCUSDT,1.6774,2024-08-29 14:30:00
467,BTCUSDT,1.7012,2024-08-29 15:00:00
468,BTCUSDT,1.7307,2024-08-29 15:30:00
469,BTCUSDT,1.8043,2024-08-29 16:00:00
470,BTCUSDT,1.8843,2024-08-29 16:30:00
471,BTCUSDT,1.8769,2024-08-29 17:00:00
472,BTCUSDT,1.8868,2024-08-29 17:30:00
473,BTCUSDT,1.9053,2024-08-29 18:00:00
474,BTCUSDT,1.9112,2024-08-29 18:30:00
475,BTCUSDT,1.9163,2024-08-29 19:00:00
476,BTCUSDT,1.9155,2024-08-29 19:30:00
477,BTCUSDT,1.9386,2024-08-29 20:00:00
478,BTCUSDT,1.9771,2024-08-29 20:30:00
479,BTCUSDT,2.0120,2024-08-29 21:00:00
480,BTCUSDT,2.0202,2024-08-29 21:30:00
481,BTCUSDT,2.0647,2024-08-29 22:00:00
482,BTCUSDT,2.0506,2024-08-29 22:30:00
483,BTCUSDT,2.0600,2024-08-29 23:00:00
484,BTCUSDT,2.0750,2024-08-29 23:30:00
485,BTCUSDT,2.0836,2024-08-30 00:00:00
486,BTCUSDT,2.0544,2024-08-30 00:30:00
487,BTCUSDT,2.0618,2024-08-30 01:00:00
488,BTCUSDT,2.0769,2024-08-30 01:30:00
489,BTCUSDT,2.0836,2024-08-30 02:00:00
490,BTCUSDT,2.0600,2024-08-30 02:30:00
491,BTCUSDT,2.0883,2024-08-30 03:00:00
492,BTCUSDT,2.1114,2024-08-30 03:30:00
493,BTCUSDT,2.1776,2024-08-30 04:00:00
494,BTCUSDT,2.2082,2024-08-30 04:30:00
495,BTCUSDT,2.1368,2024-08-30 05:00:00
496,BTCUSDT,2.1756,2024-08-30 05:30:00
497,BTCUSDT,2.1496,2024-08-30 06:00:00
498,BTCUSDT,2.1797,2024-08-30 06:30:00
499,BTCUSDT,2.1827,2024-08-30 07:00:00
500,BTCUSDT,2.1706,2024-08-30 07:30:00
501,BTCUSDT,2.1299,2024-08-30 08:00:00
502,BTCUSDT,2.0921,2024-08-30 08:30:00
503,BTCUSDT,2.0285,2024-08-30 09:00:00
504,BTCUSDT,2.0609,2024-08-30 09:30:00
505,BTCUSDT,2.1407,2024-08-30 10:00:00
506,BTCUSDT,2.1143,2024-08-30 10:30:00
507,BTCUSDT,2.0741,2024-08-30 11:00:00
508,BTCUSDT,2.1279,2024-08-30 11:30:00
509,BTCUSDT,2.1476,2024-08-30 12:00:00
510,BTCUSDT,2.3223,2024-08-30 12:30:00
511,BTCUSDT,2.4106,2024-08-30 13:00:00
512,BTCUSDT,2.4412,2024-08-30 13:30:00
513,BTCUSDT,2.4758,2024-08-30 14:00:00
514,BTCUSDT,2.4176,2024-08-30 14:30:00
515,BTCUSDT,2.4578,2024-08-30 15:00:00
516,BTCUSDT,2.5186,2024-08-30 15:30:00
517,BTCUSDT,2.4247,2024-08-30 16:00:00
518,BTCUSDT,2.3715,2024-08-30 16:30:00
519,BTCUSDT,2.3434,2024-08-30 17:00:00
520,BTCUSDT,2.3670,2024-08-30 17:30:00
521,BTCUSDT,2.3807,2024-08-30 18:00:00
522,BTCUSDT,2.4002,2024-08-30 18:30:00
523,BTCUSDT,2.3807,2024-08-30 19:00:00
524,BTCUSDT,2.3887,2024-08-30 19:30:00
525,BTCUSDT,2.3738,2024-08-30 20:00:00
526,BTCUSDT,2.3636,2024-08-30 20:30:00
527,BTCUSDT,2.3389,2024-08-30 21:00:00
528,BTCUSDT,2.3289,2024-08-30 21:30:00
529,BTCUSDT,2.3278,2024-08-30 22:00:00
530,BTCUSDT,2.3245,2024-08-30 22:30:00
531,BTCUSDT,2.3135,2024-08-30 23:00:00
532,BTCUSDT,2.2916,2024-08-30 23:30:00
533,BTCUSDT,2.2776,2024-08-31 00:00:00
534,BTCUSDT,2.2595,2024-08-31 00:30:00
535,BTCUSDT,2.2690,2024-08-31 01:00:00
536,BTCUSDT,2.2680,2024-08-31 01:30:00
537,BTCUSDT,2.2852,2024-08-31 02:00:00
538,BTCUSDT,2.2552,2024-08-31 02:30:00
539,BTCUSDT,2.2373,2024-08-31 03:00:00
540,BTCUSDT,2.2216,2024-08-31 03:30:00
541,BTCUSDT,2.1908,2024-08-31 04:00:00
542,BTCUSDT,2.1506,2024-08-31 04:30:00
543,BTCUSDT,2.1328,2024-08-31 05:00:00
544,BTCUSDT,2.1066,2024-08-31 05:30:00
545,BTCUSDT,2.0497,2024-08-31 06:00:00
546,BTCUSDT,2.0312,2024-08-31 06:30:00
547,BTCUSDT,2.0321,2024-08-31 07:00:00
548,BTCUSDT,2.0807,2024-08-31 07:30:00
549,BTCUSDT,2.1221,2024-08-31 08:00:00
550,BTCUSDT,2.1358,2024-08-31 08:30:00
551,BTCUSDT,2.1182,2024-08-31 09:00:00
552,BTCUSDT,2.1085,2024-08-31 09:30:00
553,BTCUSDT,2.1299,2024-08-31 10:00:00
554,BTCUSDT,2.1319,2024-08-31 10:30:00
555,BTCUSDT,2.0469,2024-08-31 11:00:00
556,BTCUSDT,2.0423,2024-08-31 11:30:00
557,BTCUSDT,2.0386,2024-08-31 12:00:00
558,BTCUSDT,2.0349,2024-08-31 12:30:00
559,BTCUSDT,2.0479,2024-08-31 13:00:00
560,BTCUSDT,2.0340,2024-08-31 13:30:00
561,BTCUSDT,2.0312,2024-08-31 14:00:00
562,BTCUSDT,2.0257,2024-08-31 14:30:00
563,BTCUSDT,2.0367,2024-08-31 15:00:00
564,BTCUSDT,2.0618,2024-08-31 15:30:00
565,BTCUSDT,2.0553,2024-08-31 16:00:00
566,BTCUSDT,2.0618,2024-08-31 16:30:00
567,BTCUSDT,2.0703,2024-08-31 17:00:00
568,BTCUSDT,2.0731,2024-08-31 17:30:00
569,BTCUSDT,2.0874,2024-08-31 18:00:00
570,BTCUSDT,2.0883,2024-08-31 18:30:00
571,BTCUSDT,2.0883,2024-08-31 19:00:00
572,BTCUSDT,2.0826,2024-08-31 19:30:00
573,BTCUSDT,2.0741,2024-08-31 20:00:00
574,BTCUSDT,2.0845,2024-08-31 20:30:00
575,BTCUSDT,2.0912,2024-08-31 21:00:00
576,BTCUSDT,2.0960,2024-08-31 21:30:00
577,BTCUSDT,2.0989,2024-08-31 22:00:00
578,BTCUSDT,2.0950,2024-08-31 22:30:00
579,BTCUSDT,2.0893,2024-08-31 23:00:00
580,BTCUSDT,2.0779,2024-08-31 23:30:00
581,BTCUSDT,2.1299,2024-09-01 00:00:00
582,BTCUSDT,2.1636,2024-09-01 00:30:00
583,BTCUSDT,2.1456,2024-09-01 01:00:00
584,BTCUSDT,2.1536,2024-09-01 01:30:00
585,BTCUSDT,2.1746,2024-09-01 02:00:00
586,BTCUSDT,2.3146,2024-09-01 02:30:00
587,BTCUSDT,2.3715,2024-09-01 03:00:00
588,BTCUSDT,2.4317,2024-09-01 03:30:00
589,BTCUSDT,2.4412,2024-09-01 04:00:00
590,BTCUSDT,2.3898,2024-09-01 04:30:00
591,BTCUSDT,2.4200,2024-09-01 05:00:00
592,BTCUSDT,2.3990,2024-09-01 05:30:00
593,BTCUSDT,2.3852,2024-09-01 06:00:00
594,BTCUSDT,2.3921,2024-09-01 06:30:00
595,BTCUSDT,2.4060,2024-09-01 07:00:00
596,BTCUSDT,2.3636,2024-09-01 07:30:00
597,BTCUSDT,2.3670,2024-09-01 08:00:00
598,BTCUSDT,2.4025,2024-09-01 08:30:00
599,BTCUSDT,2.4364,2024-09-01 09:00:00
600,BTCUSDT,2.3795,2024-09-01 09:30:00
601,BTCUSDT,2.3704,2024-09-01 10:00:00
602,BTCUSDT,2.3625,2024-09-01 10:30:00
603,BTCUSDT,2.3344,2024-09-01 11:00:00
604,BTCUSDT,2.2992,2024-09-01 11:30:00
605,BTCUSDT,2.2873,2024-09-01 12:00:00
606,BTCUSDT,2.2873,2024-09-01 12:30:00
607,BTCUSDT,2.3557,2024-09-01 13:00:00
608,BTCUSDT,2.3245,2024-09-01 13:30:00
609,BTCUSDT,2.3212,2024-09-01 14:00:00
610,BTCUSDT,2.3124,2024-09-01 14:30:00
611,BTCUSDT,2.3212,2024-09-01 15:00:00
612,BTCUSDT,2.4118,2024-09-01 15:30:00
613,BTCUSDT,2.4083,2024-09-01 16:00:00
614,BTCUSDT,2.3898,2024-09-01 16:30:00
615,BTCUSDT,2.3933,2024-09-01 17:00:00
616,BTCUSDT,2.4025,2024-09-01 17:30:00
617,BTCUSDT,2.3818,2024-09-01 18:00:00
618,BTCUSDT,2.3795,2024-09-01 18:30:00
619,BTCUSDT,2.4014,2024-09-01 19:00:00
620,BTCUSDT,2.4037,2024-09-01 19:30:00
621,BTCUSDT,2.4329,2024-09-01 20:00:00
622,BTCUSDT,2.4518,2024-09-01 20:30:00
623,BTCUSDT,2.4674,2024-09-01 21:00:00
624,BTCUSDT,2.4977,2024-09-01 21:30:00
625,BTCUSDT,2.4807,2024-09-01 22:00:00
626,BTCUSDT,2.4795,2024-09-01 22:30:00
627,BTCUSDT,2.4819,2024-09-01 23:00:00
628,BTCUSDT,2.4674,2024-09-01 23:30:00
629,BTCUSDT,2.4795,2024-09-02 00:00:00
630,BTCUSDT,2.4106,2024-09-02 00:30:00
631,BTCUSDT,2.4211,2024-09-02 01:00:00
632,BTCUSDT,2.4188,2024-09-02 01:30:00
633,BTCUSDT,2.4118,2024-09-02 02:00:00
634,BTCUSDT,2.4200,2024-09-02 02:30:00
635,BTCUSDT,2.3979,2024-09-02 03:00:00
636,BTCUSDT,2.3738,2024-09-02 03:30:00
637,BTCUSDT,2.3613,2024-09-02 04:00:00
638,BTCUSDT,2.3411,2024-09-02 04:30:00
639,BTCUSDT,2.3613,2024-09-02 05:00:00
640,BTCUSDT,2.2884,2024-09-02 05:30:00
641,BTCUSDT,2.1867,2024-09-02 06:00:00
642,BTCUSDT,2.1626,2024-09-02 06:30:00
643,BTCUSDT,2.2227,2024-09-02 07:00:00
644,BTCUSDT,2.1980,2024-09-02 07:30:00
645,BTCUSDT,2.1387,2024-09-02 08:00:00
646,BTCUSDT,2.1230,2024-09-02 08:30:00
647,BTCUSDT,2.0855,2024-09-02 09:00:00
648,BTCUSDT,2.0562,2024-09-02 09:30:00
649,BTCUSDT,2.0276,2024-09-02 10:00:00
650,BTCUSDT,2.0386,2024-09-02 10:30:00
651,BTCUSDT,2.0030,2024-09-02 11:00:00
652,BTCUSDT,2.0266,2024-09-02 11:30:00
653,BTCUSDT,2.0349,2024-09-02 12:00:00
654,BTCUSDT,2.0202,2024-09-02 12:30:00
655,BTCUSDT,2.0157,2024-09-02 13:00:00
656,BTCUSDT,1.9985,2024-09-02 13:30:00
657,BTCUSDT,1.9869,2024-09-02 14:00:00
658,BTCUSDT,2.0285,2024-09-02 14:30:00
659,BTCUSDT,2.0423,2024-09-02 15:00:00
660,BTCUSDT,2.0581,2024-09-02 15:30:00
661,BTCUSDT,2.0441,2024-09-02 16:00:00
662,BTCUSDT,2.0367,2024-09-02 16:30:00
663,BTCUSDT,2.0321,2024-09-02 17:00:00
664,BTCUSDT,2.0266,2024-09-02 17:30:00
665,BTCUSDT,2.1546,2024-09-02 18:00:00
666,BTCUSDT,2.0807,2024-09-02 18:30:00
667,BTCUSDT,2.0637,2024-09-02 19:00:00
668,BTCUSDT,2.0590,2024-09-02 19:30:00
669,BTCUSDT,2.0562,2024-09-02 20:00:00
670,BTCUSDT,2.0139,2024-09-02 20:30:00
671,BTCUSDT,2.0157,2024-09-02 21:00:00
672,BTCUSDT,2.0166,2024-09-02 21:30:00
673,BTCUSDT,2.0441,2024-09-02 22:00:00
674,BTCUSDT,2.0130,2024-09-02 22:30:00
675,BTCUSDT,1.9949,2024-09-02 23:00:00
676,BTCUSDT,1.9621,2024-09-02 23:30:00
677,BTCUSDT,1.9656,2024-09-03 00:00:00
678,BTCUSDT,1.9568,2024-09-03 00:30:00
679,BTCUSDT,1.9464,2024-09-03 01:00:00
680,BTCUSDT,1.9438,2024-09-03 01:30:00
681,BTCUSDT,1.9464,2024-09-03 02:00:00
682,BTCUSDT,1.9369,2024-09-03 02:30:00
683,BTCUSDT,1.9283,2024-09-03 03:00:00
684,BTCUSDT,1.9019,2024-09-03 03:30:00
685,BTCUSDT,1.8818,2024-09-03 04:00:00
686,BTCUSDT,1.8935,2024-09-03 04:30:00
687,BTCUSDT,1.9248,2024-09-03 05:00:00
688,BTCUSDT,1.9070,2024-09-03 05:30:00
689,BTCUSDT,1.9036,2024-09-03 06:00:00
690,BTCUSDT,1.9163,2024-09-03 06:30:00
691,BTCUSDT,1.9061,2024-09-03 07:00:00
692,BTCUSDT,1.9490,2024-09-03 07:30:00
693,BTCUSDT,1.9464,2024-09-03 08:00:00
694,BTCUSDT,1.9499,2024-09-03 08:30:00
695,BTCUSDT,1.9533,2024-09-03 09:00:00
696,BTCUSDT,1.9869,2024-09-03 09:30:00
697,BTCUSDT,1.9753,2024-09-03 10:00:00
698,BTCUSDT,1.9560,2024-09-03 10:30:00
699,BTCUSDT,2.0451,2024-09-03 11:00:00
700,BTCUSDT,2.2362,2024-09-03 11:30:00
701,BTCUSDT,2.3102,2024-09-03 12:00:00
702,BTCUSDT,2.4025,2024-09-03 12:30:00
703,BTCUSDT,2.4317,2024-09-03 13:00:00
704,BTCUSDT,2.4892,2024-09-03 13:30:00
705,BTCUSDT,2.4977,2024-09-03 14:00:00
706,BTCUSDT,2.5486,2024-09-03 14:30:00
707,BTCUSDT,2.5537,2024-09-03 15:00:00
708,BTCUSDT,2.5625,2024-09-03 15:30:00
709,BTCUSDT,2.5125,2024-09-03 16:00:00
710,BTCUSDT,2.5562,2024-09-03 16:30:00
711,BTCUSDT,2.5373,2024-09-03 17:00:00
712,BTCUSDT,2.5174,2024-09-03 17:30:00
713,BTCUSDT,2.5026,2024-09-03 18:00:00
714,BTCUSDT,2.4941,2024-09-03 18:30:00
715,BTCUSDT,2.4880,2024-09-03 19:00:00
716,BTCUSDT,2.4771,2024-09-03 19:30:00
717,BTCUSDT,2.4388,2024-09-03 20:00:00
718,BTCUSDT,2.4400,2024-09-03 20:30:00
719,BTCUSDT,2.4130,2024-09-03 21:00:00
720,BTCUSDT,2.4662,2024-09-03 21:30:00
721,BTCUSDT,2.4638,2024-09-03 22:00:00
722,BTCUSDT,2.6765,2024-09-03 22:30:00
723,BTCUSDT,2.5486,2024-09-03 23:00:00
724,BTCUSDT,2.5100,2024-09-03 23:30:00
725,BTCUSDT,2.5286,2024-09-04 00:00:00
726,BTCUSDT,2.5740,2024-09-04 00:30:00
727,BTCUSDT,2.5663,2024-09-04 01:00:00
728,BTCUSDT,2.5398,2024-09-04 01:30:00
729,BTCUSDT,2.5791,2024-09-04 02:00:00
730,BTCUSDT,2.5613,2024-09-04 02:30:00
731,BTCUSDT,2.5474,2024-09-04 03:00:00
732,BTCUSDT,2.6576,2024-09-04 03:30:00
733,BTCUSDT,2.6900,2024-09-04 04:00:00
734,BTCUSDT,2.7051,2024-09-04 04:30:00
735,BTCUSDT,2.6873,2024-09-04 05:00:00
736,BTCUSDT,2.6860,2024-09-04 05:30:00
737,BTCUSDT,2.6657,2024-09-04 06:00:00
738,BTCUSDT,2.6101,2024-09-04 06:30:00
739,BTCUSDT,2.5537,2024-09-04 07:00:00
740,BTCUSDT,2.5224,2024-09-04 07:30:00
741,BTCUSDT,2.5112,2024-09-04 08:00:00
742,BTCUSDT,2.5298,2024-09-04 08:30:00
743,BTCUSDT,2.5587,2024-09-04 09:00:00
744,BTCUSDT,2.5638,2024-09-04 09:30:00
745,BTCUSDT,2.5894,2024-09-04 10:00:00
746,BTCUSDT,2.5499,2024-09-04 10:30:00
747,BTCUSDT,2.5386,2024-09-04 11:00:00
748,BTCUSDT,2.5868,2024-09-04 11:30:00
749,BTCUSDT,2.5436,2024-09-04 12:00:00
750,BTCUSDT,2.3003,2024-09-04 12:30:00
751,BTCUSDT,2.2776,2024-09-04 13:00:00
752,BTCUSDT,2.1476,2024-09-04 13:30:00
753,BTCUSDT,2.0358,2024-09-04 14:00:00
754,BTCUSDT,1.9206,2024-09-04 14:30:00
755,BTCUSDT,1.9291,2024-09-04 15:00:00
756,BTCUSDT,1.9386,2024-09-04 15:30:00
757,BTCUSDT,1.9231,2024-09-04 16:00:00
758,BTCUSDT,1.9595,2024-09-04 16:30:00
759,BTCUSDT,1.9985,2024-09-04 17:00:00
760,BTCUSDT,1.9630,2024-09-04 17:30:00
761,BTCUSDT,1.9647,2024-09-04 18:00:00
762,BTCUSDT,1.9472,2024-09-04 18:30:00
763,BTCUSDT,1.9507,2024-09-04 19:00:00
764,BTCUSDT,1.9806,2024-09-04 19:30:00
765,BTCUSDT,1.9797,2024-09-04 20:00:00
766,BTCUSDT,1.9851,2024-09-04 20:30:00
767,BTCUSDT,1.9455,2024-09-04 21:00:00
768,BTCUSDT,1.9621,2024-09-04 21:30:00
769,BTCUSDT,1.9464,2024-09-04 22:00:00
770,BTCUSDT,1.9490,2024-09-04 22:30:00
771,BTCUSDT,1.9691,2024-09-04 23:00:00
772,BTCUSDT,1.9674,2024-09-04 23:30:00
773,BTCUSDT,1.9429,2024-09-05 00:00:00
774,BTCUSDT,2.0012,2024-09-05 00:30:00
775,BTCUSDT,2.0883,2024-09-05 01:00:00
776,BTCUSDT,2.1576,2024-09-05 01:30:00
777,BTCUSDT,2.1776,2024-09-05 02:00:00
778,BTCUSDT,2.2041,2024-09-05 02:30:00
779,BTCUSDT,2.2123,2024-09-05 03:00:00
780,BTCUSDT,2.2478,2024-09-05 03:30:00
781,BTCUSDT,2.3091,2024-09-05 04:00:00
782,BTCUSDT,2.3807,2024-09-05 04:30:00
783,BTCUSDT,2.3557,2024-09-05 05:00:00
784,BTCUSDT,2.3625,2024-09-05 05:30:00
785,BTCUSDT,2.3091,2024-09-05 06:00:00
786,BTCUSDT,2.3025,2024-09-05 06:30:00
787,BTCUSDT,2.3944,2024-09-05 07:00:00
788,BTCUSDT,2.4270,2024-09-05 07:30:00
789,BTCUSDT,2.4855,2024-09-05 08:00:00
790,BTCUSDT,2.5249,2024-09-05 08:30:00
791,BTCUSDT,2.5689,2024-09-05 09:00:00
792,BTCUSDT,2.5689,2024-09-05 09:30:00
793,BTCUSDT,2.6219,2024-09-05 10:00:00
794,BTCUSDT,2.6456,2024-09-05 10:30:00
795,BTCUSDT,2.7836,2024-09-05 11:00:00
796,BTCUSDT,2.7023,2024-09-05 11:30:00
797,BTCUSDT,2.7425,2024-09-05 12:00:00
798,BTCUSDT,2.7707,2024-09-05 12:30:00
799,BTCUSDT,2.9231,2024-09-05 13:00:00
800,BTCUSDT,2.9698,2024-09-05 13:30:00
801,BTCUSDT,2.9463,2024-09-05 14:00:00
802,BTCUSDT,2.9078,2024-09-05 14:30:00
803,BTCUSDT,2.8850,2024-09-05 15:00:00
804,BTCUSDT,2.8314,2024-09-05 15:30:00
805,BTCUSDT,2.7965,2024-09-05 16:00:00
806,BTCUSDT,2.7566,2024-09-05 16:30:00
807,BTCUSDT,2.8081,2024-09-05 17:00:00
808,BTCUSDT,2.8373,2024-09-05 17:30:00
809,BTCUSDT,2.8551,2024-09-05 18:00:00
810,BTCUSDT,2.8835,2024-09-05 18:30:00
811,BTCUSDT,2.8715,2024-09-05 19:00:00
812,BTCUSDT,2.8880,2024-09-05 19:30:00
813,BTCUSDT,2.8880,2024-09-05 20:00:00
814,BTCUSDT,2.8895,2024-09-05 20:30:00
815,BTCUSDT,2.9093,2024-09-05 21:00:00
816,BTCUSDT,2.9746,2024-09-05 21:30:00
817,BTCUSDT,2.9154,2024-09-05 22:00:00
818,BTCUSDT,2.9200,2024-09-05 22:30:00
819,BTCUSDT,2.9526,2024-09-05 23:00:00
820,BTCUSDT,2.9200,2024-09-05 23:30:00
821,BTCUSDT,2.8610,2024-09-06 00:00:00
822,BTCUSDT,2.8168,2024-09-06 00:30:00
823,BTCUSDT,2.7693,2024-09-06 01:00:00
824,BTCUSDT,2.7355,2024-09-06 01:30:00
825,BTCUSDT,2.6738,2024-09-06 02:00:00
826,BTCUSDT,2.6470,2024-09-06 02:30:00
827,BTCUSDT,2.6914,2024-09-06 03:00:00
828,BTCUSDT,2.6792,2024-09-06 03:30:00
829,BTCUSDT,2.6819,2024-09-06 04:00:00
830,BTCUSDT,2.9277,2024-09-06 04:30:00
831,BTCUSDT,3.0177,2024-09-06 05:00:00
832,BTCUSDT,2.9078,2024-09-06 05:30:00
833,BTCUSDT,2.8329,2024-09-06 06:00:00
834,BTCUSDT,2.8270,2024-09-06 06:30:00
835,BTCUSDT,2.8655,2024-09-06 07:00:00
836,BTCUSDT,2.9370,2024-09-06 07:30:00
837,BTCUSDT,2.7893,2024-09-06 08:00:00
838,BTCUSDT,2.7023,2024-09-06 08:30:00
839,BTCUSDT,2.7216,2024-09-06 09:00:00
840,BTCUSDT,2.7736,2024-09-06 09:30:00
841,BTCUSDT,2.6258,2024-09-06 10:00:00
842,BTCUSDT,2.4507,2024-09-06 10:30:00
843,BTCUSDT,2.6140,2024-09-06 11:00:00
844,BTCUSDT,3.0258,2024-09-06 11:30:00
845,BTCUSDT,3.2680,2024-09-06 12:00:00
846,BTCUSDT,3.4092,2024-09-06 12:30:00
847,BTCUSDT,3.5413,2024-09-06 13:00:00
848,BTCUSDT,3.6361,2024-09-06 13:30:00
849,BTCUSDT,3.5475,2024-09-06 14:00:00
850,BTCUSDT,3.7642,2024-09-06 14:30:00
851,BTCUSDT,3.7259,2024-09-06 15:00:00
852,BTCUSDT,3.6860,2024-09-06 15:30:00
853,BTCUSDT,3.5167,2024-09-06 16:00:00
854,BTCUSDT,3.5475,2024-09-06 16:30:00
855,BTCUSDT,3.6168,2024-09-06 17:00:00
856,BTCUSDT,3.6555,2024-09-06 17:30:00
857,BTCUSDT,3.4843,2024-09-06 18:00:00
858,BTCUSDT,3.4504,2024-09-06 18:30:00
859,BTCUSDT,3.5065,2024-09-06 19:00:00
860,BTCUSDT,3.5290,2024-09-06 19:30:00
861,BTCUSDT,3.5045,2024-09-06 20:00:00
862,BTCUSDT,3.5537,2024-09-06 20:30:00
863,BTCUSDT,3.6598,2024-09-06 21:00:00
864,BTCUSDT,3.6512,2024-09-06 21:30:00
865,BTCUSDT,3.6577,2024-09-06 22:00:00
866,BTCUSDT,3.5767,2024-09-06 22:30:00
867,BTCUSDT,3.4823,2024-09-06 23:00:00
868,BTCUSDT,3.5455,2024-09-06 23:30:00
869,BTCUSDT,3.5269,2024-09-07 00:00:00
870,BTCUSDT,3.5249,2024-09-07 00:30:00
871,BTCUSDT,3.5126,2024-09-07 01:00:00
872,BTCUSDT,3.5167,2024-09-07 01:30:00
873,BTCUSDT,3.6041,2024-09-07 02:00:00
874,BTCUSDT,3.6404,2024-09-07 02:30:00
875,BTCUSDT,3.6361,2024-09-07 03:00:00
876,BTCUSDT,3.6083,2024-09-07 03:30:00
877,BTCUSDT,3.6083,2024-09-07 04:00:00
878,BTCUSDT,3.5517,2024-09-07 04:30:00
879,BTCUSDT,3.4783,2024-09-07 05:00:00
880,BTCUSDT,3.4307,2024-09-07 05:30:00
881,BTCUSDT,3.4014,2024-09-07 06:00:00
882,BTCUSDT,3.3497,2024-09-07 06:30:00
883,BTCUSDT,3.3309,2024-09-07 07:00:00
884,BTCUSDT,3.3103,2024-09-07 07:30:00
885,BTCUSDT,3.2882,2024-09-07 08:00:00
886,BTCUSDT,3.2900,2024-09-07 08:30:00
887,BTCUSDT,3.2608,2024-09-07 09:00:00
888,BTCUSDT,3.2463,2024-09-07 09:30:00
889,BTCUSDT,3.3535,2024-09-07 10:00:00
890,BTCUSDT,3.2845,2024-09-07 10:30:00
891,BTCUSDT,3.2248,2024-09-07 11:00:00
892,BTCUSDT,3.1876,2024-09-07 11:30:00
893,BTCUSDT,3.1305,2024-09-07 12:00:00
894,BTCUSDT,3.1494,2024-09-07 12:30:00
895,BTCUSDT,3.1169,2024-09-07 13:00:00
896,BTCUSDT,3.0323,2024-09-07 13:30:00
897,BTCUSDT,2.8835,2024-09-07 14:00:00
898,BTCUSDT,2.7807,2024-09-07 14:30:00
899,BTCUSDT,2.6873,2024-09-07 15:00:00
900,BTCUSDT,2.7722,2024-09-07 15:30:00
901,BTCUSDT,2.8066,2024-09-07 16:00:00
902,BTCUSDT,2.8066,2024-09-07 16:30:00
903,BTCUSDT,2.8388,2024-09-07 17:00:00
904,BTCUSDT,2.7722,2024-09-07 17:30:00
905,BTCUSDT,2.7495,2024-09-07 18:00:00
906,BTCUSDT,2.7481,2024-09-07 18:30:00
907,BTCUSDT,2.7313,2024-09-07 19:00:00
908,BTCUSDT,2.7300,2024-09-07 19:30:00
909,BTCUSDT,2.7355,2024-09-07 20:00:00
910,BTCUSDT,2.7779,2024-09-07 20:30:00
911,BTCUSDT,2.8124,2024-09-07 21:00:00
912,BTCUSDT,2.8052,2024-09-07 21:30:00
913,BTCUSDT,2.8168,2024-09-07 22:00:00
914,BTCUSDT,2.9185,2024-09-07 22:30:00
915,BTCUSDT,2.9200,2024-09-07 23:00:00
916,BTCUSDT,3.0048,2024-09-07 23:30:00
917,BTCUSDT,3.0080,2024-09-08 00:00:00
918,BTCUSDT,2.9714,2024-09-08 00:30:00
919,BTCUSDT,3.0016,2024-09-08 01:00:00
920,BTCUSDT,3.0177,2024-09-08 01:30:00
921,BTCUSDT,3.0486,2024-09-08 02:00:00
922,BTCUSDT,3.0339,2024-09-08 02:30:00
923,BTCUSDT,2.9793,2024-09-08 03:00:00
924,BTCUSDT,2.9698,2024-09-08 03:30:00
925,BTCUSDT,2.9216,2024-09-08 04:00:00
926,BTCUSDT,2.9246,2024-09-08 04:30:00
927,BTCUSDT,2.9386,2024-09-08 05:00:00
928,BTCUSDT,2.9293,2024-09-08 05:30:00
929,BTCUSDT,2.9417,2024-09-08 06:00:00
930,BTCUSDT,2.9761,2024-09-08 06:30:00
931,BTCUSDT,2.9651,2024-09-08 07:00:00
932,BTCUSDT,2.9667,2024-09-08 07:30:00
933,BTCUSDT,2.9324,2024-09-08 08:00:00
934,BTCUSDT,2.9017,2024-09-08 08:30:00
935,BTCUSDT,2.8580,2024-09-08 09:00:00
936,BTCUSDT,2.7936,2024-09-08 09:30:00
937,BTCUSDT,2.7580,2024-09-08 10:00:00
938,BTCUSDT,2.7383,2024-09-08 10:30:00
939,BTCUSDT,2.7439,2024-09-08 11:00:00
940,BTCUSDT,2.6928,2024-09-08 11:30:00
941,BTCUSDT,2.6643,2024-09-08 12:00:00
942,BTCUSDT,2.6284,2024-09-08 12:30:00
943,BTCUSDT,2.6206,2024-09-08 13:00:00
944,BTCUSDT,2.6550,2024-09-08 13:30:00
945,BTCUSDT,2.6805,2024-09-08 14:00:00
946,BTCUSDT,2.7509,2024-09-08 14:30:00
947,BTCUSDT,2.7836,2024-09-08 15:00:00
948,BTCUSDT,2.6523,2024-09-08 15:30:00
949,BTCUSDT,2.6430,2024-09-08 16:00:00
950,BTCUSDT,2.6219,2024-09-08 16:30:00
951,BTCUSDT,2.6036,2024-09-08 17:00:00
952,BTCUSDT,2.5804,2024-09-08 17:30:00
953,BTCUSDT,2.5740,2024-09-08 18:00:00
954,BTCUSDT,2.6403,2024-09-08 18:30:00
955,BTCUSDT,2.6284,2024-09-08 19:00:00
956,BTCUSDT,2.7665,2024-09-08 19:30:00
957,BTCUSDT,2.7750,2024-09-08 20:00:00
958,BTCUSDT,2.7722,2024-09-08 20:30:00
959,BTCUSDT,2.7383,2024-09-08 21:00:00
960,BTCUSDT,2.7397,2024-09-08 21:30:00
961,BTCUSDT,2.6928,2024-09-08 22:00:00
962,BTCUSDT,2.6590,2024-09-08 22:30:00
963,BTCUSDT,2.6206,2024-09-08 23:00:00
964,BTCUSDT,2.6101,2024-09-08 23:30:00
965,BTCUSDT,2.5907,2024-09-09 00:00:00
966,BTCUSDT,2.5373,2024-09-09 00:30:00
967,BTCUSDT,2.4807,2024-09-09 01:00:00
968,BTCUSDT,2.4388,2024-09-09 01:30:00
969,BTCUSDT,2.4376,2024-09-09 02:00:00
970,BTCUSDT,2.4554,2024-09-09 02:30:00
971,BTCUSDT,2.4507,2024-09-09 03:00:00
972,BTCUSDT,2.4447,2024-09-09 03:30:00
973,BTCUSDT,2.4602,2024-09-09 04:00:00
974,BTCUSDT,2.4578,2024-09-09 04:30:00
975,BTCUSDT,2.5051,2024-09-09 05:00:00
976,BTCUSDT,2.4507,2024-09-09 05:30:00
977,BTCUSDT,2.3267,2024-09-09 06:00:00
978,BTCUSDT,2.3212,2024-09-09 06:30:00
979,BTCUSDT,2.2499,2024-09-09 07:00:00
980,BTCUSDT,2.2331,2024-09-09 07:30:00
981,BTCUSDT,2.1867,2024-09-09 08:00:00
982,BTCUSDT,2.1918,2024-09-09 08:30:00
983,BTCUSDT,2.1756,2024-09-09 09:00:00
984,BTCUSDT,2.1726,2024-09-09 09:30:00
985,BTCUSDT,2.2144,2024-09-09 10:00:00
986,BTCUSDT,2.1949,2024-09-09 10:30:00
987,BTCUSDT,2.1646,2024-09-09 11:00:00
988,BTCUSDT,2.1536,2024-09-09 11:30:00
989,BTCUSDT,2.2478,2024-09-09 12:00:00
990,BTCUSDT,2.2227,2024-09-09 12:30:00
991,BTCUSDT,2.1496,2024-09-09 13:00:00
992,BTCUSDT,1.9895,2024-09-09 13:30:00
993,BTCUSDT,1.8827,2024-09-09 14:00:00
994,BTCUSDT,1.7988,2024-09-09 14:30:00
995,BTCUSDT,1.7270,2024-09-09 15:00:00
996,BTCUSDT,1.6954,2024-09-09 15:30:00
997,BTCUSDT,1.6947,2024-09-09 16:00:00
998,BTCUSDT,1.7248,2024-09-09 16:30:00
999,BTCUSDT,1.7360,2024-09-09 17:00:00
1000,BTCUSDT,1.7360,2024-09-09 17:00:00
1001,BTCUSDT,1.6781,2024-09-09 17:30:00
1002,BTCUSDT,1.6688,2024-09-09 18:00:00
1003,BTCUSDT,1.7293,2024-09-09 18:30:00
1004,BTCUSDT,1.7152,2024-09-09 19:00:00
1005,BTCUSDT,1.7071,2024-09-09 19:30:00
1006,BTCUSDT,1.6724,2024-09-09 20:00:00
1007,BTCUSDT,1.6709,2024-09-09 20:30:00
1008,BTCUSDT,1.6302,2024-09-09 21:00:00
1009,BTCUSDT,1.5826,2024-09-09 21:30:00
1010,BTCUSDT,1.6330,2024-09-09 22:00:00
1011,BTCUSDT,1.6076,2024-09-09 22:30:00
1012,BTCUSDT,1.5907,2024-09-09 23:00:00
1013,BTCUSDT,1.5820,2024-09-09 23:30:00
1014,BTCUSDT,1.5860,2024-09-10 00:00:00
1015,BTCUSDT,1.5840,2024-09-10 00:30:00
1016,BTCUSDT,1.5760,2024-09-10 01:00:00
1017,BTCUSDT,1.6137,2024-09-10 01:30:00
1018,BTCUSDT,1.6164,2024-09-10 02:00:00
1019,BTCUSDT,1.6911,2024-09-10 02:30:00
1020,BTCUSDT,1.6874,2024-09-10 03:00:00
1021,BTCUSDT,1.6631,2024-09-10 03:30:00
1022,BTCUSDT,1.6652,2024-09-10 04:00:00
1023,BTCUSDT,1.7144,2024-09-10 04:30:00
1024,BTCUSDT,1.7108,2024-09-10 05:00:00
1025,BTCUSDT,1.6991,2024-09-10 05:30:00
1026,BTCUSDT,1.6427,2024-09-10 06:00:00
1027,BTCUSDT,1.6660,2024-09-10 06:30:00
1028,BTCUSDT,1.6752,2024-09-10 07:00:00
1029,BTCUSDT,1.6652,2024-09-10 07:30:00
1030,BTCUSDT,1.6638,2024-09-10 08:00:00
1031,BTCUSDT,1.6631,2024-09-10 08:30:00
1032,BTCUSDT,1.6667,2024-09-10 09:00:00
1033,BTCUSDT,1.6546,2024-09-10 09:30:00
1034,BTCUSDT,1.6413,2024-09-10 10:00:00
1035,BTCUSDT,1.5867,2024-09-10 10:30:00
1036,BTCUSDT,1.6199,2024-09-10 11:00:00
1037,BTCUSDT,1.6385,2024-09-10 11:30:00
1038,BTCUSDT,1.6309,2024-09-10 12:00:00
1039,BTCUSDT,1.6497,2024-09-10 12:30:00
1040,BTCUSDT,1.6954,2024-09-10 13:00:00
1041,BTCUSDT,1.7248,2024-09-10 13:30:00
1042,BTCUSDT,1.7174,2024-09-10 14:00:00
1043,BTCUSDT,1.6874,2024-09-10 14:30:00
1044,BTCUSDT,1.6802,2024-09-10 15:00:00
1045,BTCUSDT,1.7020,2024-09-10 15:30:00
1046,BTCUSDT,1.6532,2024-09-10 16:00:00
1047,BTCUSDT,1.6631,2024-09-10 16:30:00
1048,BTCUSDT,1.6212,2024-09-10 17:00:00
1049,BTCUSDT,1.6042,2024-09-10 17:30:00
1050,BTCUSDT,1.6076,2024-09-10 18:00:00
1051,BTCUSDT,1.5954,2024-09-10 18:30:00
1052,BTCUSDT,1.5893,2024-09-10 19:00:00
1053,BTCUSDT,1.5820,2024-09-10 19:30:00
1054,BTCUSDT,1.5887,2024-09-10 20:00:00
1055,BTCUSDT,1.5907,2024-09-10 20:30:00
1056,BTCUSDT,1.5753,2024-09-10 21:00:00
1057,BTCUSDT,1.5400,2024-09-10 21:30:00
1058,BTCUSDT,1.5381,2024-09-10 22:00:00
1059,BTCUSDT,1.5323,2024-09-10 22:30:00
1060,BTCUSDT,1.5927,2024-09-10 23:00:00
1061,BTCUSDT,1.6274,2024-09-10 23:30:00
1062,BTCUSDT,1.6371,2024-09-11 00:00:00
1063,BTCUSDT,1.6695,2024-09-11 00:30:00
1064,BTCUSDT,1.6976,2024-09-11 01:00:00
1065,BTCUSDT,1.7556,2024-09-11 01:30:00
1066,BTCUSDT,1.7724,2024-09-11 02:00:00
1067,BTCUSDT,1.7863,2024-09-11 02:30:00
1068,BTCUSDT,1.8281,2024-09-11 03:00:00
1069,BTCUSDT,1.8827,2024-09-11 03:30:00
1070,BTCUSDT,1.8885,2024-09-11 04:00:00
1071,BTCUSDT,1.9180,2024-09-11 04:30:00
1072,BTCUSDT,1.9386,2024-09-11 05:00:00
1073,BTCUSDT,1.9019,2024-09-11 05:30:00
1074,BTCUSDT,1.8760,2024-09-11 06:00:00
1075,BTCUSDT,1.9095,2024-09-11 06:30:00
1076,BTCUSDT,1.9129,2024-09-11 07:00:00
1077,BTCUSDT,1.8927,2024-09-11 07:30:00
1078,BTCUSDT,1.8969,2024-09-11 08:00:00
1079,BTCUSDT,1.9002,2024-09-11 08:30:00
1080,BTCUSDT,1.9265,2024-09-11 09:00:00
1081,BTCUSDT,1.9674,2024-09-11 09:30:00
1082,BTCUSDT,1.9780,2024-09-11 10:00:00
1083,BTCUSDT,1.9542,2024-09-11 10:30:00
1084,BTCUSDT,2.0675,2024-09-11 11:00:00
1085,BTCUSDT,2.2425,2024-09-11 11:30:00
1086,BTCUSDT,2.2808,2024-09-11 12:00:00
1087,BTCUSDT,2.2723,2024-09-11 12:30:00
1088,BTCUSDT,2.0276,2024-09-11 13:00:00
1089,BTCUSDT,1.9904,2024-09-11 13:30:00
1090,BTCUSDT,1.9603,2024-09-11 14:00:00
1091,BTCUSDT,1.8265,2024-09-11 14:30:00
1092,BTCUSDT,1.7285,2024-09-11 15:00:00
1093,BTCUSDT,1.6610,2024-09-11 15:30:00
1094,BTCUSDT,1.5853,2024-09-11 16:00:00
1095,BTCUSDT,1.6028,2024-09-11 16:30:00
1096,BTCUSDT,1.6069,2024-09-11 17:00:00
1097,BTCUSDT,1.6001,2024-09-11 17:30:00
1098,BTCUSDT,1.5887,2024-09-11 18:00:00
1099,BTCUSDT,1.5800,2024-09-11 18:30:00
1100,BTCUSDT,1.5840,2024-09-11 19:00:00
1101,BTCUSDT,1.5800,2024-09-11 19:30:00
1102,BTCUSDT,1.5760,2024-09-11 20:00:00
1103,BTCUSDT,1.5813,2024-09-11 20:30:00
1104,BTCUSDT,1.5767,2024-09-11 21:00:00
1105,BTCUSDT,1.6015,2024-09-11 21:30:00
1106,BTCUSDT,1.5826,2024-09-11 22:00:00
1107,BTCUSDT,1.5767,2024-09-11 22:30:00
1108,BTCUSDT,1.5740,2024-09-11 23:00:00
1109,BTCUSDT,1.5634,2024-09-11 23:30:00
1110,BTCUSDT,1.5523,2024-09-12 00:00:00
1111,BTCUSDT,1.5132,2024-09-12 00:30:00
1112,BTCUSDT,1.4814,2024-09-12 01:00:00
1113,BTCUSDT,1.4734,2024-09-12 01:30:00
1114,BTCUSDT,1.4248,2024-09-12 02:00:00
1115,BTCUSDT,1.4021,2024-09-12 02:30:00
1116,BTCUSDT,1.3987,2024-09-12 03:00:00
1117,BTCUSDT,1.4015,2024-09-12 03:30:00
1118,BTCUSDT,1.4096,2024-09-12 04:00:00
1119,BTCUSDT,1.4319,2024-09-12 04:30:00
1120,BTCUSDT,1.4438,2024-09-12 05:00:00
1121,BTCUSDT,1.4510,2024-09-12 05:30:00
1122,BTCUSDT,1.3987,2024-09-12 06:00:00
1123,BTCUSDT,1.3889,2024-09-12 06:30:00
1124,BTCUSDT,1.3719,2024-09-12 07:00:00
1125,BTCUSDT,1.3753,2024-09-12 07:30:00
1126,BTCUSDT,1.3624,2024-09-12 08:00:00
1127,BTCUSDT,1.4027,2024-09-12 08:30:00
1128,BTCUSDT,1.3987,2024-09-12 09:00:00
